Warning: unexpected tab character in last column, line truncated:
scaffold_10	transdecoder	gene	15330069	15331271	.	+	.	ID=Atsept4^scaffold_10^+;Name="ORF type:complete (+),score=14.43"scaffold_10	transdecoder	mRNA	15330069	15331271	.	+	.	ID=Atsept4.1.p1;Parent=Atsept4^scaffold_10^+;Name="ORF type:complete (+),score=14.43"
Warning: unexpected tab character in last column, line truncated:
scaffold_10	transdecoder	gene	15389764	15397501	.	-	.	ID=Atsept7^scaffold_10^-;Name="ORF type:complete (+),score=146.24"scaffold_10	transdecoder	mRNA	15389764	15397501	.	-	.	ID=Atsept7.1.p1;Parent=Atsept7^scaffold_10^-;Name="ORF type:complete (+),score=146.24"
Warning: unexpected tab character in last column, line truncated:
scaffold_10	transdecoder	gene	19707422	19717272	.	+	.	ID=Atsept35^scaffold_10^+;Name="ORF type:complete (+),score=25.07"scaffold_10	transdecoder	mRNA	19707422	19717272	.	+	.	ID=Atsept35.1.p3;Parent=Atsept35^scaffold_10^+;Name="ORF type:complete (+),score=25.07"
Warning: unexpected tab character in last column, line truncated:
scaffold_10	transdecoder	gene	20757637	20761332	.	+	.	ID=Atsept45^scaffold_10^+;Name="ORF type:complete (+),score=7.54"scaffold_10	transdecoder	mRNA	20757637	20761332	.	+	.	ID=Atsept45.1.p3;Parent=Atsept45^scaffold_10^+;Name="ORF type:complete (+),score=7.54"
Warning: unexpected tab character in last column, line truncated:
scaffold_10	transdecoder	gene	21624574	21645673	.	-	.	ID=Atsept52^scaffold_10^-;Name="ORF type:complete (+),score=22.13"scaffold_10	transdecoder	mRNA	21624574	21645673	.	-	.	ID=Atsept52.1.p2;Parent=Atsept52^scaffold_10^-;Name="ORF type:complete (+),score=22.13"
Warning: unexpected tab character in last column, line truncated:
scaffold_10	transdecoder	gene	22166083	22177110	.	-	.	ID=Atsept56^scaffold_10^-;Name="ORF type:complete (+),score=14.32"scaffold_10	transdecoder	mRNA	22166083	22177110	.	-	.	ID=Atsept56.1.p6;Parent=Atsept56^scaffold_10^-;Name="ORF type:complete (+),score=14.32"
Warning: unexpected tab character in last column, line truncated:
scaffold_10	transdecoder	gene	23577437	23591416	.	+	.	ID=Atsept77^scaffold_10^+;Name="ORF type:5prime_partial (+),score=12.91"scaffold_10	transdecoder	mRNA	23577437	23591416	.	+	.	ID=Atsept77.1.p1;Parent=Atsept77^scaffold_10^+;Name="ORF type:5prime_partial (+),score=12.91"
Warning: unexpected tab character in last column, line truncated:
scaffold_10	transdecoder	gene	23603401	23609092	.	-	.	ID=Atsept79^scaffold_10^-;Name="ORF type:5prime_partial (+),score=7.07"scaffold_10	transdecoder	mRNA	23603401	23609092	.	-	.	ID=Atsept79.1.p3;Parent=Atsept79^scaffold_10^-;Name="ORF type:5prime_partial (+),score=7.07"
Warning: unexpected tab character in last column, line truncated:
scaffold_10	transdecoder	gene	23883395	23895524	.	-	.	ID=Atsept82^scaffold_10^-;Name="ORF type:complete (+),score=62.60"scaffold_10	transdecoder	mRNA	23883395	23895524	.	-	.	ID=Atsept82.1.p1;Parent=Atsept82^scaffold_10^-;Name="ORF type:complete (+),score=62.60"
Warning: unexpected tab character in last column, line truncated:
scaffold_10	transdecoder	gene	24512475	24520923	.	+	.	ID=Atsept83^scaffold_10^+;Name="ORF type:complete (+),score=14.94"scaffold_10	transdecoder	mRNA	24512475	24520923	.	+	.	ID=Atsept83.1.p1;Parent=Atsept83^scaffold_10^+;Name="ORF type:complete (+),score=14.94"
Warning: unexpected tab character in last column, line truncated:
scaffold_10	transdecoder	gene	24957179	25049514	.	-	.	ID=Atsept85^scaffold_10^-;Name="ORF type:complete (+),score=11.99"scaffold_10	transdecoder	mRNA	24957179	25049514	.	-	.	ID=Atsept85.1.p3;Parent=Atsept85^scaffold_10^-;Name="ORF type:complete (+),score=11.99"
Warning: unexpected tab character in last column, line truncated:
scaffold_10	transdecoder	gene	28259742	28288261	.	+	.	ID=Atsept112^scaffold_10^+;Name="ORF type:complete (+),score=16.90"scaffold_10	transdecoder	mRNA	28259742	28288261	.	+	.	ID=Atsept112.1.p2;Parent=Atsept112^scaffold_10^+;Name="ORF type:complete (+),score=16.90"
Warning: unexpected tab character in last column, line truncated:
scaffold_10	transdecoder	gene	28288268	28289194	.	+	.	ID=Atsept113^scaffold_10^+;Name="ORF type:complete (+),score=9.14"scaffold_10	transdecoder	mRNA	28288268	28289194	.	+	.	ID=Atsept113.1.p1;Parent=Atsept113^scaffold_10^+;Name="ORF type:complete (+),score=9.14"
Warning: unexpected tab character in last column, line truncated:
scaffold_10	transdecoder	gene	28678938	28688670	.	+	.	ID=Atsept120^scaffold_10^+;Name="ORF type:complete (+),score=6.12"scaffold_10	transdecoder	mRNA	28678938	28688670	.	+	.	ID=Atsept120.1.p2;Parent=Atsept120^scaffold_10^+;Name="ORF type:complete (+),score=6.12"
Warning: unexpected tab character in last column, line truncated:
scaffold_10	transdecoder	gene	29507620	29512114	.	-	.	ID=Atsept125^scaffold_10^-;Name="ORF type:complete (+),score=7.19"scaffold_10	transdecoder	mRNA	29507620	29512114	.	-	.	ID=Atsept125.1.p1;Parent=Atsept125^scaffold_10^-;Name="ORF type:complete (+),score=7.19"
Warning: unexpected tab character in last column, line truncated:
scaffold_10	transdecoder	gene	30659038	30666448	.	-	.	ID=Atsept135^scaffold_10^-;Name="ORF type:complete (+),score=11.57"scaffold_10	transdecoder	mRNA	30659038	30666448	.	-	.	ID=Atsept135.1.p3;Parent=Atsept135^scaffold_10^-;Name="ORF type:complete (+),score=11.57"
Warning: unexpected tab character in last column, line truncated:
scaffold_10	transdecoder	gene	30789644	30790563	.	+	.	ID=Atsept136^scaffold_10^+;Name="ORF type:complete (+),score=6.75"scaffold_10	transdecoder	mRNA	30789644	30790563	.	+	.	ID=Atsept136.1.p4;Parent=Atsept136^scaffold_10^+;Name="ORF type:complete (+),score=6.75"
Warning: unexpected tab character in last column, line truncated:
scaffold_10	transdecoder	gene	30967390	30976235	.	-	.	ID=Atsept140^scaffold_10^-;Name="ORF type:5prime_partial (+),score=17.59"scaffold_10	transdecoder	mRNA	30967390	30976235	.	-	.	ID=Atsept140.1.p1;Parent=Atsept140^scaffold_10^-;Name="ORF type:5prime_partial (+),score=17.59"
Warning: unexpected tab character in last column, line truncated:
scaffold_10	transdecoder	gene	32387065	32400057	.	-	.	ID=Atsept148^scaffold_10^-;Name="ORF type:complete (+),score=14.27"scaffold_10	transdecoder	mRNA	32387065	32400057	.	-	.	ID=Atsept148.1.p1;Parent=Atsept148^scaffold_10^-;Name="ORF type:complete (+),score=14.27"
Warning: unexpected tab character in last column, line truncated:
scaffold_10	transdecoder	gene	32410014	32658290	.	+	.	ID=Atsept149^scaffold_10^+;Name="ORF type:5prime_partial (+),score=43.55"scaffold_10	transdecoder	mRNA	32410014	32658290	.	+	.	ID=Atsept149.1.p1;Parent=Atsept149^scaffold_10^+;Name="ORF type:5prime_partial (+),score=43.55"
Warning: unexpected tab character in last column, line truncated:
scaffold_10	transdecoder	gene	33117196	33144602	.	+	.	ID=Atsept150^scaffold_10^+;Name="ORF type:complete (+),score=20.21"scaffold_10	transdecoder	mRNA	33117196	33144602	.	+	.	ID=Atsept150.1.p1;Parent=Atsept150^scaffold_10^+;Name="ORF type:complete (+),score=20.21"
Warning: unexpected tab character in last column, line truncated:
scaffold_10	transdecoder	gene	4364508	4365058	.	-	.	ID=Atsept153^scaffold_10^-;Name="ORF type:complete (+),score=16.62"scaffold_10	transdecoder	mRNA	4364508	4365058	.	-	.	ID=Atsept153.1.p1;Parent=Atsept153^scaffold_10^-;Name="ORF type:complete (+),score=16.62"
Warning: unexpected tab character in last column, line truncated:
scaffold_10	transdecoder	gene	35814580	35820546	.	+	.	ID=Atsept158^scaffold_10^+;Name="ORF type:3prime_partial (+),score=13.96"scaffold_10	transdecoder	mRNA	35814580	35820546	.	+	.	ID=Atsept158.1.p1;Parent=Atsept158^scaffold_10^+;Name="ORF type:3prime_partial (+),score=13.96"
Warning: unexpected tab character in last column, line truncated:
scaffold_10	transdecoder	gene	35911837	35921670	.	-	.	ID=Atsept159^scaffold_10^-;Name="ORF type:complete (+),score=12.82"scaffold_10	transdecoder	mRNA	35911837	35921670	.	-	.	ID=Atsept159.1.p5;Parent=Atsept159^scaffold_10^-;Name="ORF type:complete (+),score=12.82"
Warning: unexpected tab character in last column, line truncated:
scaffold_10	transdecoder	gene	36763840	36789718	.	+	.	ID=Atsept163^scaffold_10^+;Name="ORF type:complete (+),score=11.36"scaffold_10	transdecoder	mRNA	36763840	36789718	.	+	.	ID=Atsept163.1.p1;Parent=Atsept163^scaffold_10^+;Name="ORF type:complete (+),score=11.36"
Warning: unexpected tab character in last column, line truncated:
scaffold_10	transdecoder	gene	37501713	37506090	.	+	.	ID=Atsept170^scaffold_10^+;Name="ORF type:complete (+),score=13.13"scaffold_10	transdecoder	mRNA	37501713	37506090	.	+	.	ID=Atsept170.1.p1;Parent=Atsept170^scaffold_10^+;Name="ORF type:complete (+),score=13.13"
Warning: unexpected tab character in last column, line truncated:
scaffold_10	transdecoder	gene	37788582	37806651	.	-	.	ID=Atsept176^scaffold_10^-;Name="ORF type:complete (+),score=19.27"scaffold_10	transdecoder	mRNA	37788582	37806651	.	-	.	ID=Atsept176.1.p1;Parent=Atsept176^scaffold_10^-;Name="ORF type:complete (+),score=19.27"
Warning: unexpected tab character in last column, line truncated:
scaffold_10	transdecoder	gene	39414955	39440366	.	-	.	ID=Atsept195^scaffold_10^-;Name="ORF type:complete (+),score=9.16"scaffold_10	transdecoder	mRNA	39414955	39440366	.	-	.	ID=Atsept195.1.p1;Parent=Atsept195^scaffold_10^-;Name="ORF type:complete (+),score=9.16"
Warning: unexpected tab character in last column, line truncated:
scaffold_10	transdecoder	gene	40279117	40284995	.	-	.	ID=Atsept198^scaffold_10^-;Name="ORF type:complete (+),score=9.75"scaffold_10	transdecoder	mRNA	40279117	40284995	.	-	.	ID=Atsept198.1.p3;Parent=Atsept198^scaffold_10^-;Name="ORF type:complete (+),score=9.75"
Warning: unexpected tab character in last column, line truncated:
scaffold_10	transdecoder	gene	40326696	40329437	.	+	.	ID=Atsept200^scaffold_10^+;Name="ORF type:complete (+),score=12.42"scaffold_10	transdecoder	mRNA	40326696	40329437	.	+	.	ID=Atsept200.1.p1;Parent=Atsept200^scaffold_10^+;Name="ORF type:complete (+),score=12.42"
Warning: unexpected tab character in last column, line truncated:
scaffold_10	transdecoder	gene	40340434	40346120	.	-	.	ID=Atsept201^scaffold_10^-;Name="ORF type:complete (+),score=16.58"scaffold_10	transdecoder	mRNA	40340434	40346120	.	-	.	ID=Atsept201.1.p1;Parent=Atsept201^scaffold_10^-;Name="ORF type:complete (+),score=16.58"
Warning: unexpected tab character in last column, line truncated:
scaffold_10	transdecoder	gene	41123459	41133367	.	-	.	ID=Atsept206^scaffold_10^-;Name="ORF type:complete (+),score=3.77"scaffold_10	transdecoder	mRNA	41123459	41133367	.	-	.	ID=Atsept206.1.p1;Parent=Atsept206^scaffold_10^-;Name="ORF type:complete (+),score=3.77"
Warning: unexpected tab character in last column, line truncated:
scaffold_10	transdecoder	gene	42815621	42818131	.	-	.	ID=Atsept215^scaffold_10^-;Name="ORF type:complete (+),score=10.91"scaffold_10	transdecoder	mRNA	42815621	42818131	.	-	.	ID=Atsept215.1.p2;Parent=Atsept215^scaffold_10^-;Name="ORF type:complete (+),score=10.91"
Warning: unexpected tab character in last column, line truncated:
scaffold_10	transdecoder	gene	42951374	42966845	.	+	.	ID=Atsept216^scaffold_10^+;Name="ORF type:complete (+),score=21.05"scaffold_10	transdecoder	mRNA	42951374	42966845	.	+	.	ID=Atsept216.1.p1;Parent=Atsept216^scaffold_10^+;Name="ORF type:complete (+),score=21.05"
Warning: unexpected tab character in last column, line truncated:
scaffold_10	transdecoder	gene	44043436	44049063	.	+	.	ID=Atsept217^scaffold_10^+;Name="ORF type:complete (+),score=13.77"scaffold_10	transdecoder	mRNA	44043436	44049063	.	+	.	ID=Atsept217.1.p1;Parent=Atsept217^scaffold_10^+;Name="ORF type:complete (+),score=13.77"
Warning: unexpected tab character in last column, line truncated:
scaffold_10	transdecoder	gene	853612	863143	.	-	.	ID=Atsept219^scaffold_10^-;Name="ORF type:complete (+),score=15.57"scaffold_10	transdecoder	mRNA	853612	863143	.	-	.	ID=Atsept219.1.p1;Parent=Atsept219^scaffold_10^-;Name="ORF type:complete (+),score=15.57"
Warning: unexpected tab character in last column, line truncated:
scaffold_10	transdecoder	gene	44130970	44134500	.	-	.	ID=Atsept221^scaffold_10^-;Name="ORF type:complete (+),score=18.08"scaffold_10	transdecoder	mRNA	44130970	44134500	.	-	.	ID=Atsept221.1.p1;Parent=Atsept221^scaffold_10^-;Name="ORF type:complete (+),score=18.08"
Warning: unexpected tab character in last column, line truncated:
scaffold_10	transdecoder	gene	44234376	44237373	.	+	.	ID=Atsept222^scaffold_10^+;Name="ORF type:complete (+),score=13.95"scaffold_10	transdecoder	mRNA	44234376	44237373	.	+	.	ID=Atsept222.1.p1;Parent=Atsept222^scaffold_10^+;Name="ORF type:complete (+),score=13.95"
Warning: unexpected tab character in last column, line truncated:
scaffold_10	transdecoder	gene	5405049	5406913	.	-	.	ID=Atsept230^scaffold_10^-;Name="ORF type:complete (+),score=21.11"scaffold_10	transdecoder	mRNA	5405049	5406913	.	-	.	ID=Atsept230.1.p1;Parent=Atsept230^scaffold_10^-;Name="ORF type:complete (+),score=21.11"
Warning: unexpected tab character in last column, line truncated:
scaffold_10	transdecoder	gene	45160573	45161332	.	-	.	ID=Atsept232^scaffold_10^-;Name="ORF type:complete (+),score=20.57"scaffold_10	transdecoder	mRNA	45160573	45161332	.	-	.	ID=Atsept232.1.p1;Parent=Atsept232^scaffold_10^-;Name="ORF type:complete (+),score=20.57"
Warning: unexpected tab character in last column, line truncated:
scaffold_10	transdecoder	gene	45702631	45710963	.	+	.	ID=Atsept240^scaffold_10^+;Name="ORF type:5prime_partial (+),score=10.42"scaffold_10	transdecoder	mRNA	45702631	45710963	.	+	.	ID=Atsept240.1.p2;Parent=Atsept240^scaffold_10^+;Name="ORF type:5prime_partial (+),score=10.42"
Warning: unexpected tab character in last column, line truncated:
scaffold_10	transdecoder	gene	46061717	46064939	.	+	.	ID=Atsept257^scaffold_10^+;Name="ORF type:complete (+),score=30.28"scaffold_10	transdecoder	mRNA	46061717	46064939	.	+	.	ID=Atsept257.1.p2;Parent=Atsept257^scaffold_10^+;Name="ORF type:complete (+),score=30.28"
Warning: unexpected tab character in last column, line truncated:
scaffold_10	transdecoder	gene	46709409	46712936	.	-	.	ID=Atsept266^scaffold_10^-;Name="ORF type:complete (+),score=15.53"scaffold_10	transdecoder	mRNA	46709409	46712936	.	-	.	ID=Atsept266.1.p1;Parent=Atsept266^scaffold_10^-;Name="ORF type:complete (+),score=15.53"
Warning: unexpected tab character in last column, line truncated:
scaffold_10	transdecoder	gene	46799694	46805409	.	-	.	ID=Atsept267^scaffold_10^-;Name="ORF type:complete (+),score=17.88"scaffold_10	transdecoder	mRNA	46799694	46805409	.	-	.	ID=Atsept267.1.p1;Parent=Atsept267^scaffold_10^-;Name="ORF type:complete (+),score=17.88"
Warning: unexpected tab character in last column, line truncated:
scaffold_10	transdecoder	gene	47831590	47839688	.	+	.	ID=Atsept283^scaffold_10^+;Name="ORF type:5prime_partial (+),score=43.77"scaffold_10	transdecoder	mRNA	47831590	47839688	.	+	.	ID=Atsept283.1.p1;Parent=Atsept283^scaffold_10^+;Name="ORF type:5prime_partial (+),score=43.77"
Warning: unexpected tab character in last column, line truncated:
scaffold_10	transdecoder	gene	6009049	6014070	.	-	.	ID=Atsept297^scaffold_10^-;Name="ORF type:complete (+),score=17.96"scaffold_10	transdecoder	mRNA	6009049	6014070	.	-	.	ID=Atsept297.1.p4;Parent=Atsept297^scaffold_10^-;Name="ORF type:complete (+),score=17.96"
Warning: unexpected tab character in last column, line truncated:
scaffold_10	transdecoder	gene	48462915	48467086	.	-	.	ID=Atsept299^scaffold_10^-;Name="ORF type:complete (+),score=32.17"scaffold_10	transdecoder	mRNA	48462915	48467086	.	-	.	ID=Atsept299.1.p1;Parent=Atsept299^scaffold_10^-;Name="ORF type:complete (+),score=32.17"
Warning: unexpected tab character in last column, line truncated:
scaffold_10	transdecoder	gene	48510895	48511682	.	-	.	ID=Atsept301^scaffold_10^-;Name="ORF type:3prime_partial (-),score=10.35"scaffold_10	transdecoder	mRNA	48510895	48511682	.	-	.	ID=Atsept301.1.p2;Parent=Atsept301^scaffold_10^-;Name="ORF type:3prime_partial (-),score=10.35"
Warning: unexpected tab character in last column, line truncated:
scaffold_10	transdecoder	gene	50631032	50632154	.	-	.	ID=Atsept326^scaffold_10^-;Name="ORF type:complete (+),score=6.69"scaffold_10	transdecoder	mRNA	50631032	50632154	.	-	.	ID=Atsept326.1.p1;Parent=Atsept326^scaffold_10^-;Name="ORF type:complete (+),score=6.69"
Warning: unexpected tab character in last column, line truncated:
scaffold_10	transdecoder	gene	6073156	6077242	.	-	.	ID=Atsept330^scaffold_10^-;Name="ORF type:complete (+),score=11.16"scaffold_10	transdecoder	mRNA	6073156	6077242	.	-	.	ID=Atsept330.1.p2;Parent=Atsept330^scaffold_10^-;Name="ORF type:complete (+),score=11.16"
Warning: unexpected tab character in last column, line truncated:
scaffold_10	transdecoder	gene	1475587	1640282	.	+	.	ID=Atsept331^scaffold_10^+;Name="ORF type:complete (+),score=7.93"scaffold_10	transdecoder	mRNA	1475587	1640282	.	+	.	ID=Atsept331.1.p1;Parent=Atsept331^scaffold_10^+;Name="ORF type:complete (+),score=7.93"
Warning: unexpected tab character in last column, line truncated:
scaffold_10	transdecoder	gene	51355613	51358894	.	-	.	ID=Atsept333^scaffold_10^-;Name="ORF type:complete (+),score=8.81"scaffold_10	transdecoder	mRNA	51355613	51358894	.	-	.	ID=Atsept333.1.p1;Parent=Atsept333^scaffold_10^-;Name="ORF type:complete (+),score=8.81"
Warning: unexpected tab character in last column, line truncated:
scaffold_10	transdecoder	gene	52455380	52466385	.	-	.	ID=Atsept349^scaffold_10^-;Name="ORF type:complete (+),score=18.32"scaffold_10	transdecoder	mRNA	52455380	52466385	.	-	.	ID=Atsept349.1.p2;Parent=Atsept349^scaffold_10^-;Name="ORF type:complete (+),score=18.32"
Warning: unexpected tab character in last column, line truncated:
scaffold_10	transdecoder	gene	52482816	52498556	.	+	.	ID=Atsept350^scaffold_10^+;Name="ORF type:5prime_partial (+),score=11.20"scaffold_10	transdecoder	mRNA	52482816	52498556	.	+	.	ID=Atsept350.1.p3;Parent=Atsept350^scaffold_10^+;Name="ORF type:5prime_partial (+),score=11.20"
Warning: unexpected tab character in last column, line truncated:
scaffold_10	transdecoder	gene	53061185	53065085	.	-	.	ID=Atsept355^scaffold_10^-;Name="ORF type:complete (+),score=7.85"scaffold_10	transdecoder	mRNA	53061185	53065085	.	-	.	ID=Atsept355.1.p1;Parent=Atsept355^scaffold_10^-;Name="ORF type:complete (+),score=7.85"
Warning: unexpected tab character in last column, line truncated:
scaffold_10	transdecoder	gene	53628328	53690513	.	-	.	ID=Atsept359^scaffold_10^-;Name="ORF type:complete (+),score=37.41"scaffold_10	transdecoder	mRNA	53628328	53690513	.	-	.	ID=Atsept359.1.p2;Parent=Atsept359^scaffold_10^-;Name="ORF type:complete (+),score=37.41"
Warning: unexpected tab character in last column, line truncated:
scaffold_10	transdecoder	gene	55874360	55883925	.	-	.	ID=Atsept377^scaffold_10^-;Name="ORF type:complete (+),score=20.50"scaffold_10	transdecoder	mRNA	55874360	55883925	.	-	.	ID=Atsept377.1.p2;Parent=Atsept377^scaffold_10^-;Name="ORF type:complete (+),score=20.50"
Warning: unexpected tab character in last column, line truncated:
scaffold_10	transdecoder	gene	55943868	55953706	.	-	.	ID=Atsept379^scaffold_10^-;Name="ORF type:complete (+),score=16.65"scaffold_10	transdecoder	mRNA	55943868	55953706	.	-	.	ID=Atsept379.1.p1;Parent=Atsept379^scaffold_10^-;Name="ORF type:complete (+),score=16.65"
Warning: unexpected tab character in last column, line truncated:
scaffold_10	transdecoder	gene	56201971	56210282	.	+	.	ID=Atsept386^scaffold_10^+;Name="ORF type:complete (+),score=16.52"scaffold_10	transdecoder	mRNA	56201971	56210282	.	+	.	ID=Atsept386.1.p2;Parent=Atsept386^scaffold_10^+;Name="ORF type:complete (+),score=16.52"
Warning: unexpected tab character in last column, line truncated:
scaffold_10	transdecoder	gene	56253864	56306761	.	-	.	ID=Atsept393^scaffold_10^-;Name="ORF type:complete (+),score=56.04"scaffold_10	transdecoder	mRNA	56253864	56306761	.	-	.	ID=Atsept393.1.p2;Parent=Atsept393^scaffold_10^-;Name="ORF type:complete (+),score=56.04"
Warning: unexpected tab character in last column, line truncated:
scaffold_10	transdecoder	gene	56490475	56493054	.	+	.	ID=Atsept397^scaffold_10^+;Name="ORF type:complete (+),score=23.67"scaffold_10	transdecoder	mRNA	56490475	56493054	.	+	.	ID=Atsept397.1.p1;Parent=Atsept397^scaffold_10^+;Name="ORF type:complete (+),score=23.67"
Warning: unexpected tab character in last column, line truncated:
scaffold_10	transdecoder	gene	57030391	57035573	.	+	.	ID=Atsept400^scaffold_10^+;Name="ORF type:complete (+),score=13.32"scaffold_10	transdecoder	mRNA	57030391	57035573	.	+	.	ID=Atsept400.1.p3;Parent=Atsept400^scaffold_10^+;Name="ORF type:complete (+),score=13.32"
Warning: unexpected tab character in last column, line truncated:
scaffold_10	transdecoder	gene	57048732	57049255	.	+	.	ID=Atsept402^scaffold_10^+;Name="ORF type:complete (+),score=10.06"scaffold_10	transdecoder	mRNA	57048732	57049255	.	+	.	ID=Atsept402.1.p4;Parent=Atsept402^scaffold_10^+;Name="ORF type:complete (+),score=10.06"
Warning: unexpected tab character in last column, line truncated:
scaffold_10	transdecoder	gene	59758066	59774247	.	-	.	ID=Atsept420^scaffold_10^-;Name="ORF type:complete (+),score=4.23"scaffold_10	transdecoder	mRNA	59758066	59774247	.	-	.	ID=Atsept420.1.p2;Parent=Atsept420^scaffold_10^-;Name="ORF type:complete (+),score=4.23"
Warning: unexpected tab character in last column, line truncated:
scaffold_10	transdecoder	gene	59978329	59984442	.	+	.	ID=Atsept425^scaffold_10^+;Name="ORF type:3prime_partial (+),score=10.15"scaffold_10	transdecoder	mRNA	59978329	59984442	.	+	.	ID=Atsept425.1.p1;Parent=Atsept425^scaffold_10^+;Name="ORF type:3prime_partial (+),score=10.15"
Warning: unexpected tab character in last column, line truncated:
scaffold_10	transdecoder	gene	60824110	60829275	.	+	.	ID=Atsept437^scaffold_10^+;Name="ORF type:complete (+),score=9.58"scaffold_10	transdecoder	mRNA	60824110	60829275	.	+	.	ID=Atsept437.1.p1;Parent=Atsept437^scaffold_10^+;Name="ORF type:complete (+),score=9.58"
Warning: unexpected tab character in last column, line truncated:
scaffold_10	transdecoder	gene	61573219	61575573	.	-	.	ID=Atsept446^scaffold_10^-;Name="ORF type:complete (+),score=22.30"scaffold_10	transdecoder	mRNA	61573219	61575573	.	-	.	ID=Atsept446.1.p1;Parent=Atsept446^scaffold_10^-;Name="ORF type:complete (+),score=22.30"
Warning: unexpected tab character in last column, line truncated:
scaffold_10	transdecoder	gene	64468035	64478765	.	-	.	ID=Atsept484^scaffold_10^-;Name="ORF type:complete (+),score=15.86"scaffold_10	transdecoder	mRNA	64468035	64478765	.	-	.	ID=Atsept484.1.p2;Parent=Atsept484^scaffold_10^-;Name="ORF type:complete (+),score=15.86"
Warning: unexpected tab character in last column, line truncated:
scaffold_10	transdecoder	gene	64497000	64499885	.	-	.	ID=Atsept485^scaffold_10^-;Name="ORF type:complete (+),score=11.30"scaffold_10	transdecoder	mRNA	64497000	64499885	.	-	.	ID=Atsept485.1.p1;Parent=Atsept485^scaffold_10^-;Name="ORF type:complete (+),score=11.30"
Warning: unexpected tab character in last column, line truncated:
scaffold_10	transdecoder	gene	65830792	65833683	.	-	.	ID=Atsept499^scaffold_10^-;Name="ORF type:complete (+),score=4.85"scaffold_10	transdecoder	mRNA	65830792	65833683	.	-	.	ID=Atsept499.1.p2;Parent=Atsept499^scaffold_10^-;Name="ORF type:complete (+),score=4.85"
Warning: unexpected tab character in last column, line truncated:
scaffold_10	transdecoder	gene	66846414	66856637	.	-	.	ID=Atsept505^scaffold_10^-;Name="ORF type:3prime_partial (+),score=65.72"scaffold_10	transdecoder	mRNA	66846414	66856637	.	-	.	ID=Atsept505.1.p1;Parent=Atsept505^scaffold_10^-;Name="ORF type:3prime_partial (+),score=65.72"
Warning: unexpected tab character in last column, line truncated:
scaffold_10	transdecoder	gene	68201065	68212830	.	-	.	ID=Atsept514^scaffold_10^-;Name="ORF type:complete (+),score=18.57"scaffold_10	transdecoder	mRNA	68201065	68212830	.	-	.	ID=Atsept514.1.p1;Parent=Atsept514^scaffold_10^-;Name="ORF type:complete (+),score=18.57"
Warning: unexpected tab character in last column, line truncated:
scaffold_10	transdecoder	gene	70261371	70268971	.	-	.	ID=Atsept530^scaffold_10^-;Name="ORF type:complete (+),score=5.88"scaffold_10	transdecoder	mRNA	70261371	70268971	.	-	.	ID=Atsept530.1.p1;Parent=Atsept530^scaffold_10^-;Name="ORF type:complete (+),score=5.88"
Warning: unexpected tab character in last column, line truncated:
scaffold_10	transdecoder	gene	71848083	71860900	.	+	.	ID=Atsept542^scaffold_10^+;Name="ORF type:complete (+),score=30.14"scaffold_10	transdecoder	mRNA	71848083	71860900	.	+	.	ID=Atsept542.1.p1;Parent=Atsept542^scaffold_10^+;Name="ORF type:complete (+),score=30.14"
Warning: unexpected tab character in last column, line truncated:
scaffold_10	transdecoder	gene	72034354	72051067	.	-	.	ID=Atsept551^scaffold_10^-;Name="ORF type:complete (+),score=21.97"scaffold_10	transdecoder	mRNA	72034354	72051067	.	-	.	ID=Atsept551.1.p1;Parent=Atsept551^scaffold_10^-;Name="ORF type:complete (+),score=21.97"
Warning: unexpected tab character in last column, line truncated:
scaffold_10	transdecoder	gene	73387038	73387841	.	+	.	ID=Atsept566^scaffold_10^+;Name="ORF type:complete (+),score=18.52"scaffold_10	transdecoder	mRNA	73387038	73387841	.	+	.	ID=Atsept566.1.p3;Parent=Atsept566^scaffold_10^+;Name="ORF type:complete (+),score=18.52"
Warning: unexpected tab character in last column, line truncated:
scaffold_10	transdecoder	gene	75532615	75543247	.	+	.	ID=Atsept573^scaffold_10^+;Name="ORF type:complete (+),score=21.55"scaffold_10	transdecoder	mRNA	75532615	75543247	.	+	.	ID=Atsept573.1.p3;Parent=Atsept573^scaffold_10^+;Name="ORF type:complete (+),score=21.55"
Warning: unexpected tab character in last column, line truncated:
scaffold_10	transdecoder	gene	75914113	75941610	.	-	.	ID=Atsept574^scaffold_10^-;Name="ORF type:complete (+),score=16.69"scaffold_10	transdecoder	mRNA	75914113	75941610	.	-	.	ID=Atsept574.1.p2;Parent=Atsept574^scaffold_10^-;Name="ORF type:complete (+),score=16.69"
Warning: unexpected tab character in last column, line truncated:
scaffold_10	transdecoder	gene	76549765	76555914	.	-	.	ID=Atsept575^scaffold_10^-;Name="ORF type:complete (+),score=41.67"scaffold_10	transdecoder	mRNA	76549765	76555914	.	-	.	ID=Atsept575.1.p1;Parent=Atsept575^scaffold_10^-;Name="ORF type:complete (+),score=41.67"
Warning: unexpected tab character in last column, line truncated:
scaffold_10	transdecoder	gene	76648254	76649829	.	-	.	ID=Atsept576^scaffold_10^-;Name="ORF type:complete (+),score=17.38"scaffold_10	transdecoder	mRNA	76648254	76649829	.	-	.	ID=Atsept576.1.p2;Parent=Atsept576^scaffold_10^-;Name="ORF type:complete (+),score=17.38"
Warning: unexpected tab character in last column, line truncated:
scaffold_10	transdecoder	gene	77550038	77550635	.	-	.	ID=Atsept578^scaffold_10^-;Name="ORF type:complete (+),score=28.35"scaffold_10	transdecoder	mRNA	77550038	77550635	.	-	.	ID=Atsept578.1.p1;Parent=Atsept578^scaffold_10^-;Name="ORF type:complete (+),score=28.35"
Warning: unexpected tab character in last column, line truncated:
scaffold_10	transdecoder	gene	78375803	78379168	.	-	.	ID=Atsept588^scaffold_10^-;Name="ORF type:complete (+),score=34.69"scaffold_10	transdecoder	mRNA	78375803	78379168	.	-	.	ID=Atsept588.1.p2;Parent=Atsept588^scaffold_10^-;Name="ORF type:complete (+),score=34.69"
Warning: unexpected tab character in last column, line truncated:
scaffold_10	transdecoder	gene	78880805	78897413	.	-	.	ID=Atsept598^scaffold_10^-;Name="ORF type:complete (+),score=42.42"scaffold_10	transdecoder	mRNA	78880805	78897413	.	-	.	ID=Atsept598.1.p2;Parent=Atsept598^scaffold_10^-;Name="ORF type:complete (+),score=42.42"
Warning: unexpected tab character in last column, line truncated:
scaffold_10	transdecoder	gene	80147144	80156341	.	+	.	ID=Atsept609^scaffold_10^+;Name="ORF type:complete (+),score=24.20"scaffold_10	transdecoder	mRNA	80147144	80156341	.	+	.	ID=Atsept609.1.p1;Parent=Atsept609^scaffold_10^+;Name="ORF type:complete (+),score=24.20"
Warning: unexpected tab character in last column, line truncated:
scaffold_10	transdecoder	gene	80197003	80206224	.	+	.	ID=Atsept610^scaffold_10^+;Name="ORF type:complete (+),score=15.92"scaffold_10	transdecoder	mRNA	80197003	80206224	.	+	.	ID=Atsept610.1.p5;Parent=Atsept610^scaffold_10^+;Name="ORF type:complete (+),score=15.92"
Warning: unexpected tab character in last column, line truncated:
scaffold_10	transdecoder	gene	80182724	80186896	.	-	.	ID=Atsept613^scaffold_10^-;Name="ORF type:complete (+),score=1.21"scaffold_10	transdecoder	mRNA	80182724	80186896	.	-	.	ID=Atsept613.1.p18;Parent=Atsept613^scaffold_10^-;Name="ORF type:complete (+),score=1.21"
Warning: unexpected tab character in last column, line truncated:
scaffold_10	transdecoder	gene	80218321	80219121	.	-	.	ID=Atsept614^scaffold_10^-;Name="ORF type:5prime_partial (+),score=8.94"scaffold_10	transdecoder	mRNA	80218321	80219121	.	-	.	ID=Atsept614.1.p2;Parent=Atsept614^scaffold_10^-;Name="ORF type:5prime_partial (+),score=8.94"
Warning: unexpected tab character in last column, line truncated:
scaffold_10	transdecoder	gene	80541546	80550443	.	-	.	ID=Atsept616^scaffold_10^-;Name="ORF type:5prime_partial (+),score=54.07"scaffold_10	transdecoder	mRNA	80541546	80550443	.	-	.	ID=Atsept616.1.p1;Parent=Atsept616^scaffold_10^-;Name="ORF type:5prime_partial (+),score=54.07"
Warning: unexpected tab character in last column, line truncated:
scaffold_10	transdecoder	gene	80579932	80586780	.	-	.	ID=Atsept617^scaffold_10^-;Name="ORF type:complete (+),score=24.38"scaffold_10	transdecoder	mRNA	80579932	80586780	.	-	.	ID=Atsept617.1.p1;Parent=Atsept617^scaffold_10^-;Name="ORF type:complete (+),score=24.38"
Warning: unexpected tab character in last column, line truncated:
scaffold_10	transdecoder	gene	80607576	80624165	.	+	.	ID=Atsept618^scaffold_10^+;Name="ORF type:complete (+),score=5.24"scaffold_10	transdecoder	mRNA	80607576	80624165	.	+	.	ID=Atsept618.1.p8;Parent=Atsept618^scaffold_10^+;Name="ORF type:complete (+),score=5.24"
Warning: unexpected tab character in last column, line truncated:
scaffold_10	transdecoder	gene	80832399	80839978	.	-	.	ID=Atsept628^scaffold_10^-;Name="ORF type:complete (+),score=95.21"scaffold_10	transdecoder	mRNA	80832399	80839978	.	-	.	ID=Atsept628.1.p2;Parent=Atsept628^scaffold_10^-;Name="ORF type:complete (+),score=95.21"
Warning: unexpected tab character in last column, line truncated:
scaffold_10	transdecoder	gene	80856297	80859353	.	+	.	ID=Atsept629^scaffold_10^+;Name="ORF type:complete (+),score=11.69"scaffold_10	transdecoder	mRNA	80856297	80859353	.	+	.	ID=Atsept629.1.p6;Parent=Atsept629^scaffold_10^+;Name="ORF type:complete (+),score=11.69"
Warning: unexpected tab character in last column, line truncated:
scaffold_10	transdecoder	gene	80852931	80856222	.	-	.	ID=Atsept631^scaffold_10^-;Name="ORF type:complete (+),score=15.01"scaffold_10	transdecoder	mRNA	80852931	80856222	.	-	.	ID=Atsept631.1.p12;Parent=Atsept631^scaffold_10^-;Name="ORF type:complete (+),score=15.01"
Warning: unexpected tab character in last column, line truncated:
scaffold_10	transdecoder	gene	81272991	81274824	.	+	.	ID=Atsept643^scaffold_10^+;Name="ORF type:5prime_partial (+),score=27.07"scaffold_10	transdecoder	mRNA	81272991	81274824	.	+	.	ID=Atsept643.1.p2;Parent=Atsept643^scaffold_10^+;Name="ORF type:5prime_partial (+),score=27.07"
Warning: unexpected tab character in last column, line truncated:
scaffold_10	transdecoder	gene	81341862	81344273	.	+	.	ID=Atsept647^scaffold_10^+;Name="ORF type:5prime_partial (+),score=26.92"scaffold_10	transdecoder	mRNA	81341862	81344273	.	+	.	ID=Atsept647.1.p2;Parent=Atsept647^scaffold_10^+;Name="ORF type:5prime_partial (+),score=26.92"
Warning: unexpected tab character in last column, line truncated:
scaffold_10	transdecoder	gene	81450279	81456611	.	+	.	ID=Atsept653^scaffold_10^+;Name="ORF type:5prime_partial (+),score=41.72"scaffold_10	transdecoder	mRNA	81450279	81456611	.	+	.	ID=Atsept653.1.p2;Parent=Atsept653^scaffold_10^+;Name="ORF type:5prime_partial (+),score=41.72"
Warning: unexpected tab character in last column, line truncated:
scaffold_10	transdecoder	gene	81477442	81482238	.	+	.	ID=Atsept655^scaffold_10^+;Name="ORF type:complete (+),score=62.55"scaffold_10	transdecoder	mRNA	81477442	81482238	.	+	.	ID=Atsept655.1.p2;Parent=Atsept655^scaffold_10^+;Name="ORF type:complete (+),score=62.55"
Warning: unexpected tab character in last column, line truncated:
scaffold_10	transdecoder	gene	81482159	81489780	.	-	.	ID=Atsept658^scaffold_10^-;Name="ORF type:complete (+),score=14.74"scaffold_10	transdecoder	mRNA	81482159	81489780	.	-	.	ID=Atsept658.1.p5;Parent=Atsept658^scaffold_10^-;Name="ORF type:complete (+),score=14.74"
Warning: unexpected tab character in last column, line truncated:
scaffold_10	transdecoder	gene	81489790	81490154	.	-	.	ID=Atsept659^scaffold_10^-;Name="ORF type:complete (+),score=9.38"scaffold_10	transdecoder	mRNA	81489790	81490154	.	-	.	ID=Atsept659.1.p1;Parent=Atsept659^scaffold_10^-;Name="ORF type:complete (+),score=9.38"
Warning: unexpected tab character in last column, line truncated:
scaffold_10	transdecoder	gene	81490168	81499321	.	-	.	ID=Atsept660^scaffold_10^-;Name="ORF type:complete (+),score=18.45"scaffold_10	transdecoder	mRNA	81490168	81499321	.	-	.	ID=Atsept660.1.p1;Parent=Atsept660^scaffold_10^-;Name="ORF type:complete (+),score=18.45"
Warning: unexpected tab character in last column, line truncated:
scaffold_10	transdecoder	gene	81522067	81525155	.	-	.	ID=Atsept663^scaffold_10^-;Name="ORF type:5prime_partial (+),score=12.19"scaffold_10	transdecoder	mRNA	81522067	81525155	.	-	.	ID=Atsept663.1.p2;Parent=Atsept663^scaffold_10^-;Name="ORF type:5prime_partial (+),score=12.19"
Warning: unexpected tab character in last column, line truncated:
scaffold_10	transdecoder	gene	81658674	81663977	.	-	.	ID=Atsept667^scaffold_10^-;Name="ORF type:complete (+),score=37.86"scaffold_10	transdecoder	mRNA	81658674	81663977	.	-	.	ID=Atsept667.1.p1;Parent=Atsept667^scaffold_10^-;Name="ORF type:complete (+),score=37.86"
Warning: unexpected tab character in last column, line truncated:
scaffold_10	transdecoder	gene	11183103	11228017	.	-	.	ID=Atsept678^scaffold_10^-;Name="ORF type:complete (+),score=15.83"scaffold_10	transdecoder	mRNA	11183103	11228017	.	-	.	ID=Atsept678.1.p1;Parent=Atsept678^scaffold_10^-;Name="ORF type:complete (+),score=15.83"
Warning: unexpected tab character in last column, line truncated:
scaffold_10	transdecoder	gene	12040935	12046470	.	+	.	ID=Atsept684^scaffold_10^+;Name="ORF type:complete (+),score=3.69"scaffold_10	transdecoder	mRNA	12040935	12046470	.	+	.	ID=Atsept684.1.p1;Parent=Atsept684^scaffold_10^+;Name="ORF type:complete (+),score=3.69"
Warning: unexpected tab character in last column, line truncated:
scaffold_10	transdecoder	gene	12323559	12331280	.	-	.	ID=Atsept685^scaffold_10^-;Name="ORF type:complete (+),score=6.13"scaffold_10	transdecoder	mRNA	12323559	12331280	.	-	.	ID=Atsept685.1.p1;Parent=Atsept685^scaffold_10^-;Name="ORF type:complete (+),score=6.13"
Warning: unexpected tab character in last column, line truncated:
scaffold_11	transdecoder	gene	3478369	3502268	.	-	.	ID=Atsept715^scaffold_11^-;Name="ORF type:complete (+),score=73.30"scaffold_11	transdecoder	mRNA	3478369	3502268	.	-	.	ID=Atsept715.1.p1;Parent=Atsept715^scaffold_11^-;Name="ORF type:complete (+),score=73.30"
Warning: unexpected tab character in last column, line truncated:
scaffold_11	transdecoder	gene	3743079	3745513	.	-	.	ID=Atsept719^scaffold_11^-;Name="ORF type:complete (+),score=18.03"scaffold_11	transdecoder	mRNA	3743079	3745513	.	-	.	ID=Atsept719.1.p1;Parent=Atsept719^scaffold_11^-;Name="ORF type:complete (+),score=18.03"
Warning: unexpected tab character in last column, line truncated:
scaffold_11	transdecoder	gene	6578261	6592873	.	+	.	ID=Atsept757^scaffold_11^+;Name="ORF type:complete (+),score=3.91"scaffold_11	transdecoder	mRNA	6578261	6592873	.	+	.	ID=Atsept757.1.p2;Parent=Atsept757^scaffold_11^+;Name="ORF type:complete (+),score=3.91"
Warning: unexpected tab character in last column, line truncated:
scaffold_11	transdecoder	gene	375427	378842	.	-	.	ID=Atsept764^scaffold_11^-;Name="ORF type:5prime_partial (+),score=27.70"scaffold_11	transdecoder	mRNA	375427	378842	.	-	.	ID=Atsept764.1.p2;Parent=Atsept764^scaffold_11^-;Name="ORF type:5prime_partial (+),score=27.70"
Warning: unexpected tab character in last column, line truncated:
scaffold_11	transdecoder	gene	7274145	7276866	.	+	.	ID=Atsept770^scaffold_11^+;Name="ORF type:5prime_partial (-),score=8.98"scaffold_11	transdecoder	mRNA	7274145	7276866	.	+	.	ID=Atsept770.1.p4;Parent=Atsept770^scaffold_11^+;Name="ORF type:5prime_partial (-),score=8.98"
Warning: unexpected tab character in last column, line truncated:
scaffold_11	transdecoder	gene	7274145	7276866	.	-	.	ID=Atsept770^scaffold_11^-;Name="ORF type:complete (+),score=208.28"scaffold_11	transdecoder	mRNA	7274145	7276866	.	-	.	ID=Atsept770.1.p1;Parent=Atsept770^scaffold_11^-;Name="ORF type:complete (+),score=208.28"
Warning: unexpected tab character in last column, line truncated:
scaffold_11	transdecoder	gene	7276989	7278481	.	-	.	ID=Atsept772^scaffold_11^-;Name="ORF type:complete (+),score=14.28"scaffold_11	transdecoder	mRNA	7276989	7278481	.	-	.	ID=Atsept772.1.p2;Parent=Atsept772^scaffold_11^-;Name="ORF type:complete (+),score=14.28"
Warning: unexpected tab character in last column, line truncated:
scaffold_11	transdecoder	gene	7507682	7602142	.	-	.	ID=Atsept775^scaffold_11^-;Name="ORF type:complete (+),score=11.45"scaffold_11	transdecoder	mRNA	7507682	7602142	.	-	.	ID=Atsept775.1.p26;Parent=Atsept775^scaffold_11^-;Name="ORF type:complete (+),score=11.45"
Warning: unexpected tab character in last column, line truncated:
scaffold_11	transdecoder	gene	7617552	7628131	.	-	.	ID=Atsept777^scaffold_11^-;Name="ORF type:complete (+),score=9.01"scaffold_11	transdecoder	mRNA	7617552	7628131	.	-	.	ID=Atsept777.1.p2;Parent=Atsept777^scaffold_11^-;Name="ORF type:complete (+),score=9.01"
Warning: unexpected tab character in last column, line truncated:
scaffold_11	transdecoder	gene	8682098	8685203	.	-	.	ID=Atsept788^scaffold_11^-;Name="ORF type:complete (+),score=39.68"scaffold_11	transdecoder	mRNA	8682098	8685203	.	-	.	ID=Atsept788.1.p1;Parent=Atsept788^scaffold_11^-;Name="ORF type:complete (+),score=39.68"
Warning: unexpected tab character in last column, line truncated:
scaffold_11	transdecoder	gene	9745426	9759680	.	+	.	ID=Atsept802^scaffold_11^+;Name="ORF type:complete (+),score=15.69"scaffold_11	transdecoder	mRNA	9745426	9759680	.	+	.	ID=Atsept802.1.p1;Parent=Atsept802^scaffold_11^+;Name="ORF type:complete (+),score=15.69"
Warning: unexpected tab character in last column, line truncated:
scaffold_11	transdecoder	gene	1648	2731	.	+	.	ID=Atsept811^scaffold_11^+;Name="ORF type:5prime_partial (+),score=6.77"scaffold_11	transdecoder	mRNA	1648	2731	.	+	.	ID=Atsept811.1.p4;Parent=Atsept811^scaffold_11^+;Name="ORF type:5prime_partial (+),score=6.77"
Warning: unexpected tab character in last column, line truncated:
scaffold_11	transdecoder	gene	1648	2731	.	-	.	ID=Atsept811^scaffold_11^-;Name="ORF type:complete (-),score=17.94"scaffold_11	transdecoder	mRNA	1648	2731	.	-	.	ID=Atsept811.1.p3;Parent=Atsept811^scaffold_11^-;Name="ORF type:complete (-),score=17.94"
Warning: unexpected tab character in last column, line truncated:
scaffold_11	transdecoder	gene	11083345	11101696	.	+	.	ID=Atsept813^scaffold_11^+;Name="ORF type:complete (+),score=9.14"scaffold_11	transdecoder	mRNA	11083345	11101696	.	+	.	ID=Atsept813.1.p1;Parent=Atsept813^scaffold_11^+;Name="ORF type:complete (+),score=9.14"
Warning: unexpected tab character in last column, line truncated:
scaffold_11	transdecoder	gene	424428	429422	.	-	.	ID=Atsept833^scaffold_11^-;Name="ORF type:complete (+),score=35.79"scaffold_11	transdecoder	mRNA	424428	429422	.	-	.	ID=Atsept833.1.p5;Parent=Atsept833^scaffold_11^-;Name="ORF type:complete (+),score=35.79"
Warning: unexpected tab character in last column, line truncated:
scaffold_11	transdecoder	gene	15005448	15015412	.	+	.	ID=Atsept839^scaffold_11^+;Name="ORF type:5prime_partial (+),score=10.75"scaffold_11	transdecoder	mRNA	15005448	15015412	.	+	.	ID=Atsept839.1.p3;Parent=Atsept839^scaffold_11^+;Name="ORF type:5prime_partial (+),score=10.75"
Warning: unexpected tab character in last column, line truncated:
scaffold_11	transdecoder	gene	15286710	15291164	.	-	.	ID=Atsept842^scaffold_11^-;Name="ORF type:complete (+),score=4.83"scaffold_11	transdecoder	mRNA	15286710	15291164	.	-	.	ID=Atsept842.1.p4;Parent=Atsept842^scaffold_11^-;Name="ORF type:complete (+),score=4.83"
Warning: unexpected tab character in last column, line truncated:
scaffold_11	transdecoder	gene	15933559	15944033	.	+	.	ID=Atsept845^scaffold_11^+;Name="ORF type:complete (+),score=9.15"scaffold_11	transdecoder	mRNA	15933559	15944033	.	+	.	ID=Atsept845.1.p1;Parent=Atsept845^scaffold_11^+;Name="ORF type:complete (+),score=9.15"
Warning: unexpected tab character in last column, line truncated:
scaffold_11	transdecoder	gene	19570151	19576971	.	+	.	ID=Atsept864^scaffold_11^+;Name="ORF type:5prime_partial (+),score=8.42"scaffold_11	transdecoder	mRNA	19570151	19576971	.	+	.	ID=Atsept864.1.p1;Parent=Atsept864^scaffold_11^+;Name="ORF type:5prime_partial (+),score=8.42"
Warning: unexpected tab character in last column, line truncated:
scaffold_11	transdecoder	gene	471109	474285	.	-	.	ID=Atsept878^scaffold_11^-;Name="ORF type:complete (+),score=15.01"scaffold_11	transdecoder	mRNA	471109	474285	.	-	.	ID=Atsept878.1.p3;Parent=Atsept878^scaffold_11^-;Name="ORF type:complete (+),score=15.01"
Warning: unexpected tab character in last column, line truncated:
scaffold_11	transdecoder	gene	23031563	23089813	.	-	.	ID=Atsept914^scaffold_11^-;Name="ORF type:complete (+),score=12.89"scaffold_11	transdecoder	mRNA	23031563	23089813	.	-	.	ID=Atsept914.1.p1;Parent=Atsept914^scaffold_11^-;Name="ORF type:complete (+),score=12.89"
Warning: unexpected tab character in last column, line truncated:
scaffold_11	transdecoder	gene	600158	607810	.	-	.	ID=Atsept921^scaffold_11^-;Name="ORF type:complete (+),score=43.85"scaffold_11	transdecoder	mRNA	600158	607810	.	-	.	ID=Atsept921.1.p1;Parent=Atsept921^scaffold_11^-;Name="ORF type:complete (+),score=43.85"
Warning: unexpected tab character in last column, line truncated:
scaffold_11	transdecoder	gene	24477548	24478217	.	-	.	ID=Atsept926^scaffold_11^-;Name="ORF type:complete (+),score=9.83"scaffold_11	transdecoder	mRNA	24477548	24478217	.	-	.	ID=Atsept926.1.p3;Parent=Atsept926^scaffold_11^-;Name="ORF type:complete (+),score=9.83"
Warning: unexpected tab character in last column, line truncated:
scaffold_11	transdecoder	gene	611655	623204	.	-	.	ID=Atsept933^scaffold_11^-;Name="ORF type:complete (+),score=30.01"scaffold_11	transdecoder	mRNA	611655	623204	.	-	.	ID=Atsept933.1.p1;Parent=Atsept933^scaffold_11^-;Name="ORF type:complete (+),score=30.01"
Warning: unexpected tab character in last column, line truncated:
scaffold_11	transdecoder	gene	25211393	25214669	.	-	.	ID=Atsept941^scaffold_11^-;Name="ORF type:complete (+),score=14.79"scaffold_11	transdecoder	mRNA	25211393	25214669	.	-	.	ID=Atsept941.1.p1;Parent=Atsept941^scaffold_11^-;Name="ORF type:complete (+),score=14.79"
Warning: unexpected tab character in last column, line truncated:
scaffold_11	transdecoder	gene	26742114	26755383	.	+	.	ID=Atsept964^scaffold_11^+;Name="ORF type:5prime_partial (+),score=27.93"scaffold_11	transdecoder	mRNA	26742114	26755383	.	+	.	ID=Atsept964.1.p1;Parent=Atsept964^scaffold_11^+;Name="ORF type:5prime_partial (+),score=27.93"
Warning: unexpected tab character in last column, line truncated:
scaffold_11	transdecoder	gene	26966073	26976553	.	+	.	ID=Atsept965^scaffold_11^+;Name="ORF type:complete (+),score=6.38"scaffold_11	transdecoder	mRNA	26966073	26976553	.	+	.	ID=Atsept965.1.p2;Parent=Atsept965^scaffold_11^+;Name="ORF type:complete (+),score=6.38"
Warning: unexpected tab character in last column, line truncated:
scaffold_11	transdecoder	gene	28005044	28008597	.	+	.	ID=Atsept986^scaffold_11^+;Name="ORF type:complete (+),score=16.80"scaffold_11	transdecoder	mRNA	28005044	28008597	.	+	.	ID=Atsept986.1.p1;Parent=Atsept986^scaffold_11^+;Name="ORF type:complete (+),score=16.80"
Warning: unexpected tab character in last column, line truncated:
scaffold_11	transdecoder	gene	28188768	28189430	.	-	.	ID=Atsept991^scaffold_11^-;Name="ORF type:complete (+),score=17.49"scaffold_11	transdecoder	mRNA	28188768	28189430	.	-	.	ID=Atsept991.1.p2;Parent=Atsept991^scaffold_11^-;Name="ORF type:complete (+),score=17.49"
Warning: unexpected tab character in last column, line truncated:
scaffold_11	transdecoder	gene	28195581	28195828	.	-	.	ID=Atsept993^scaffold_11^-;Name="ORF type:internal (+),score=12.16"scaffold_11	transdecoder	mRNA	28195581	28195828	.	-	.	ID=Atsept993.1.p1;Parent=Atsept993^scaffold_11^-;Name="ORF type:internal (+),score=12.16"
Warning: unexpected tab character in last column, line truncated:
scaffold_11	transdecoder	gene	28360669	28518674	.	-	.	ID=Atsept996^scaffold_11^-;Name="ORF type:complete (+),score=24.10"scaffold_11	transdecoder	mRNA	28360669	28518674	.	-	.	ID=Atsept996.1.p2;Parent=Atsept996^scaffold_11^-;Name="ORF type:complete (+),score=24.10"
Warning: unexpected tab character in last column, line truncated:
scaffold_11	transdecoder	gene	715446	720328	.	+	.	ID=Atsept1000^scaffold_11^+;Name="ORF type:5prime_partial (+),score=25.69"scaffold_11	transdecoder	mRNA	715446	720328	.	+	.	ID=Atsept1000.1.p2;Parent=Atsept1000^scaffold_11^+;Name="ORF type:5prime_partial (+),score=25.69"
Warning: unexpected tab character in last column, line truncated:
scaffold_11	transdecoder	gene	28949794	28957588	.	+	.	ID=Atsept1003^scaffold_11^+;Name="ORF type:complete (+),score=10.82"scaffold_11	transdecoder	mRNA	28949794	28957588	.	+	.	ID=Atsept1003.1.p3;Parent=Atsept1003^scaffold_11^+;Name="ORF type:complete (+),score=10.82"
Warning: unexpected tab character in last column, line truncated:
scaffold_11	transdecoder	gene	29041606	29044708	.	-	.	ID=Atsept1006^scaffold_11^-;Name="ORF type:complete (+),score=10.53"scaffold_11	transdecoder	mRNA	29041606	29044708	.	-	.	ID=Atsept1006.1.p1;Parent=Atsept1006^scaffold_11^-;Name="ORF type:complete (+),score=10.53"
Warning: unexpected tab character in last column, line truncated:
scaffold_11	transdecoder	gene	30401478	30417495	.	-	.	ID=Atsept1027^scaffold_11^-;Name="ORF type:complete (+),score=21.81"scaffold_11	transdecoder	mRNA	30401478	30417495	.	-	.	ID=Atsept1027.1.p1;Parent=Atsept1027^scaffold_11^-;Name="ORF type:complete (+),score=21.81"
Warning: unexpected tab character in last column, line truncated:
scaffold_11	transdecoder	gene	30568041	30576255	.	+	.	ID=Atsept1029^scaffold_11^+;Name="ORF type:complete (+),score=8.06"scaffold_11	transdecoder	mRNA	30568041	30576255	.	+	.	ID=Atsept1029.1.p2;Parent=Atsept1029^scaffold_11^+;Name="ORF type:complete (+),score=8.06"
Warning: unexpected tab character in last column, line truncated:
scaffold_11	transdecoder	gene	30926214	30931077	.	-	.	ID=Atsept1031^scaffold_11^-;Name="ORF type:5prime_partial (+),score=10.90"scaffold_11	transdecoder	mRNA	30926214	30931077	.	-	.	ID=Atsept1031.1.p1;Parent=Atsept1031^scaffold_11^-;Name="ORF type:5prime_partial (+),score=10.90"
Warning: unexpected tab character in last column, line truncated:
scaffold_11	transdecoder	gene	30991292	31003582	.	-	.	ID=Atsept1032^scaffold_11^-;Name="ORF type:complete (+),score=21.49"scaffold_11	transdecoder	mRNA	30991292	31003582	.	-	.	ID=Atsept1032.1.p1;Parent=Atsept1032^scaffold_11^-;Name="ORF type:complete (+),score=21.49"
Warning: unexpected tab character in last column, line truncated:
scaffold_11	transdecoder	gene	787026	795633	.	-	.	ID=Atsept1033^scaffold_11^-;Name="ORF type:5prime_partial (+),score=26.24"scaffold_11	transdecoder	mRNA	787026	795633	.	-	.	ID=Atsept1033.1.p1;Parent=Atsept1033^scaffold_11^-;Name="ORF type:5prime_partial (+),score=26.24"
Warning: unexpected tab character in last column, line truncated:
scaffold_11	transdecoder	gene	31435986	31437995	.	+	.	ID=Atsept1035^scaffold_11^+;Name="ORF type:complete (+),score=32.57"scaffold_11	transdecoder	mRNA	31435986	31437995	.	+	.	ID=Atsept1035.1.p1;Parent=Atsept1035^scaffold_11^+;Name="ORF type:complete (+),score=32.57"
Warning: unexpected tab character in last column, line truncated:
scaffold_11	transdecoder	gene	32104230	32104988	.	-	.	ID=Atsept1038^scaffold_11^-;Name="ORF type:complete (+),score=18.24"scaffold_11	transdecoder	mRNA	32104230	32104988	.	-	.	ID=Atsept1038.1.p1;Parent=Atsept1038^scaffold_11^-;Name="ORF type:complete (+),score=18.24"
Warning: unexpected tab character in last column, line truncated:
scaffold_11	transdecoder	gene	33022443	33023602	.	+	.	ID=Atsept1047^scaffold_11^+;Name="ORF type:complete (+),score=13.64"scaffold_11	transdecoder	mRNA	33022443	33023602	.	+	.	ID=Atsept1047.1.p1;Parent=Atsept1047^scaffold_11^+;Name="ORF type:complete (+),score=13.64"
Warning: unexpected tab character in last column, line truncated:
scaffold_11	transdecoder	gene	36739360	36748624	.	-	.	ID=Atsept1080^scaffold_11^-;Name="ORF type:complete (+),score=5.19"scaffold_11	transdecoder	mRNA	36739360	36748624	.	-	.	ID=Atsept1080.1.p2;Parent=Atsept1080^scaffold_11^-;Name="ORF type:complete (+),score=5.19"
Warning: unexpected tab character in last column, line truncated:
scaffold_11	transdecoder	gene	36882556	36898472	.	-	.	ID=Atsept1085^scaffold_11^-;Name="ORF type:complete (+),score=16.12"scaffold_11	transdecoder	mRNA	36882556	36898472	.	-	.	ID=Atsept1085.1.p1;Parent=Atsept1085^scaffold_11^-;Name="ORF type:complete (+),score=16.12"
Warning: unexpected tab character in last column, line truncated:
scaffold_11	transdecoder	gene	37485133	37506040	.	-	.	ID=Atsept1098^scaffold_11^-;Name="ORF type:complete (+),score=39.88"scaffold_11	transdecoder	mRNA	37485133	37506040	.	-	.	ID=Atsept1098.1.p1;Parent=Atsept1098^scaffold_11^-;Name="ORF type:complete (+),score=39.88"
Warning: unexpected tab character in last column, line truncated:
scaffold_11	transdecoder	gene	38221686	38221995	.	-	.	ID=Atsept1105^scaffold_11^-;Name="ORF type:complete (+),score=13.54"scaffold_11	transdecoder	mRNA	38221686	38221995	.	-	.	ID=Atsept1105.1.p1;Parent=Atsept1105^scaffold_11^-;Name="ORF type:complete (+),score=13.54"
Warning: unexpected tab character in last column, line truncated:
scaffold_11	transdecoder	gene	38234647	38242379	.	+	.	ID=Atsept1106^scaffold_11^+;Name="ORF type:complete (+),score=16.26"scaffold_11	transdecoder	mRNA	38234647	38242379	.	+	.	ID=Atsept1106.1.p2;Parent=Atsept1106^scaffold_11^+;Name="ORF type:complete (+),score=16.26"
Warning: unexpected tab character in last column, line truncated:
scaffold_11	transdecoder	gene	38819430	38821804	.	+	.	ID=Atsept1119^scaffold_11^+;Name="ORF type:complete (+),score=7.90"scaffold_11	transdecoder	mRNA	38819430	38821804	.	+	.	ID=Atsept1119.1.p1;Parent=Atsept1119^scaffold_11^+;Name="ORF type:complete (+),score=7.90"
Warning: unexpected tab character in last column, line truncated:
scaffold_11	transdecoder	gene	38923839	38925917	.	-	.	ID=Atsept1124^scaffold_11^-;Name="ORF type:complete (+),score=20.88"scaffold_11	transdecoder	mRNA	38923839	38925917	.	-	.	ID=Atsept1124.1.p1;Parent=Atsept1124^scaffold_11^-;Name="ORF type:complete (+),score=20.88"
Warning: unexpected tab character in last column, line truncated:
scaffold_11	transdecoder	gene	39711752	39720539	.	+	.	ID=Atsept1129^scaffold_11^+;Name="ORF type:complete (+),score=4.01"scaffold_11	transdecoder	mRNA	39711752	39720539	.	+	.	ID=Atsept1129.1.p1;Parent=Atsept1129^scaffold_11^+;Name="ORF type:complete (+),score=4.01"
Warning: unexpected tab character in last column, line truncated:
scaffold_11	transdecoder	gene	40073849	40079966	.	+	.	ID=Atsept1135^scaffold_11^+;Name="ORF type:5prime_partial (+),score=48.36"scaffold_11	transdecoder	mRNA	40073849	40079966	.	+	.	ID=Atsept1135.1.p2;Parent=Atsept1135^scaffold_11^+;Name="ORF type:5prime_partial (+),score=48.36"
Warning: unexpected tab character in last column, line truncated:
scaffold_11	transdecoder	gene	40283623	40293276	.	-	.	ID=Atsept1141^scaffold_11^-;Name="ORF type:5prime_partial (+),score=37.01"scaffold_11	transdecoder	mRNA	40283623	40293276	.	-	.	ID=Atsept1141.1.p1;Parent=Atsept1141^scaffold_11^-;Name="ORF type:5prime_partial (+),score=37.01"
Warning: unexpected tab character in last column, line truncated:
scaffold_11	transdecoder	gene	41401708	41408892	.	-	.	ID=Atsept1153^scaffold_11^-;Name="ORF type:complete (+),score=23.35"scaffold_11	transdecoder	mRNA	41401708	41408892	.	-	.	ID=Atsept1153.1.p1;Parent=Atsept1153^scaffold_11^-;Name="ORF type:complete (+),score=23.35"
Warning: unexpected tab character in last column, line truncated:
scaffold_11	transdecoder	gene	42410497	42411302	.	-	.	ID=Atsept1164^scaffold_11^-;Name="ORF type:complete (+),score=19.84"scaffold_11	transdecoder	mRNA	42410497	42411302	.	-	.	ID=Atsept1164.1.p2;Parent=Atsept1164^scaffold_11^-;Name="ORF type:complete (+),score=19.84"
Warning: unexpected tab character in last column, line truncated:
scaffold_11	transdecoder	gene	43363150	43366960	.	-	.	ID=Atsept1170^scaffold_11^-;Name="ORF type:complete (+),score=7.62"scaffold_11	transdecoder	mRNA	43363150	43366960	.	-	.	ID=Atsept1170.1.p1;Parent=Atsept1170^scaffold_11^-;Name="ORF type:complete (+),score=7.62"
Warning: unexpected tab character in last column, line truncated:
scaffold_11	transdecoder	gene	44023154	44207747	.	+	.	ID=Atsept1176^scaffold_11^+;Name="ORF type:5prime_partial (+),score=40.70"scaffold_11	transdecoder	mRNA	44023154	44207747	.	+	.	ID=Atsept1176.1.p1;Parent=Atsept1176^scaffold_11^+;Name="ORF type:5prime_partial (+),score=40.70"
Warning: unexpected tab character in last column, line truncated:
scaffold_11	transdecoder	gene	1028375	1030212	.	-	.	ID=Atsept1179^scaffold_11^-;Name="ORF type:5prime_partial (+),score=18.42"scaffold_11	transdecoder	mRNA	1028375	1030212	.	-	.	ID=Atsept1179.1.p2;Parent=Atsept1179^scaffold_11^-;Name="ORF type:5prime_partial (+),score=18.42"
Warning: unexpected tab character in last column, line truncated:
scaffold_11	transdecoder	gene	45215598	45241355	.	-	.	ID=Atsept1186^scaffold_11^-;Name="ORF type:complete (+),score=26.62"scaffold_11	transdecoder	mRNA	45215598	45241355	.	-	.	ID=Atsept1186.1.p1;Parent=Atsept1186^scaffold_11^-;Name="ORF type:complete (+),score=26.62"
Warning: unexpected tab character in last column, line truncated:
scaffold_11	transdecoder	gene	46685348	46691747	.	-	.	ID=Atsept1197^scaffold_11^-;Name="ORF type:complete (+),score=19.88"scaffold_11	transdecoder	mRNA	46685348	46691747	.	-	.	ID=Atsept1197.1.p1;Parent=Atsept1197^scaffold_11^-;Name="ORF type:complete (+),score=19.88"
Warning: unexpected tab character in last column, line truncated:
scaffold_11	transdecoder	gene	47863698	47866377	.	+	.	ID=Atsept1209^scaffold_11^+;Name="ORF type:complete (+),score=11.85"scaffold_11	transdecoder	mRNA	47863698	47866377	.	+	.	ID=Atsept1209.1.p1;Parent=Atsept1209^scaffold_11^+;Name="ORF type:complete (+),score=11.85"
Warning: unexpected tab character in last column, line truncated:
scaffold_11	transdecoder	gene	47814842	47935990	.	-	.	ID=Atsept1210^scaffold_11^-;Name="ORF type:complete (+),score=12.27"scaffold_11	transdecoder	mRNA	47814842	47935990	.	-	.	ID=Atsept1210.1.p1;Parent=Atsept1210^scaffold_11^-;Name="ORF type:complete (+),score=12.27"
Warning: unexpected tab character in last column, line truncated:
scaffold_11	transdecoder	gene	130910	139549	.	+	.	ID=Atsept1257^scaffold_11^+;Name="ORF type:complete (+),score=16.49"scaffold_11	transdecoder	mRNA	130910	139549	.	+	.	ID=Atsept1257.1.p4;Parent=Atsept1257^scaffold_11^+;Name="ORF type:complete (+),score=16.49"
Warning: unexpected tab character in last column, line truncated:
scaffold_11	transdecoder	gene	51017821	51018911	.	+	.	ID=Atsept1273^scaffold_11^+;Name="ORF type:3prime_partial (+),score=9.12"scaffold_11	transdecoder	mRNA	51017821	51018911	.	+	.	ID=Atsept1273.1.p2;Parent=Atsept1273^scaffold_11^+;Name="ORF type:3prime_partial (+),score=9.12"
Warning: unexpected tab character in last column, line truncated:
scaffold_11	transdecoder	gene	51448470	51468367	.	-	.	ID=Atsept1282^scaffold_11^-;Name="ORF type:complete (+),score=8.23"scaffold_11	transdecoder	mRNA	51448470	51468367	.	-	.	ID=Atsept1282.1.p2;Parent=Atsept1282^scaffold_11^-;Name="ORF type:complete (+),score=8.23"
Warning: unexpected tab character in last column, line truncated:
scaffold_11	transdecoder	gene	52745958	52753658	.	-	.	ID=Atsept1302^scaffold_11^-;Name="ORF type:5prime_partial (+),score=9.07"scaffold_11	transdecoder	mRNA	52745958	52753658	.	-	.	ID=Atsept1302.1.p2;Parent=Atsept1302^scaffold_11^-;Name="ORF type:5prime_partial (+),score=9.07"
Warning: unexpected tab character in last column, line truncated:
scaffold_11	transdecoder	gene	1453125	1458119	.	-	.	ID=Atsept1312^scaffold_11^-;Name="ORF type:complete (+),score=13.65"scaffold_11	transdecoder	mRNA	1453125	1458119	.	-	.	ID=Atsept1312.1.p3;Parent=Atsept1312^scaffold_11^-;Name="ORF type:complete (+),score=13.65"
Warning: unexpected tab character in last column, line truncated:
scaffold_11	transdecoder	gene	55338856	55351160	.	-	.	ID=Atsept1321^scaffold_11^-;Name="ORF type:complete (+),score=20.54"scaffold_11	transdecoder	mRNA	55338856	55351160	.	-	.	ID=Atsept1321.1.p1;Parent=Atsept1321^scaffold_11^-;Name="ORF type:complete (+),score=20.54"
Warning: unexpected tab character in last column, line truncated:
scaffold_11	transdecoder	gene	55897399	55903121	.	-	.	ID=Atsept1325^scaffold_11^-;Name="ORF type:complete (+),score=9.77"scaffold_11	transdecoder	mRNA	55897399	55903121	.	-	.	ID=Atsept1325.1.p2;Parent=Atsept1325^scaffold_11^-;Name="ORF type:complete (+),score=9.77"
Warning: unexpected tab character in last column, line truncated:
scaffold_11	transdecoder	gene	57238540	57264362	.	-	.	ID=Atsept1343^scaffold_11^-;Name="ORF type:complete (+),score=2.61"scaffold_11	transdecoder	mRNA	57238540	57264362	.	-	.	ID=Atsept1343.1.p2;Parent=Atsept1343^scaffold_11^-;Name="ORF type:complete (+),score=2.61"
Warning: unexpected tab character in last column, line truncated:
scaffold_11	transdecoder	gene	58164063	58218476	.	-	.	ID=Atsept1351^scaffold_11^-;Name="ORF type:complete (+),score=264.88"scaffold_11	transdecoder	mRNA	58164063	58218476	.	-	.	ID=Atsept1351.1.p1;Parent=Atsept1351^scaffold_11^-;Name="ORF type:complete (+),score=264.88"
Warning: unexpected tab character in last column, line truncated:
scaffold_11	transdecoder	gene	59071177	59122301	.	-	.	ID=Atsept1359^scaffold_11^-;Name="ORF type:complete (+),score=18.71"scaffold_11	transdecoder	mRNA	59071177	59122301	.	-	.	ID=Atsept1359.1.p1;Parent=Atsept1359^scaffold_11^-;Name="ORF type:complete (+),score=18.71"
Warning: unexpected tab character in last column, line truncated:
scaffold_11	transdecoder	gene	60977171	60979796	.	+	.	ID=Atsept1372^scaffold_11^+;Name="ORF type:complete (+),score=58.88"scaffold_11	transdecoder	mRNA	60977171	60979796	.	+	.	ID=Atsept1372.1.p1;Parent=Atsept1372^scaffold_11^+;Name="ORF type:complete (+),score=58.88"
Warning: unexpected tab character in last column, line truncated:
scaffold_11	transdecoder	gene	61164983	61169796	.	-	.	ID=Atsept1377^scaffold_11^-;Name="ORF type:complete (+),score=13.19"scaffold_11	transdecoder	mRNA	61164983	61169796	.	-	.	ID=Atsept1377.1.p2;Parent=Atsept1377^scaffold_11^-;Name="ORF type:complete (+),score=13.19"
Warning: unexpected tab character in last column, line truncated:
scaffold_11	transdecoder	gene	61487869	61537215	.	+	.	ID=Atsept1382^scaffold_11^+;Name="ORF type:5prime_partial (+),score=10.37"scaffold_11	transdecoder	mRNA	61487869	61537215	.	+	.	ID=Atsept1382.1.p8;Parent=Atsept1382^scaffold_11^+;Name="ORF type:5prime_partial (+),score=10.37"
Warning: unexpected tab character in last column, line truncated:
scaffold_11	transdecoder	gene	61579330	61597877	.	+	.	ID=Atsept1384^scaffold_11^+;Name="ORF type:complete (+),score=32.04"scaffold_11	transdecoder	mRNA	61579330	61597877	.	+	.	ID=Atsept1384.1.p1;Parent=Atsept1384^scaffold_11^+;Name="ORF type:complete (+),score=32.04"
Warning: unexpected tab character in last column, line truncated:
scaffold_11	transdecoder	gene	63375444	63378010	.	-	.	ID=Atsept1390^scaffold_11^-;Name="ORF type:complete (+),score=9.59"scaffold_11	transdecoder	mRNA	63375444	63378010	.	-	.	ID=Atsept1390.1.p1;Parent=Atsept1390^scaffold_11^-;Name="ORF type:complete (+),score=9.59"
Warning: unexpected tab character in last column, line truncated:
scaffold_11	transdecoder	gene	64305931	64310683	.	-	.	ID=Atsept1392^scaffold_11^-;Name="ORF type:complete (+),score=7.72"scaffold_11	transdecoder	mRNA	64305931	64310683	.	-	.	ID=Atsept1392.1.p1;Parent=Atsept1392^scaffold_11^-;Name="ORF type:complete (+),score=7.72"
Warning: unexpected tab character in last column, line truncated:
scaffold_11	transdecoder	gene	64686629	64693969	.	+	.	ID=Atsept1398^scaffold_11^+;Name="ORF type:5prime_partial (+),score=2.43"scaffold_11	transdecoder	mRNA	64686629	64693969	.	+	.	ID=Atsept1398.1.p4;Parent=Atsept1398^scaffold_11^+;Name="ORF type:5prime_partial (+),score=2.43"
Warning: unexpected tab character in last column, line truncated:
scaffold_11	transdecoder	gene	65146694	65170074	.	-	.	ID=Atsept1403^scaffold_11^-;Name="ORF type:5prime_partial (+),score=9.54"scaffold_11	transdecoder	mRNA	65146694	65170074	.	-	.	ID=Atsept1403.1.p3;Parent=Atsept1403^scaffold_11^-;Name="ORF type:5prime_partial (+),score=9.54"
Warning: unexpected tab character in last column, line truncated:
scaffold_11	transdecoder	gene	65644410	65645942	.	+	.	ID=Atsept1407^scaffold_11^+;Name="ORF type:complete (+),score=8.11"scaffold_11	transdecoder	mRNA	65644410	65645942	.	+	.	ID=Atsept1407.1.p1;Parent=Atsept1407^scaffold_11^+;Name="ORF type:complete (+),score=8.11"
Warning: unexpected tab character in last column, line truncated:
scaffold_11	transdecoder	gene	1703534	1710959	.	-	.	ID=Atsept1409^scaffold_11^-;Name="ORF type:complete (+),score=11.47"scaffold_11	transdecoder	mRNA	1703534	1710959	.	-	.	ID=Atsept1409.1.p3;Parent=Atsept1409^scaffold_11^-;Name="ORF type:complete (+),score=11.47"
Warning: unexpected tab character in last column, line truncated:
scaffold_11	transdecoder	gene	65874219	65876519	.	-	.	ID=Atsept1410^scaffold_11^-;Name="ORF type:complete (+),score=39.28"scaffold_11	transdecoder	mRNA	65874219	65876519	.	-	.	ID=Atsept1410.1.p1;Parent=Atsept1410^scaffold_11^-;Name="ORF type:complete (+),score=39.28"
Warning: unexpected tab character in last column, line truncated:
scaffold_11	transdecoder	gene	68979483	68979999	.	-	.	ID=Atsept1441^scaffold_11^-;Name="ORF type:5prime_partial (+),score=5.27"scaffold_11	transdecoder	mRNA	68979483	68979999	.	-	.	ID=Atsept1441.1.p1;Parent=Atsept1441^scaffold_11^-;Name="ORF type:5prime_partial (+),score=5.27"
Warning: unexpected tab character in last column, line truncated:
scaffold_11	transdecoder	gene	69889740	69890273	.	-	.	ID=Atsept1459^scaffold_11^-;Name="ORF type:complete (+),score=0.16"scaffold_11	transdecoder	mRNA	69889740	69890273	.	-	.	ID=Atsept1459.1.p1;Parent=Atsept1459^scaffold_11^-;Name="ORF type:complete (+),score=0.16"
Warning: unexpected tab character in last column, line truncated:
scaffold_11	transdecoder	gene	70044314	70059989	.	-	.	ID=Atsept1461^scaffold_11^-;Name="ORF type:complete (+),score=12.32"scaffold_11	transdecoder	mRNA	70044314	70059989	.	-	.	ID=Atsept1461.1.p1;Parent=Atsept1461^scaffold_11^-;Name="ORF type:complete (+),score=12.32"
Warning: unexpected tab character in last column, line truncated:
scaffold_11	transdecoder	gene	71001691	71002839	.	-	.	ID=Atsept1478^scaffold_11^-;Name="ORF type:complete (+),score=6.38"scaffold_11	transdecoder	mRNA	71001691	71002839	.	-	.	ID=Atsept1478.1.p1;Parent=Atsept1478^scaffold_11^-;Name="ORF type:complete (+),score=6.38"
Warning: unexpected tab character in last column, line truncated:
scaffold_11	transdecoder	gene	71502787	71507799	.	+	.	ID=Atsept1482^scaffold_11^+;Name="ORF type:complete (+),score=8.43"scaffold_11	transdecoder	mRNA	71502787	71507799	.	+	.	ID=Atsept1482.1.p1;Parent=Atsept1482^scaffold_11^+;Name="ORF type:complete (+),score=8.43"
Warning: unexpected tab character in last column, line truncated:
scaffold_11	transdecoder	gene	71506597	71615117	.	+	.	ID=Atsept1483^scaffold_11^+;Name="ORF type:complete (+),score=4.69"scaffold_11	transdecoder	mRNA	71506597	71615117	.	+	.	ID=Atsept1483.1.p1;Parent=Atsept1483^scaffold_11^+;Name="ORF type:complete (+),score=4.69"
Warning: unexpected tab character in last column, line truncated:
scaffold_11	transdecoder	gene	71981184	71985883	.	+	.	ID=Atsept1486^scaffold_11^+;Name="ORF type:complete (+),score=9.81"scaffold_11	transdecoder	mRNA	71981184	71985883	.	+	.	ID=Atsept1486.1.p3;Parent=Atsept1486^scaffold_11^+;Name="ORF type:complete (+),score=9.81"
Warning: unexpected tab character in last column, line truncated:
scaffold_11	transdecoder	gene	2416997	2420279	.	-	.	ID=Atsept1506^scaffold_11^-;Name="ORF type:complete (+),score=27.77"scaffold_11	transdecoder	mRNA	2416997	2420279	.	-	.	ID=Atsept1506.1.p2;Parent=Atsept1506^scaffold_11^-;Name="ORF type:complete (+),score=27.77"
Warning: unexpected tab character in last column, line truncated:
scaffold_12	transdecoder	gene	12125828	12272288	.	-	.	ID=Atsept1512^scaffold_12^-;Name="ORF type:complete (+),score=24.93"scaffold_12	transdecoder	mRNA	12125828	12272288	.	-	.	ID=Atsept1512.1.p3;Parent=Atsept1512^scaffold_12^-;Name="ORF type:complete (+),score=24.93"
Warning: unexpected tab character in last column, line truncated:
scaffold_12	transdecoder	gene	13979790	14174391	.	-	.	ID=Atsept1521^scaffold_12^-;Name="ORF type:complete (+),score=27.14"scaffold_12	transdecoder	mRNA	13979790	14174391	.	-	.	ID=Atsept1521.1.p1;Parent=Atsept1521^scaffold_12^-;Name="ORF type:complete (+),score=27.14"
Warning: unexpected tab character in last column, line truncated:
scaffold_12	transdecoder	gene	651096	658529	.	+	.	ID=Atsept1530^scaffold_12^+;Name="ORF type:complete (+),score=4.65"scaffold_12	transdecoder	mRNA	651096	658529	.	+	.	ID=Atsept1530.1.p1;Parent=Atsept1530^scaffold_12^+;Name="ORF type:complete (+),score=4.65"
Warning: unexpected tab character in last column, line truncated:
scaffold_12	transdecoder	gene	882308	883579	.	-	.	ID=Atsept1541^scaffold_12^-;Name="ORF type:complete (+),score=21.29"scaffold_12	transdecoder	mRNA	882308	883579	.	-	.	ID=Atsept1541.1.p1;Parent=Atsept1541^scaffold_12^-;Name="ORF type:complete (+),score=21.29"
Warning: unexpected tab character in last column, line truncated:
scaffold_12	transdecoder	gene	17075561	17119314	.	-	.	ID=Atsept1544^scaffold_12^-;Name="ORF type:3prime_partial (+),score=14.07"scaffold_12	transdecoder	mRNA	17075561	17119314	.	-	.	ID=Atsept1544.1.p3;Parent=Atsept1544^scaffold_12^-;Name="ORF type:3prime_partial (+),score=14.07"
Warning: unexpected tab character in last column, line truncated:
scaffold_12	transdecoder	gene	17226812	17237200	.	+	.	ID=Atsept1545^scaffold_12^+;Name="ORF type:complete (+),score=10.41"scaffold_12	transdecoder	mRNA	17226812	17237200	.	+	.	ID=Atsept1545.1.p2;Parent=Atsept1545^scaffold_12^+;Name="ORF type:complete (+),score=10.41"
Warning: unexpected tab character in last column, line truncated:
scaffold_12	transdecoder	gene	17468658	17469180	.	+	.	ID=Atsept1546^scaffold_12^+;Name="ORF type:complete (+),score=32.53"scaffold_12	transdecoder	mRNA	17468658	17469180	.	+	.	ID=Atsept1546.1.p1;Parent=Atsept1546^scaffold_12^+;Name="ORF type:complete (+),score=32.53"
Warning: unexpected tab character in last column, line truncated:
scaffold_12	transdecoder	gene	1072885	1123271	.	-	.	ID=Atsept1552^scaffold_12^-;Name="ORF type:complete (+),score=30.03"scaffold_12	transdecoder	mRNA	1072885	1123271	.	-	.	ID=Atsept1552.1.p2;Parent=Atsept1552^scaffold_12^-;Name="ORF type:complete (+),score=30.03"
Warning: unexpected tab character in last column, line truncated:
scaffold_12	transdecoder	gene	19890011	19937491	.	-	.	ID=Atsept1553^scaffold_12^-;Name="ORF type:complete (+),score=20.42"scaffold_12	transdecoder	mRNA	19890011	19937491	.	-	.	ID=Atsept1553.1.p1;Parent=Atsept1553^scaffold_12^-;Name="ORF type:complete (+),score=20.42"
Warning: unexpected tab character in last column, line truncated:
scaffold_12	transdecoder	gene	22970256	22992808	.	+	.	ID=Atsept1562^scaffold_12^+;Name="ORF type:complete (+),score=11.38"scaffold_12	transdecoder	mRNA	22970256	22992808	.	+	.	ID=Atsept1562.1.p1;Parent=Atsept1562^scaffold_12^+;Name="ORF type:complete (+),score=11.38"
Warning: unexpected tab character in last column, line truncated:
scaffold_12	transdecoder	gene	1136646	1138554	.	+	.	ID=Atsept1563^scaffold_12^+;Name="ORF type:complete (+),score=6.11"scaffold_12	transdecoder	mRNA	1136646	1138554	.	+	.	ID=Atsept1563.1.p1;Parent=Atsept1563^scaffold_12^+;Name="ORF type:complete (+),score=6.11"
Warning: unexpected tab character in last column, line truncated:
scaffold_12	transdecoder	gene	23000818	23003621	.	+	.	ID=Atsept1564^scaffold_12^+;Name="ORF type:complete (+),score=9.49"scaffold_12	transdecoder	mRNA	23000818	23003621	.	+	.	ID=Atsept1564.1.p1;Parent=Atsept1564^scaffold_12^+;Name="ORF type:complete (+),score=9.49"
Warning: unexpected tab character in last column, line truncated:
scaffold_12	transdecoder	gene	23005002	23051195	.	+	.	ID=Atsept1565^scaffold_12^+;Name="ORF type:5prime_partial (+),score=48.57"scaffold_12	transdecoder	mRNA	23005002	23051195	.	+	.	ID=Atsept1565.1.p1;Parent=Atsept1565^scaffold_12^+;Name="ORF type:5prime_partial (+),score=48.57"
Warning: unexpected tab character in last column, line truncated:
scaffold_12	transdecoder	gene	1584233	1602364	.	-	.	ID=Atsept1574^scaffold_12^-;Name="ORF type:complete (+),score=20.59"scaffold_12	transdecoder	mRNA	1584233	1602364	.	-	.	ID=Atsept1574.1.p2;Parent=Atsept1574^scaffold_12^-;Name="ORF type:complete (+),score=20.59"
Warning: unexpected tab character in last column, line truncated:
scaffold_12	transdecoder	gene	24081604	24082256	.	-	.	ID=Atsept1578^scaffold_12^-;Name="ORF type:complete (+),score=5.15"scaffold_12	transdecoder	mRNA	24081604	24082256	.	-	.	ID=Atsept1578.1.p1;Parent=Atsept1578^scaffold_12^-;Name="ORF type:complete (+),score=5.15"
Warning: unexpected tab character in last column, line truncated:
scaffold_12	transdecoder	gene	24366457	24377413	.	-	.	ID=Atsept1587^scaffold_12^-;Name="ORF type:complete (+),score=15.76"scaffold_12	transdecoder	mRNA	24366457	24377413	.	-	.	ID=Atsept1587.1.p2;Parent=Atsept1587^scaffold_12^-;Name="ORF type:complete (+),score=15.76"
Warning: unexpected tab character in last column, line truncated:
scaffold_12	transdecoder	gene	25080771	25082210	.	+	.	ID=Atsept1612^scaffold_12^+;Name="ORF type:complete (+),score=23.65"scaffold_12	transdecoder	mRNA	25080771	25082210	.	+	.	ID=Atsept1612.1.p1;Parent=Atsept1612^scaffold_12^+;Name="ORF type:complete (+),score=23.65"
Warning: unexpected tab character in last column, line truncated:
scaffold_12	transdecoder	gene	25297348	25304757	.	+	.	ID=Atsept1615^scaffold_12^+;Name="ORF type:complete (+),score=8.32"scaffold_12	transdecoder	mRNA	25297348	25304757	.	+	.	ID=Atsept1615.1.p1;Parent=Atsept1615^scaffold_12^+;Name="ORF type:complete (+),score=8.32"
Warning: unexpected tab character in last column, line truncated:
scaffold_12	transdecoder	gene	25740392	25741485	.	+	.	ID=Atsept1624^scaffold_12^+;Name="ORF type:complete (+),score=9.19"scaffold_12	transdecoder	mRNA	25740392	25741485	.	+	.	ID=Atsept1624.1.p2;Parent=Atsept1624^scaffold_12^+;Name="ORF type:complete (+),score=9.19"
Warning: unexpected tab character in last column, line truncated:
scaffold_12	transdecoder	gene	25921242	25942948	.	-	.	ID=Atsept1626^scaffold_12^-;Name="ORF type:complete (+),score=10.17"scaffold_12	transdecoder	mRNA	25921242	25942948	.	-	.	ID=Atsept1626.1.p3;Parent=Atsept1626^scaffold_12^-;Name="ORF type:complete (+),score=10.17"
Warning: unexpected tab character in last column, line truncated:
scaffold_12	transdecoder	gene	26116838	26209329	.	-	.	ID=Atsept1632^scaffold_12^-;Name="ORF type:5prime_partial (+),score=14.34"scaffold_12	transdecoder	mRNA	26116838	26209329	.	-	.	ID=Atsept1632.1.p1;Parent=Atsept1632^scaffold_12^-;Name="ORF type:5prime_partial (+),score=14.34"
Warning: unexpected tab character in last column, line truncated:
scaffold_12	transdecoder	gene	26214214	26217858	.	+	.	ID=Atsept1633^scaffold_12^+;Name="ORF type:complete (+),score=125.10"scaffold_12	transdecoder	mRNA	26214214	26217858	.	+	.	ID=Atsept1633.1.p2;Parent=Atsept1633^scaffold_12^+;Name="ORF type:complete (+),score=125.10"
Warning: unexpected tab character in last column, line truncated:
scaffold_12	transdecoder	gene	26587612	26630098	.	-	.	ID=Atsept1635^scaffold_12^-;Name="ORF type:5prime_partial (+),score=1.08"scaffold_12	transdecoder	mRNA	26587612	26630098	.	-	.	ID=Atsept1635.1.p2;Parent=Atsept1635^scaffold_12^-;Name="ORF type:5prime_partial (+),score=1.08"
Warning: unexpected tab character in last column, line truncated:
scaffold_12	transdecoder	gene	27318377	27319498	.	-	.	ID=Atsept1654^scaffold_12^-;Name="ORF type:complete (+),score=25.37"scaffold_12	transdecoder	mRNA	27318377	27319498	.	-	.	ID=Atsept1654.1.p1;Parent=Atsept1654^scaffold_12^-;Name="ORF type:complete (+),score=25.37"
Warning: unexpected tab character in last column, line truncated:
scaffold_12	transdecoder	gene	28283725	28287755	.	-	.	ID=Atsept1665^scaffold_12^-;Name="ORF type:complete (+),score=16.75"scaffold_12	transdecoder	mRNA	28283725	28287755	.	-	.	ID=Atsept1665.1.p1;Parent=Atsept1665^scaffold_12^-;Name="ORF type:complete (+),score=16.75"
Warning: unexpected tab character in last column, line truncated:
scaffold_12	transdecoder	gene	35023158	35024467	.	+	.	ID=Atsept1714^scaffold_12^+;Name="ORF type:complete (+),score=5.37"scaffold_12	transdecoder	mRNA	35023158	35024467	.	+	.	ID=Atsept1714.1.p1;Parent=Atsept1714^scaffold_12^+;Name="ORF type:complete (+),score=5.37"
Warning: unexpected tab character in last column, line truncated:
scaffold_12	transdecoder	gene	36777320	36785678	.	-	.	ID=Atsept1763^scaffold_12^-;Name="ORF type:complete (+),score=4.26"scaffold_12	transdecoder	mRNA	36777320	36785678	.	-	.	ID=Atsept1763.1.p2;Parent=Atsept1763^scaffold_12^-;Name="ORF type:complete (+),score=4.26"
Warning: unexpected tab character in last column, line truncated:
scaffold_12	transdecoder	gene	37670423	37671299	.	+	.	ID=Atsept1766^scaffold_12^+;Name="ORF type:5prime_partial (+),score=44.21"scaffold_12	transdecoder	mRNA	37670423	37671299	.	+	.	ID=Atsept1766.1.p2;Parent=Atsept1766^scaffold_12^+;Name="ORF type:5prime_partial (+),score=44.21"
Warning: unexpected tab character in last column, line truncated:
scaffold_12	transdecoder	gene	37793655	37794832	.	+	.	ID=Atsept1769^scaffold_12^+;Name="ORF type:complete (+),score=15.29"scaffold_12	transdecoder	mRNA	37793655	37794832	.	+	.	ID=Atsept1769.1.p1;Parent=Atsept1769^scaffold_12^+;Name="ORF type:complete (+),score=15.29"
Warning: unexpected tab character in last column, line truncated:
scaffold_12	transdecoder	gene	39705012	39713780	.	-	.	ID=Atsept1779^scaffold_12^-;Name="ORF type:complete (+),score=6.11"scaffold_12	transdecoder	mRNA	39705012	39713780	.	-	.	ID=Atsept1779.1.p2;Parent=Atsept1779^scaffold_12^-;Name="ORF type:complete (+),score=6.11"
Warning: unexpected tab character in last column, line truncated:
scaffold_12	transdecoder	gene	40276885	40278040	.	+	.	ID=Atsept1787^scaffold_12^+;Name="ORF type:complete (+),score=3.81"scaffold_12	transdecoder	mRNA	40276885	40278040	.	+	.	ID=Atsept1787.1.p2;Parent=Atsept1787^scaffold_12^+;Name="ORF type:complete (+),score=3.81"
Warning: unexpected tab character in last column, line truncated:
scaffold_12	transdecoder	gene	40904407	40920719	.	+	.	ID=Atsept1791^scaffold_12^+;Name="ORF type:complete (+),score=11.11"scaffold_12	transdecoder	mRNA	40904407	40920719	.	+	.	ID=Atsept1791.1.p2;Parent=Atsept1791^scaffold_12^+;Name="ORF type:complete (+),score=11.11"
Warning: unexpected tab character in last column, line truncated:
scaffold_12	transdecoder	gene	41926462	41940249	.	-	.	ID=Atsept1794^scaffold_12^-;Name="ORF type:complete (+),score=34.34"scaffold_12	transdecoder	mRNA	41926462	41940249	.	-	.	ID=Atsept1794.1.p1;Parent=Atsept1794^scaffold_12^-;Name="ORF type:complete (+),score=34.34"
Warning: unexpected tab character in last column, line truncated:
scaffold_12	transdecoder	gene	44586352	44607442	.	+	.	ID=Atsept1836^scaffold_12^+;Name="ORF type:complete (+),score=15.67"scaffold_12	transdecoder	mRNA	44586352	44607442	.	+	.	ID=Atsept1836.1.p2;Parent=Atsept1836^scaffold_12^+;Name="ORF type:complete (+),score=15.67"
Warning: unexpected tab character in last column, line truncated:
scaffold_12	transdecoder	gene	5798280	5803363	.	-	.	ID=Atsept1839^scaffold_12^-;Name="ORF type:complete (+),score=16.56"scaffold_12	transdecoder	mRNA	5798280	5803363	.	-	.	ID=Atsept1839.1.p3;Parent=Atsept1839^scaffold_12^-;Name="ORF type:complete (+),score=16.56"
Warning: unexpected tab character in last column, line truncated:
scaffold_12	transdecoder	gene	44782882	44822946	.	-	.	ID=Atsept1844^scaffold_12^-;Name="ORF type:complete (+),score=21.67"scaffold_12	transdecoder	mRNA	44782882	44822946	.	-	.	ID=Atsept1844.1.p2;Parent=Atsept1844^scaffold_12^-;Name="ORF type:complete (+),score=21.67"
Warning: unexpected tab character in last column, line truncated:
scaffold_12	transdecoder	gene	46017572	46028404	.	+	.	ID=Atsept1854^scaffold_12^+;Name="ORF type:5prime_partial (+),score=20.61"scaffold_12	transdecoder	mRNA	46017572	46028404	.	+	.	ID=Atsept1854.1.p3;Parent=Atsept1854^scaffold_12^+;Name="ORF type:5prime_partial (+),score=20.61"
Warning: unexpected tab character in last column, line truncated:
scaffold_12	transdecoder	gene	47070597	47071769	.	-	.	ID=Atsept1871^scaffold_12^-;Name="ORF type:complete (+),score=19.69"scaffold_12	transdecoder	mRNA	47070597	47071769	.	-	.	ID=Atsept1871.1.p2;Parent=Atsept1871^scaffold_12^-;Name="ORF type:complete (+),score=19.69"
Warning: unexpected tab character in last column, line truncated:
scaffold_12	transdecoder	gene	47119900	47121345	.	+	.	ID=Atsept1872^scaffold_12^+;Name="ORF type:complete (+),score=12.75"scaffold_12	transdecoder	mRNA	47119900	47121345	.	+	.	ID=Atsept1872.1.p1;Parent=Atsept1872^scaffold_12^+;Name="ORF type:complete (+),score=12.75"
Warning: unexpected tab character in last column, line truncated:
scaffold_12	transdecoder	gene	47302546	47303640	.	+	.	ID=Atsept1877^scaffold_12^+;Name="ORF type:complete (+),score=7.59"scaffold_12	transdecoder	mRNA	47302546	47303640	.	+	.	ID=Atsept1877.1.p1;Parent=Atsept1877^scaffold_12^+;Name="ORF type:complete (+),score=7.59"
Warning: unexpected tab character in last column, line truncated:
scaffold_12	transdecoder	gene	47431087	47433672	.	+	.	ID=Atsept1878^scaffold_12^+;Name="ORF type:complete (+),score=23.38"scaffold_12	transdecoder	mRNA	47431087	47433672	.	+	.	ID=Atsept1878.1.p1;Parent=Atsept1878^scaffold_12^+;Name="ORF type:complete (+),score=23.38"
Warning: unexpected tab character in last column, line truncated:
scaffold_12	transdecoder	gene	48328754	48330121	.	+	.	ID=Atsept1892^scaffold_12^+;Name="ORF type:complete (+),score=6.59"scaffold_12	transdecoder	mRNA	48328754	48330121	.	+	.	ID=Atsept1892.1.p1;Parent=Atsept1892^scaffold_12^+;Name="ORF type:complete (+),score=6.59"
Warning: unexpected tab character in last column, line truncated:
scaffold_12	transdecoder	gene	50044534	50045805	.	+	.	ID=Atsept1918^scaffold_12^+;Name="ORF type:5prime_partial (+),score=16.44"scaffold_12	transdecoder	mRNA	50044534	50045805	.	+	.	ID=Atsept1918.1.p2;Parent=Atsept1918^scaffold_12^+;Name="ORF type:5prime_partial (+),score=16.44"
Warning: unexpected tab character in last column, line truncated:
scaffold_12	transdecoder	gene	6829949	6851038	.	-	.	ID=Atsept1928^scaffold_12^-;Name="ORF type:complete (+),score=20.81"scaffold_12	transdecoder	mRNA	6829949	6851038	.	-	.	ID=Atsept1928.1.p1;Parent=Atsept1928^scaffold_12^-;Name="ORF type:complete (+),score=20.81"
Warning: unexpected tab character in last column, line truncated:
scaffold_12	transdecoder	gene	52216439	52238368	.	-	.	ID=Atsept1963^scaffold_12^-;Name="ORF type:5prime_partial (+),score=41.05"scaffold_12	transdecoder	mRNA	52216439	52238368	.	-	.	ID=Atsept1963.1.p1;Parent=Atsept1963^scaffold_12^-;Name="ORF type:5prime_partial (+),score=41.05"
Warning: unexpected tab character in last column, line truncated:
scaffold_12	transdecoder	gene	53438549	53532161	.	+	.	ID=Atsept1971^scaffold_12^+;Name="ORF type:complete (+),score=22.00"scaffold_12	transdecoder	mRNA	53438549	53532161	.	+	.	ID=Atsept1971.1.p1;Parent=Atsept1971^scaffold_12^+;Name="ORF type:complete (+),score=22.00"
Warning: unexpected tab character in last column, line truncated:
scaffold_12	transdecoder	gene	55758200	55761345	.	-	.	ID=Atsept1987^scaffold_12^-;Name="ORF type:complete (+),score=6.34"scaffold_12	transdecoder	mRNA	55758200	55761345	.	-	.	ID=Atsept1987.1.p1;Parent=Atsept1987^scaffold_12^-;Name="ORF type:complete (+),score=6.34"
Warning: unexpected tab character in last column, line truncated:
scaffold_12	transdecoder	gene	58328494	58335213	.	+	.	ID=Atsept2013^scaffold_12^+;Name="ORF type:complete (+),score=1.48"scaffold_12	transdecoder	mRNA	58328494	58335213	.	+	.	ID=Atsept2013.1.p8;Parent=Atsept2013^scaffold_12^+;Name="ORF type:complete (+),score=1.48"
Warning: unexpected tab character in last column, line truncated:
scaffold_12	transdecoder	gene	58644092	58645344	.	-	.	ID=Atsept2015^scaffold_12^-;Name="ORF type:complete (+),score=10.40"scaffold_12	transdecoder	mRNA	58644092	58645344	.	-	.	ID=Atsept2015.1.p3;Parent=Atsept2015^scaffold_12^-;Name="ORF type:complete (+),score=10.40"
Warning: unexpected tab character in last column, line truncated:
scaffold_12	transdecoder	gene	58726043	58728328	.	+	.	ID=Atsept2016^scaffold_12^+;Name="ORF type:complete (+),score=14.16"scaffold_12	transdecoder	mRNA	58726043	58728328	.	+	.	ID=Atsept2016.1.p1;Parent=Atsept2016^scaffold_12^+;Name="ORF type:complete (+),score=14.16"
Warning: unexpected tab character in last column, line truncated:
scaffold_12	transdecoder	gene	59337281	59397125	.	-	.	ID=Atsept2019^scaffold_12^-;Name="ORF type:5prime_partial (+),score=20.04"scaffold_12	transdecoder	mRNA	59337281	59397125	.	-	.	ID=Atsept2019.1.p1;Parent=Atsept2019^scaffold_12^-;Name="ORF type:5prime_partial (+),score=20.04"
Warning: unexpected tab character in last column, line truncated:
scaffold_12	transdecoder	gene	60053335	60055355	.	-	.	ID=Atsept2028^scaffold_12^-;Name="ORF type:complete (+),score=5.46"scaffold_12	transdecoder	mRNA	60053335	60055355	.	-	.	ID=Atsept2028.1.p1;Parent=Atsept2028^scaffold_12^-;Name="ORF type:complete (+),score=5.46"
Warning: unexpected tab character in last column, line truncated:
scaffold_12	transdecoder	gene	60534582	60547384	.	-	.	ID=Atsept2034^scaffold_12^-;Name="ORF type:complete (+),score=12.29"scaffold_12	transdecoder	mRNA	60534582	60547384	.	-	.	ID=Atsept2034.1.p1;Parent=Atsept2034^scaffold_12^-;Name="ORF type:complete (+),score=12.29"
Warning: unexpected tab character in last column, line truncated:
scaffold_12	transdecoder	gene	9324808	9333300	.	+	.	ID=Atsept2052^scaffold_12^+;Name="ORF type:complete (+),score=16.31"scaffold_12	transdecoder	mRNA	9324808	9333300	.	+	.	ID=Atsept2052.1.p1;Parent=Atsept2052^scaffold_12^+;Name="ORF type:complete (+),score=16.31"
Warning: unexpected tab character in last column, line truncated:
scaffold_12	transdecoder	gene	9733223	9738269	.	-	.	ID=Atsept2064^scaffold_12^-;Name="ORF type:complete (+),score=15.61"scaffold_12	transdecoder	mRNA	9733223	9738269	.	-	.	ID=Atsept2064.1.p2;Parent=Atsept2064^scaffold_12^-;Name="ORF type:complete (+),score=15.61"
Warning: unexpected tab character in last column, line truncated:
scaffold_12	transdecoder	gene	10125408	10131222	.	+	.	ID=Atsept2076^scaffold_12^+;Name="ORF type:complete (+),score=2.56"scaffold_12	transdecoder	mRNA	10125408	10131222	.	+	.	ID=Atsept2076.1.p2;Parent=Atsept2076^scaffold_12^+;Name="ORF type:complete (+),score=2.56"
Warning: unexpected tab character in last column, line truncated:
scaffold_12	transdecoder	gene	10148027	10188405	.	+	.	ID=Atsept2077^scaffold_12^+;Name="ORF type:complete (+),score=72.98"scaffold_12	transdecoder	mRNA	10148027	10188405	.	+	.	ID=Atsept2077.1.p2;Parent=Atsept2077^scaffold_12^+;Name="ORF type:complete (+),score=72.98"
Warning: unexpected tab character in last column, line truncated:
scaffold_12	transdecoder	gene	10342511	10345189	.	+	.	ID=Atsept2078^scaffold_12^+;Name="ORF type:complete (+),score=12.83"scaffold_12	transdecoder	mRNA	10342511	10345189	.	+	.	ID=Atsept2078.1.p1;Parent=Atsept2078^scaffold_12^+;Name="ORF type:complete (+),score=12.83"
Warning: unexpected tab character in last column, line truncated:
scaffold_12	transdecoder	gene	11127288	11139322	.	+	.	ID=Atsept2082^scaffold_12^+;Name="ORF type:complete (+),score=17.47"scaffold_12	transdecoder	mRNA	11127288	11139322	.	+	.	ID=Atsept2082.1.p1;Parent=Atsept2082^scaffold_12^+;Name="ORF type:complete (+),score=17.47"
Warning: unexpected tab character in last column, line truncated:
scaffold_13	transdecoder	gene	19677615	19684253	.	-	.	ID=Atsept2094^scaffold_13^-;Name="ORF type:complete (+),score=10.38"scaffold_13	transdecoder	mRNA	19677615	19684253	.	-	.	ID=Atsept2094.1.p1;Parent=Atsept2094^scaffold_13^-;Name="ORF type:complete (+),score=10.38"
Warning: unexpected tab character in last column, line truncated:
scaffold_13	transdecoder	gene	1665816	1666270	.	+	.	ID=Atsept2106^scaffold_13^+;Name="ORF type:complete (+),score=13.10"scaffold_13	transdecoder	mRNA	1665816	1666270	.	+	.	ID=Atsept2106.1.p1;Parent=Atsept2106^scaffold_13^+;Name="ORF type:complete (+),score=13.10"
Warning: unexpected tab character in last column, line truncated:
scaffold_13	transdecoder	gene	19904046	19927080	.	-	.	ID=Atsept2110^scaffold_13^-;Name="ORF type:complete (+),score=42.92"scaffold_13	transdecoder	mRNA	19904046	19927080	.	-	.	ID=Atsept2110.1.p1;Parent=Atsept2110^scaffold_13^-;Name="ORF type:complete (+),score=42.92"
Warning: unexpected tab character in last column, line truncated:
scaffold_13	transdecoder	gene	20370959	20372803	.	-	.	ID=Atsept2129^scaffold_13^-;Name="ORF type:complete (+),score=97.42"scaffold_13	transdecoder	mRNA	20370959	20372803	.	-	.	ID=Atsept2129.1.p1;Parent=Atsept2129^scaffold_13^-;Name="ORF type:complete (+),score=97.42"
Warning: unexpected tab character in last column, line truncated:
scaffold_13	transdecoder	gene	2258357	2259349	.	-	.	ID=Atsept2361^scaffold_13^-;Name="ORF type:complete (+),score=13.44"scaffold_13	transdecoder	mRNA	2258357	2259349	.	-	.	ID=Atsept2361.1.p5;Parent=Atsept2361^scaffold_13^-;Name="ORF type:complete (+),score=13.44"
Warning: unexpected tab character in last column, line truncated:
scaffold_13	transdecoder	gene	25125603	25126637	.	-	.	ID=Atsept2382^scaffold_13^-;Name="ORF type:complete (+),score=9.73"scaffold_13	transdecoder	mRNA	25125603	25126637	.	-	.	ID=Atsept2382.1.p2;Parent=Atsept2382^scaffold_13^-;Name="ORF type:complete (+),score=9.73"
Warning: unexpected tab character in last column, line truncated:
scaffold_13	transdecoder	gene	25191443	25216034	.	-	.	ID=Atsept2388^scaffold_13^-;Name="ORF type:complete (+),score=18.10"scaffold_13	transdecoder	mRNA	25191443	25216034	.	-	.	ID=Atsept2388.1.p3;Parent=Atsept2388^scaffold_13^-;Name="ORF type:complete (+),score=18.10"
Warning: unexpected tab character in last column, line truncated:
scaffold_13	transdecoder	gene	25222868	25224137	.	+	.	ID=Atsept2390^scaffold_13^+;Name="ORF type:complete (+),score=17.53"scaffold_13	transdecoder	mRNA	25222868	25224137	.	+	.	ID=Atsept2390.1.p1;Parent=Atsept2390^scaffold_13^+;Name="ORF type:complete (+),score=17.53"
Warning: unexpected tab character in last column, line truncated:
scaffold_13	transdecoder	gene	2381448	2385830	.	+	.	ID=Atsept2405^scaffold_13^+;Name="ORF type:complete (+),score=1.63"scaffold_13	transdecoder	mRNA	2381448	2385830	.	+	.	ID=Atsept2405.1.p12;Parent=Atsept2405^scaffold_13^+;Name="ORF type:complete (+),score=1.63"
Warning: unexpected tab character in last column, line truncated:
scaffold_13	transdecoder	gene	26279042	26283486	.	-	.	ID=Atsept2418^scaffold_13^-;Name="ORF type:complete (+),score=17.12"scaffold_13	transdecoder	mRNA	26279042	26283486	.	-	.	ID=Atsept2418.1.p2;Parent=Atsept2418^scaffold_13^-;Name="ORF type:complete (+),score=17.12"
Warning: unexpected tab character in last column, line truncated:
scaffold_13	transdecoder	gene	26367888	26370600	.	-	.	ID=Atsept2420^scaffold_13^-;Name="ORF type:complete (+),score=14.14"scaffold_13	transdecoder	mRNA	26367888	26370600	.	-	.	ID=Atsept2420.1.p9;Parent=Atsept2420^scaffold_13^-;Name="ORF type:complete (+),score=14.14"
Warning: unexpected tab character in last column, line truncated:
scaffold_13	transdecoder	gene	27207779	27230015	.	+	.	ID=Atsept2442^scaffold_13^+;Name="ORF type:complete (+),score=16.04"scaffold_13	transdecoder	mRNA	27207779	27230015	.	+	.	ID=Atsept2442.1.p2;Parent=Atsept2442^scaffold_13^+;Name="ORF type:complete (+),score=16.04"
Warning: unexpected tab character in last column, line truncated:
scaffold_13	transdecoder	gene	27307800	27310760	.	+	.	ID=Atsept2446^scaffold_13^+;Name="ORF type:5prime_partial (+),score=6.53"scaffold_13	transdecoder	mRNA	27307800	27310760	.	+	.	ID=Atsept2446.1.p2;Parent=Atsept2446^scaffold_13^+;Name="ORF type:5prime_partial (+),score=6.53"
Warning: unexpected tab character in last column, line truncated:
scaffold_13	transdecoder	gene	27784882	27786773	.	-	.	ID=Atsept2469^scaffold_13^-;Name="ORF type:5prime_partial (+),score=72.92"scaffold_13	transdecoder	mRNA	27784882	27786773	.	-	.	ID=Atsept2469.1.p1;Parent=Atsept2469^scaffold_13^-;Name="ORF type:5prime_partial (+),score=72.92"
Warning: unexpected tab character in last column, line truncated:
scaffold_13	transdecoder	gene	28297181	28313757	.	-	.	ID=Atsept2478^scaffold_13^-;Name="ORF type:5prime_partial (+),score=9.98"scaffold_13	transdecoder	mRNA	28297181	28313757	.	-	.	ID=Atsept2478.1.p3;Parent=Atsept2478^scaffold_13^-;Name="ORF type:5prime_partial (+),score=9.98"
Warning: unexpected tab character in last column, line truncated:
scaffold_13	transdecoder	gene	28671168	28684505	.	+	.	ID=Atsept2489^scaffold_13^+;Name="ORF type:complete (+),score=171.42"scaffold_13	transdecoder	mRNA	28671168	28684505	.	+	.	ID=Atsept2489.1.p1;Parent=Atsept2489^scaffold_13^+;Name="ORF type:complete (+),score=171.42"
Warning: unexpected tab character in last column, line truncated:
scaffold_13	transdecoder	gene	29059085	29073733	.	-	.	ID=Atsept2506^scaffold_13^-;Name="ORF type:complete (+),score=15.31"scaffold_13	transdecoder	mRNA	29059085	29073733	.	-	.	ID=Atsept2506.1.p1;Parent=Atsept2506^scaffold_13^-;Name="ORF type:complete (+),score=15.31"
Warning: unexpected tab character in last column, line truncated:
scaffold_13	transdecoder	gene	29306767	29318937	.	-	.	ID=Atsept2513^scaffold_13^-;Name="ORF type:complete (+),score=10.69"scaffold_13	transdecoder	mRNA	29306767	29318937	.	-	.	ID=Atsept2513.1.p5;Parent=Atsept2513^scaffold_13^-;Name="ORF type:complete (+),score=10.69"
Warning: unexpected tab character in last column, line truncated:
scaffold_13	transdecoder	gene	2921333	2927869	.	+	.	ID=Atsept2525^scaffold_13^+;Name="ORF type:complete (+),score=43.01"scaffold_13	transdecoder	mRNA	2921333	2927869	.	+	.	ID=Atsept2525.1.p2;Parent=Atsept2525^scaffold_13^+;Name="ORF type:complete (+),score=43.01"
Warning: unexpected tab character in last column, line truncated:
scaffold_13	transdecoder	gene	30158743	30159271	.	-	.	ID=Atsept2538^scaffold_13^-;Name="ORF type:complete (+),score=13.73"scaffold_13	transdecoder	mRNA	30158743	30159271	.	-	.	ID=Atsept2538.1.p1;Parent=Atsept2538^scaffold_13^-;Name="ORF type:complete (+),score=13.73"
Warning: unexpected tab character in last column, line truncated:
scaffold_13	transdecoder	gene	2932735	2936367	.	-	.	ID=Atsept2549^scaffold_13^-;Name="ORF type:complete (+),score=26.89"scaffold_13	transdecoder	mRNA	2932735	2936367	.	-	.	ID=Atsept2549.1.p3;Parent=Atsept2549^scaffold_13^-;Name="ORF type:complete (+),score=26.89"
Warning: unexpected tab character in last column, line truncated:
scaffold_13	transdecoder	gene	31185763	31191030	.	-	.	ID=Atsept2553^scaffold_13^-;Name="ORF type:complete (+),score=4.25"scaffold_13	transdecoder	mRNA	31185763	31191030	.	-	.	ID=Atsept2553.1.p5;Parent=Atsept2553^scaffold_13^-;Name="ORF type:complete (+),score=4.25"
Warning: unexpected tab character in last column, line truncated:
scaffold_13	transdecoder	gene	31259174	31263750	.	+	.	ID=Atsept2554^scaffold_13^+;Name="ORF type:complete (+),score=3.60"scaffold_13	transdecoder	mRNA	31259174	31263750	.	+	.	ID=Atsept2554.1.p1;Parent=Atsept2554^scaffold_13^+;Name="ORF type:complete (+),score=3.60"
Warning: unexpected tab character in last column, line truncated:
scaffold_13	transdecoder	gene	31342216	31344333	.	-	.	ID=Atsept2556^scaffold_13^-;Name="ORF type:complete (+),score=27.28"scaffold_13	transdecoder	mRNA	31342216	31344333	.	-	.	ID=Atsept2556.1.p2;Parent=Atsept2556^scaffold_13^-;Name="ORF type:complete (+),score=27.28"
Warning: unexpected tab character in last column, line truncated:
scaffold_13	transdecoder	gene	31540768	31561471	.	+	.	ID=Atsept2561^scaffold_13^+;Name="ORF type:complete (+),score=11.75"scaffold_13	transdecoder	mRNA	31540768	31561471	.	+	.	ID=Atsept2561.1.p3;Parent=Atsept2561^scaffold_13^+;Name="ORF type:complete (+),score=11.75"
Warning: unexpected tab character in last column, line truncated:
scaffold_13	transdecoder	gene	32063157	32075093	.	+	.	ID=Atsept2568^scaffold_13^+;Name="ORF type:complete (+),score=19.94"scaffold_13	transdecoder	mRNA	32063157	32075093	.	+	.	ID=Atsept2568.1.p2;Parent=Atsept2568^scaffold_13^+;Name="ORF type:complete (+),score=19.94"
Warning: unexpected tab character in last column, line truncated:
scaffold_13	transdecoder	gene	33462495	33466243	.	+	.	ID=Atsept2596^scaffold_13^+;Name="ORF type:complete (+),score=20.28"scaffold_13	transdecoder	mRNA	33462495	33466243	.	+	.	ID=Atsept2596.1.p1;Parent=Atsept2596^scaffold_13^+;Name="ORF type:complete (+),score=20.28"
Warning: unexpected tab character in last column, line truncated:
scaffold_13	transdecoder	gene	33530327	33544878	.	+	.	ID=Atsept2599^scaffold_13^+;Name="ORF type:complete (+),score=40.76"scaffold_13	transdecoder	mRNA	33530327	33544878	.	+	.	ID=Atsept2599.1.p1;Parent=Atsept2599^scaffold_13^+;Name="ORF type:complete (+),score=40.76"
Warning: unexpected tab character in last column, line truncated:
scaffold_13	transdecoder	gene	33781170	33782885	.	-	.	ID=Atsept2608^scaffold_13^-;Name="ORF type:5prime_partial (+),score=14.57"scaffold_13	transdecoder	mRNA	33781170	33782885	.	-	.	ID=Atsept2608.1.p1;Parent=Atsept2608^scaffold_13^-;Name="ORF type:5prime_partial (+),score=14.57"
Warning: unexpected tab character in last column, line truncated:
scaffold_13	transdecoder	gene	35368012	35373932	.	+	.	ID=Atsept2620^scaffold_13^+;Name="ORF type:complete (+),score=3.29"scaffold_13	transdecoder	mRNA	35368012	35373932	.	+	.	ID=Atsept2620.1.p9;Parent=Atsept2620^scaffold_13^+;Name="ORF type:complete (+),score=3.29"
Warning: unexpected tab character in last column, line truncated:
scaffold_13	transdecoder	gene	35779993	35783355	.	-	.	ID=Atsept2631^scaffold_13^-;Name="ORF type:complete (+),score=6.08"scaffold_13	transdecoder	mRNA	35779993	35783355	.	-	.	ID=Atsept2631.1.p2;Parent=Atsept2631^scaffold_13^-;Name="ORF type:complete (+),score=6.08"
Warning: unexpected tab character in last column, line truncated:
scaffold_13	transdecoder	gene	36142457	36154929	.	-	.	ID=Atsept2639^scaffold_13^-;Name="ORF type:complete (+),score=9.06"scaffold_13	transdecoder	mRNA	36142457	36154929	.	-	.	ID=Atsept2639.1.p4;Parent=Atsept2639^scaffold_13^-;Name="ORF type:complete (+),score=9.06"
Warning: unexpected tab character in last column, line truncated:
scaffold_13	transdecoder	gene	37748181	37749573	.	+	.	ID=Atsept2665^scaffold_13^+;Name="ORF type:complete (+),score=5.60"scaffold_13	transdecoder	mRNA	37748181	37749573	.	+	.	ID=Atsept2665.1.p2;Parent=Atsept2665^scaffold_13^+;Name="ORF type:complete (+),score=5.60"
Warning: unexpected tab character in last column, line truncated:
scaffold_13	transdecoder	gene	41253699	41304131	.	+	.	ID=Atsept2726^scaffold_13^+;Name="ORF type:5prime_partial (+),score=11.88"scaffold_13	transdecoder	mRNA	41253699	41304131	.	+	.	ID=Atsept2726.1.p1;Parent=Atsept2726^scaffold_13^+;Name="ORF type:5prime_partial (+),score=11.88"
Warning: unexpected tab character in last column, line truncated:
scaffold_13	transdecoder	gene	41362531	41373463	.	-	.	ID=Atsept2728^scaffold_13^-;Name="ORF type:complete (+),score=24.80"scaffold_13	transdecoder	mRNA	41362531	41373463	.	-	.	ID=Atsept2728.1.p1;Parent=Atsept2728^scaffold_13^-;Name="ORF type:complete (+),score=24.80"
Warning: unexpected tab character in last column, line truncated:
scaffold_13	transdecoder	gene	41399962	41417029	.	-	.	ID=Atsept2729^scaffold_13^-;Name="ORF type:complete (+),score=6.84"scaffold_13	transdecoder	mRNA	41399962	41417029	.	-	.	ID=Atsept2729.1.p3;Parent=Atsept2729^scaffold_13^-;Name="ORF type:complete (+),score=6.84"
Warning: unexpected tab character in last column, line truncated:
scaffold_13	transdecoder	gene	41711448	41721097	.	-	.	ID=Atsept2734^scaffold_13^-;Name="ORF type:5prime_partial (+),score=4.26"scaffold_13	transdecoder	mRNA	41711448	41721097	.	-	.	ID=Atsept2734.1.p3;Parent=Atsept2734^scaffold_13^-;Name="ORF type:5prime_partial (+),score=4.26"
Warning: unexpected tab character in last column, line truncated:
scaffold_13	transdecoder	gene	42034765	42036305	.	+	.	ID=Atsept2743^scaffold_13^+;Name="ORF type:complete (+),score=16.23"scaffold_13	transdecoder	mRNA	42034765	42036305	.	+	.	ID=Atsept2743.1.p2;Parent=Atsept2743^scaffold_13^+;Name="ORF type:complete (+),score=16.23"
Warning: unexpected tab character in last column, line truncated:
scaffold_13	transdecoder	gene	42047242	42050572	.	+	.	ID=Atsept2744^scaffold_13^+;Name="ORF type:complete (+),score=6.21"scaffold_13	transdecoder	mRNA	42047242	42050572	.	+	.	ID=Atsept2744.1.p11;Parent=Atsept2744^scaffold_13^+;Name="ORF type:complete (+),score=6.21"
Warning: unexpected tab character in last column, line truncated:
scaffold_13	transdecoder	gene	42153179	42155812	.	+	.	ID=Atsept2749^scaffold_13^+;Name="ORF type:complete (+),score=9.59"scaffold_13	transdecoder	mRNA	42153179	42155812	.	+	.	ID=Atsept2749.1.p2;Parent=Atsept2749^scaffold_13^+;Name="ORF type:complete (+),score=9.59"
Warning: unexpected tab character in last column, line truncated:
scaffold_13	transdecoder	gene	42577454	42582211	.	-	.	ID=Atsept2762^scaffold_13^-;Name="ORF type:complete (+),score=116.63"scaffold_13	transdecoder	mRNA	42577454	42582211	.	-	.	ID=Atsept2762.1.p1;Parent=Atsept2762^scaffold_13^-;Name="ORF type:complete (+),score=116.63"
Warning: unexpected tab character in last column, line truncated:
scaffold_13	transdecoder	gene	42601350	42604019	.	+	.	ID=Atsept2763^scaffold_13^+;Name="ORF type:complete (+),score=22.78"scaffold_13	transdecoder	mRNA	42601350	42604019	.	+	.	ID=Atsept2763.1.p1;Parent=Atsept2763^scaffold_13^+;Name="ORF type:complete (+),score=22.78"
Warning: unexpected tab character in last column, line truncated:
scaffold_13	transdecoder	gene	42584050	42588167	.	-	.	ID=Atsept2764^scaffold_13^-;Name="ORF type:complete (+),score=41.62"scaffold_13	transdecoder	mRNA	42584050	42588167	.	-	.	ID=Atsept2764.1.p1;Parent=Atsept2764^scaffold_13^-;Name="ORF type:complete (+),score=41.62"
Warning: unexpected tab character in last column, line truncated:
scaffold_13	transdecoder	gene	42588359	42593091	.	-	.	ID=Atsept2765^scaffold_13^-;Name="ORF type:complete (+),score=94.11"scaffold_13	transdecoder	mRNA	42588359	42593091	.	-	.	ID=Atsept2765.1.p1;Parent=Atsept2765^scaffold_13^-;Name="ORF type:complete (+),score=94.11"
Warning: unexpected tab character in last column, line truncated:
scaffold_13	transdecoder	gene	42594931	42599715	.	-	.	ID=Atsept2766^scaffold_13^-;Name="ORF type:complete (+),score=121.36"scaffold_13	transdecoder	mRNA	42594931	42599715	.	-	.	ID=Atsept2766.1.p1;Parent=Atsept2766^scaffold_13^-;Name="ORF type:complete (+),score=121.36"
Warning: unexpected tab character in last column, line truncated:
scaffold_13	transdecoder	gene	42602516	42605077	.	-	.	ID=Atsept2767^scaffold_13^-;Name="ORF type:complete (+),score=70.03"scaffold_13	transdecoder	mRNA	42602516	42605077	.	-	.	ID=Atsept2767.1.p1;Parent=Atsept2767^scaffold_13^-;Name="ORF type:complete (+),score=70.03"
Warning: unexpected tab character in last column, line truncated:
scaffold_13	transdecoder	gene	42610213	42619373	.	-	.	ID=Atsept2768^scaffold_13^-;Name="ORF type:complete (+),score=175.06"scaffold_13	transdecoder	mRNA	42610213	42619373	.	-	.	ID=Atsept2768.1.p1;Parent=Atsept2768^scaffold_13^-;Name="ORF type:complete (+),score=175.06"
Warning: unexpected tab character in last column, line truncated:
scaffold_13	transdecoder	gene	42623524	42632109	.	-	.	ID=Atsept2769^scaffold_13^-;Name="ORF type:complete (+),score=120.04"scaffold_13	transdecoder	mRNA	42623524	42632109	.	-	.	ID=Atsept2769.1.p2;Parent=Atsept2769^scaffold_13^-;Name="ORF type:complete (+),score=120.04"
Warning: unexpected tab character in last column, line truncated:
scaffold_13	transdecoder	gene	42641488	42643944	.	-	.	ID=Atsept2771^scaffold_13^-;Name="ORF type:complete (+),score=120.02"scaffold_13	transdecoder	mRNA	42641488	42643944	.	-	.	ID=Atsept2771.1.p1;Parent=Atsept2771^scaffold_13^-;Name="ORF type:complete (+),score=120.02"
Warning: unexpected tab character in last column, line truncated:
scaffold_13	transdecoder	gene	42643948	42651026	.	-	.	ID=Atsept2772^scaffold_13^-;Name="ORF type:complete (+),score=69.54"scaffold_13	transdecoder	mRNA	42643948	42651026	.	-	.	ID=Atsept2772.1.p1;Parent=Atsept2772^scaffold_13^-;Name="ORF type:complete (+),score=69.54"
Warning: unexpected tab character in last column, line truncated:
scaffold_13	transdecoder	gene	42658030	42662178	.	-	.	ID=Atsept2773^scaffold_13^-;Name="ORF type:complete (+),score=120.26"scaffold_13	transdecoder	mRNA	42658030	42662178	.	-	.	ID=Atsept2773.1.p2;Parent=Atsept2773^scaffold_13^-;Name="ORF type:complete (+),score=120.26"
Warning: unexpected tab character in last column, line truncated:
scaffold_13	transdecoder	gene	42672889	42677036	.	-	.	ID=Atsept2774^scaffold_13^-;Name="ORF type:complete (+),score=123.72"scaffold_13	transdecoder	mRNA	42672889	42677036	.	-	.	ID=Atsept2774.1.p2;Parent=Atsept2774^scaffold_13^-;Name="ORF type:complete (+),score=123.72"
Warning: unexpected tab character in last column, line truncated:
scaffold_13	transdecoder	gene	42686915	42689358	.	-	.	ID=Atsept2775^scaffold_13^-;Name="ORF type:complete (+),score=123.09"scaffold_13	transdecoder	mRNA	42686915	42689358	.	-	.	ID=Atsept2775.1.p1;Parent=Atsept2775^scaffold_13^-;Name="ORF type:complete (+),score=123.09"
Warning: unexpected tab character in last column, line truncated:
scaffold_13	transdecoder	gene	42689361	42696414	.	-	.	ID=Atsept2776^scaffold_13^-;Name="ORF type:complete (+),score=26.54"scaffold_13	transdecoder	mRNA	42689361	42696414	.	-	.	ID=Atsept2776.1.p1;Parent=Atsept2776^scaffold_13^-;Name="ORF type:complete (+),score=26.54"
Warning: unexpected tab character in last column, line truncated:
scaffold_13	transdecoder	gene	42702571	42711496	.	-	.	ID=Atsept2777^scaffold_13^-;Name="ORF type:complete (+),score=162.33"scaffold_13	transdecoder	mRNA	42702571	42711496	.	-	.	ID=Atsept2777.1.p1;Parent=Atsept2777^scaffold_13^-;Name="ORF type:complete (+),score=162.33"
Warning: unexpected tab character in last column, line truncated:
scaffold_13	transdecoder	gene	42715896	42718438	.	-	.	ID=Atsept2778^scaffold_13^-;Name="ORF type:complete (+),score=120.04"scaffold_13	transdecoder	mRNA	42715896	42718438	.	-	.	ID=Atsept2778.1.p1;Parent=Atsept2778^scaffold_13^-;Name="ORF type:complete (+),score=120.04"
Warning: unexpected tab character in last column, line truncated:
scaffold_13	transdecoder	gene	42729291	42731442	.	-	.	ID=Atsept2779^scaffold_13^-;Name="ORF type:complete (+),score=45.74"scaffold_13	transdecoder	mRNA	42729291	42731442	.	-	.	ID=Atsept2779.1.p1;Parent=Atsept2779^scaffold_13^-;Name="ORF type:complete (+),score=45.74"
Warning: unexpected tab character in last column, line truncated:
scaffold_13	transdecoder	gene	3514415	3519679	.	-	.	ID=Atsept2781^scaffold_13^-;Name="ORF type:complete (+),score=17.52"scaffold_13	transdecoder	mRNA	3514415	3519679	.	-	.	ID=Atsept2781.1.p1;Parent=Atsept2781^scaffold_13^-;Name="ORF type:complete (+),score=17.52"
Warning: unexpected tab character in last column, line truncated:
scaffold_13	transdecoder	gene	43142954	43158212	.	+	.	ID=Atsept2789^scaffold_13^+;Name="ORF type:complete (+),score=63.60"scaffold_13	transdecoder	mRNA	43142954	43158212	.	+	.	ID=Atsept2789.1.p1;Parent=Atsept2789^scaffold_13^+;Name="ORF type:complete (+),score=63.60"
Warning: unexpected tab character in last column, line truncated:
scaffold_13	transdecoder	gene	3569473	3570072	.	-	.	ID=Atsept2825^scaffold_13^-;Name="ORF type:complete (+),score=26.96"scaffold_13	transdecoder	mRNA	3569473	3570072	.	-	.	ID=Atsept2825.1.p3;Parent=Atsept2825^scaffold_13^-;Name="ORF type:complete (+),score=26.96"
Warning: unexpected tab character in last column, line truncated:
scaffold_13	transdecoder	gene	3575146	3575700	.	-	.	ID=Atsept2836^scaffold_13^-;Name="ORF type:5prime_partial (+),score=21.91"scaffold_13	transdecoder	mRNA	3575146	3575700	.	-	.	ID=Atsept2836.1.p2;Parent=Atsept2836^scaffold_13^-;Name="ORF type:5prime_partial (+),score=21.91"
Warning: unexpected tab character in last column, line truncated:
scaffold_13	transdecoder	gene	46477677	46489629	.	-	.	ID=Atsept2864^scaffold_13^-;Name="ORF type:complete (+),score=43.79"scaffold_13	transdecoder	mRNA	46477677	46489629	.	-	.	ID=Atsept2864.1.p2;Parent=Atsept2864^scaffold_13^-;Name="ORF type:complete (+),score=43.79"
Warning: unexpected tab character in last column, line truncated:
scaffold_13	transdecoder	gene	46499555	46515053	.	+	.	ID=Atsept2865^scaffold_13^+;Name="ORF type:complete (+),score=15.39"scaffold_13	transdecoder	mRNA	46499555	46515053	.	+	.	ID=Atsept2865.1.p1;Parent=Atsept2865^scaffold_13^+;Name="ORF type:complete (+),score=15.39"
Warning: unexpected tab character in last column, line truncated:
scaffold_13	transdecoder	gene	46629451	46658968	.	+	.	ID=Atsept2866^scaffold_13^+;Name="ORF type:complete (+),score=26.96"scaffold_13	transdecoder	mRNA	46629451	46658968	.	+	.	ID=Atsept2866.1.p2;Parent=Atsept2866^scaffold_13^+;Name="ORF type:complete (+),score=26.96"
Warning: unexpected tab character in last column, line truncated:
scaffold_13	transdecoder	gene	46645979	46648052	.	-	.	ID=Atsept2868^scaffold_13^-;Name="ORF type:complete (+),score=123.09"scaffold_13	transdecoder	mRNA	46645979	46648052	.	-	.	ID=Atsept2868.1.p1;Parent=Atsept2868^scaffold_13^-;Name="ORF type:complete (+),score=123.09"
Warning: unexpected tab character in last column, line truncated:
scaffold_13	transdecoder	gene	48105590	48109079	.	-	.	ID=Atsept2891^scaffold_13^-;Name="ORF type:complete (+),score=19.36"scaffold_13	transdecoder	mRNA	48105590	48109079	.	-	.	ID=Atsept2891.1.p3;Parent=Atsept2891^scaffold_13^-;Name="ORF type:complete (+),score=19.36"
Warning: unexpected tab character in last column, line truncated:
scaffold_13	transdecoder	gene	3649871	3650706	.	-	.	ID=Atsept2894^scaffold_13^-;Name="ORF type:complete (+),score=32.12"scaffold_13	transdecoder	mRNA	3649871	3650706	.	-	.	ID=Atsept2894.1.p2;Parent=Atsept2894^scaffold_13^-;Name="ORF type:complete (+),score=32.12"
Warning: unexpected tab character in last column, line truncated:
scaffold_13	transdecoder	gene	48217096	48232278	.	-	.	ID=Atsept2898^scaffold_13^-;Name="ORF type:complete (+),score=14.87"scaffold_13	transdecoder	mRNA	48217096	48232278	.	-	.	ID=Atsept2898.1.p3;Parent=Atsept2898^scaffold_13^-;Name="ORF type:complete (+),score=14.87"
Warning: unexpected tab character in last column, line truncated:
scaffold_13	transdecoder	gene	3654091	3661542	.	-	.	ID=Atsept2905^scaffold_13^-;Name="ORF type:complete (+),score=23.53"scaffold_13	transdecoder	mRNA	3654091	3661542	.	-	.	ID=Atsept2905.1.p2;Parent=Atsept2905^scaffold_13^-;Name="ORF type:complete (+),score=23.53"
Warning: unexpected tab character in last column, line truncated:
scaffold_13	transdecoder	gene	49394248	49397298	.	+	.	ID=Atsept2919^scaffold_13^+;Name="ORF type:complete (+),score=18.78"scaffold_13	transdecoder	mRNA	49394248	49397298	.	+	.	ID=Atsept2919.1.p1;Parent=Atsept2919^scaffold_13^+;Name="ORF type:complete (+),score=18.78"
Warning: unexpected tab character in last column, line truncated:
scaffold_13	transdecoder	gene	49376428	49378935	.	-	.	ID=Atsept2920^scaffold_13^-;Name="ORF type:complete (+),score=17.35"scaffold_13	transdecoder	mRNA	49376428	49378935	.	-	.	ID=Atsept2920.1.p1;Parent=Atsept2920^scaffold_13^-;Name="ORF type:complete (+),score=17.35"
Warning: unexpected tab character in last column, line truncated:
scaffold_13	transdecoder	gene	49682238	49683658	.	-	.	ID=Atsept2925^scaffold_13^-;Name="ORF type:complete (+),score=22.51"scaffold_13	transdecoder	mRNA	49682238	49683658	.	-	.	ID=Atsept2925.1.p2;Parent=Atsept2925^scaffold_13^-;Name="ORF type:complete (+),score=22.51"
Warning: unexpected tab character in last column, line truncated:
scaffold_13	transdecoder	gene	3676957	3679234	.	-	.	ID=Atsept2940^scaffold_13^-;Name="ORF type:5prime_partial (+),score=13.61"scaffold_13	transdecoder	mRNA	3676957	3679234	.	-	.	ID=Atsept2940.1.p4;Parent=Atsept2940^scaffold_13^-;Name="ORF type:5prime_partial (+),score=13.61"
Warning: unexpected tab character in last column, line truncated:
scaffold_13	transdecoder	gene	50502039	50507668	.	-	.	ID=Atsept2941^scaffold_13^-;Name="ORF type:5prime_partial (+),score=35.89"scaffold_13	transdecoder	mRNA	50502039	50507668	.	-	.	ID=Atsept2941.1.p2;Parent=Atsept2941^scaffold_13^-;Name="ORF type:5prime_partial (+),score=35.89"
Warning: unexpected tab character in last column, line truncated:
scaffold_13	transdecoder	gene	51095851	51100119	.	+	.	ID=Atsept2947^scaffold_13^+;Name="ORF type:complete (+),score=25.34"scaffold_13	transdecoder	mRNA	51095851	51100119	.	+	.	ID=Atsept2947.1.p2;Parent=Atsept2947^scaffold_13^+;Name="ORF type:complete (+),score=25.34"
Warning: unexpected tab character in last column, line truncated:
scaffold_13	transdecoder	gene	51326119	51326828	.	+	.	ID=Atsept2952^scaffold_13^+;Name="ORF type:complete (+),score=14.32"scaffold_13	transdecoder	mRNA	51326119	51326828	.	+	.	ID=Atsept2952.1.p3;Parent=Atsept2952^scaffold_13^+;Name="ORF type:complete (+),score=14.32"
Warning: unexpected tab character in last column, line truncated:
scaffold_13	transdecoder	gene	3859847	3863430	.	-	.	ID=Atsept2977^scaffold_13^-;Name="ORF type:complete (+),score=13.45"scaffold_13	transdecoder	mRNA	3859847	3863430	.	-	.	ID=Atsept2977.1.p3;Parent=Atsept2977^scaffold_13^-;Name="ORF type:complete (+),score=13.45"
Warning: unexpected tab character in last column, line truncated:
scaffold_13	transdecoder	gene	4113174	4142719	.	-	.	ID=Atsept2989^scaffold_13^-;Name="ORF type:complete (+),score=103.39"scaffold_13	transdecoder	mRNA	4113174	4142719	.	-	.	ID=Atsept2989.1.p1;Parent=Atsept2989^scaffold_13^-;Name="ORF type:complete (+),score=103.39"
Warning: unexpected tab character in last column, line truncated:
scaffold_13	transdecoder	gene	276887	315743	.	-	.	ID=Atsept2990^scaffold_13^-;Name="ORF type:complete (+),score=185.04"scaffold_13	transdecoder	mRNA	276887	315743	.	-	.	ID=Atsept2990.1.p1;Parent=Atsept2990^scaffold_13^-;Name="ORF type:complete (+),score=185.04"
Warning: unexpected tab character in last column, line truncated:
scaffold_13	transdecoder	gene	4320974	4330800	.	-	.	ID=Atsept2997^scaffold_13^-;Name="ORF type:5prime_partial (+),score=8.23"scaffold_13	transdecoder	mRNA	4320974	4330800	.	-	.	ID=Atsept2997.1.p19;Parent=Atsept2997^scaffold_13^-;Name="ORF type:5prime_partial (+),score=8.23"
Warning: unexpected tab character in last column, line truncated:
scaffold_13	transdecoder	gene	4660025	4668452	.	+	.	ID=Atsept3011^scaffold_13^+;Name="ORF type:complete (+),score=12.24"scaffold_13	transdecoder	mRNA	4660025	4668452	.	+	.	ID=Atsept3011.1.p6;Parent=Atsept3011^scaffold_13^+;Name="ORF type:complete (+),score=12.24"
Warning: unexpected tab character in last column, line truncated:
scaffold_13	transdecoder	gene	4735824	4741342	.	+	.	ID=Atsept3015^scaffold_13^+;Name="ORF type:complete (+),score=51.44"scaffold_13	transdecoder	mRNA	4735824	4741342	.	+	.	ID=Atsept3015.1.p2;Parent=Atsept3015^scaffold_13^+;Name="ORF type:complete (+),score=51.44"
Warning: unexpected tab character in last column, line truncated:
scaffold_13	transdecoder	gene	4919864	4931007	.	-	.	ID=Atsept3025^scaffold_13^-;Name="ORF type:complete (+),score=6.24"scaffold_13	transdecoder	mRNA	4919864	4931007	.	-	.	ID=Atsept3025.1.p2;Parent=Atsept3025^scaffold_13^-;Name="ORF type:complete (+),score=6.24"
Warning: unexpected tab character in last column, line truncated:
scaffold_13	transdecoder	gene	5047786	5058330	.	-	.	ID=Atsept3030^scaffold_13^-;Name="ORF type:complete (+),score=22.10"scaffold_13	transdecoder	mRNA	5047786	5058330	.	-	.	ID=Atsept3030.1.p2;Parent=Atsept3030^scaffold_13^-;Name="ORF type:complete (+),score=22.10"
Warning: unexpected tab character in last column, line truncated:
scaffold_13	transdecoder	gene	5098092	5098770	.	-	.	ID=Atsept3032^scaffold_13^-;Name="ORF type:internal (+),score=22.47"scaffold_13	transdecoder	mRNA	5098092	5098770	.	-	.	ID=Atsept3032.1.p1;Parent=Atsept3032^scaffold_13^-;Name="ORF type:internal (+),score=22.47"
Warning: unexpected tab character in last column, line truncated:
scaffold_13	transdecoder	gene	5238485	5241024	.	-	.	ID=Atsept3033^scaffold_13^-;Name="ORF type:complete (+),score=77.16"scaffold_13	transdecoder	mRNA	5238485	5241024	.	-	.	ID=Atsept3033.1.p1;Parent=Atsept3033^scaffold_13^-;Name="ORF type:complete (+),score=77.16"
Warning: unexpected tab character in last column, line truncated:
scaffold_13	transdecoder	gene	5244265	5245951	.	-	.	ID=Atsept3034^scaffold_13^-;Name="ORF type:complete (+),score=14.30"scaffold_13	transdecoder	mRNA	5244265	5245951	.	-	.	ID=Atsept3034.1.p2;Parent=Atsept3034^scaffold_13^-;Name="ORF type:complete (+),score=14.30"
Warning: unexpected tab character in last column, line truncated:
scaffold_13	transdecoder	gene	365513	367032	.	+	.	ID=Atsept3046^scaffold_13^+;Name="ORF type:5prime_partial (+),score=30.95"scaffold_13	transdecoder	mRNA	365513	367032	.	+	.	ID=Atsept3046.1.p2;Parent=Atsept3046^scaffold_13^+;Name="ORF type:5prime_partial (+),score=30.95"
Warning: unexpected tab character in last column, line truncated:
scaffold_13	transdecoder	gene	362843	365580	.	-	.	ID=Atsept3079^scaffold_13^-;Name="ORF type:complete (+),score=63.75"scaffold_13	transdecoder	mRNA	362843	365580	.	-	.	ID=Atsept3079.1.p1;Parent=Atsept3079^scaffold_13^-;Name="ORF type:complete (+),score=63.75"
Warning: unexpected tab character in last column, line truncated:
scaffold_13	transdecoder	gene	378985	383750	.	-	.	ID=Atsept3101^scaffold_13^-;Name="ORF type:complete (+),score=74.87"scaffold_13	transdecoder	mRNA	378985	383750	.	-	.	ID=Atsept3101.1.p1;Parent=Atsept3101^scaffold_13^-;Name="ORF type:complete (+),score=74.87"
Warning: unexpected tab character in last column, line truncated:
scaffold_13	transdecoder	gene	436717	437572	.	-	.	ID=Atsept3168^scaffold_13^-;Name="ORF type:5prime_partial (+),score=17.63"scaffold_13	transdecoder	mRNA	436717	437572	.	-	.	ID=Atsept3168.1.p2;Parent=Atsept3168^scaffold_13^-;Name="ORF type:5prime_partial (+),score=17.63"
Warning: unexpected tab character in last column, line truncated:
scaffold_13	transdecoder	gene	7230872	7244491	.	+	.	ID=Atsept3171^scaffold_13^+;Name="ORF type:complete (+),score=14.36"scaffold_13	transdecoder	mRNA	7230872	7244491	.	+	.	ID=Atsept3171.1.p4;Parent=Atsept3171^scaffold_13^+;Name="ORF type:complete (+),score=14.36"
Warning: unexpected tab character in last column, line truncated:
scaffold_13	transdecoder	gene	488081	489256	.	-	.	ID=Atsept3201^scaffold_13^-;Name="ORF type:complete (+),score=32.19"scaffold_13	transdecoder	mRNA	488081	489256	.	-	.	ID=Atsept3201.1.p1;Parent=Atsept3201^scaffold_13^-;Name="ORF type:complete (+),score=32.19"
Warning: unexpected tab character in last column, line truncated:
scaffold_13	transdecoder	gene	509745	516451	.	+	.	ID=Atsept3212^scaffold_13^+;Name="ORF type:complete (+),score=125.90"scaffold_13	transdecoder	mRNA	509745	516451	.	+	.	ID=Atsept3212.1.p2;Parent=Atsept3212^scaffold_13^+;Name="ORF type:complete (+),score=125.90"
Warning: unexpected tab character in last column, line truncated:
scaffold_13	transdecoder	gene	7980402	7985133	.	+	.	ID=Atsept3232^scaffold_13^+;Name="ORF type:complete (+),score=13.43"scaffold_13	transdecoder	mRNA	7980402	7985133	.	+	.	ID=Atsept3232.1.p2;Parent=Atsept3232^scaffold_13^+;Name="ORF type:complete (+),score=13.43"
Warning: unexpected tab character in last column, line truncated:
scaffold_13	transdecoder	gene	547358	550577	.	-	.	ID=Atsept3256^scaffold_13^-;Name="ORF type:5prime_partial (+),score=37.30"scaffold_13	transdecoder	mRNA	547358	550577	.	-	.	ID=Atsept3256.1.p2;Parent=Atsept3256^scaffold_13^-;Name="ORF type:5prime_partial (+),score=37.30"
Warning: unexpected tab character in last column, line truncated:
scaffold_13	transdecoder	gene	567317	571856	.	-	.	ID=Atsept3278^scaffold_13^-;Name="ORF type:complete (+),score=83.11"scaffold_13	transdecoder	mRNA	567317	571856	.	-	.	ID=Atsept3278.1.p2;Parent=Atsept3278^scaffold_13^-;Name="ORF type:complete (+),score=83.11"
Warning: unexpected tab character in last column, line truncated:
scaffold_13	transdecoder	gene	8624160	8628178	.	+	.	ID=Atsept3279^scaffold_13^+;Name="ORF type:internal (+),score=14.84"scaffold_13	transdecoder	mRNA	8624160	8628178	.	+	.	ID=Atsept3279.1.p1;Parent=Atsept3279^scaffold_13^+;Name="ORF type:internal (+),score=14.84"
Warning: unexpected tab character in last column, line truncated:
scaffold_13	transdecoder	gene	8728481	8731726	.	-	.	ID=Atsept3284^scaffold_13^-;Name="ORF type:complete (+),score=3.89"scaffold_13	transdecoder	mRNA	8728481	8731726	.	-	.	ID=Atsept3284.1.p1;Parent=Atsept3284^scaffold_13^-;Name="ORF type:complete (+),score=3.89"
Warning: unexpected tab character in last column, line truncated:
scaffold_13	transdecoder	gene	8831629	8832174	.	-	.	ID=Atsept3290^scaffold_13^-;Name="ORF type:complete (+),score=24.64"scaffold_13	transdecoder	mRNA	8831629	8832174	.	-	.	ID=Atsept3290.1.p2;Parent=Atsept3290^scaffold_13^-;Name="ORF type:complete (+),score=24.64"
Warning: unexpected tab character in last column, line truncated:
scaffold_13	transdecoder	gene	8869449	8869969	.	-	.	ID=Atsept3295^scaffold_13^-;Name="ORF type:complete (+),score=37.94"scaffold_13	transdecoder	mRNA	8869449	8869969	.	-	.	ID=Atsept3295.1.p3;Parent=Atsept3295^scaffold_13^-;Name="ORF type:complete (+),score=37.94"
Warning: unexpected tab character in last column, line truncated:
scaffold_13	transdecoder	gene	8871283	8872697	.	-	.	ID=Atsept3296^scaffold_13^-;Name="ORF type:5prime_partial (+),score=30.43"scaffold_13	transdecoder	mRNA	8871283	8872697	.	-	.	ID=Atsept3296.1.p3;Parent=Atsept3296^scaffold_13^-;Name="ORF type:5prime_partial (+),score=30.43"
Warning: unexpected tab character in last column, line truncated:
scaffold_13	transdecoder	gene	8900838	8901927	.	+	.	ID=Atsept3297^scaffold_13^+;Name="ORF type:5prime_partial (+),score=28.02"scaffold_13	transdecoder	mRNA	8900838	8901927	.	+	.	ID=Atsept3297.1.p4;Parent=Atsept3297^scaffold_13^+;Name="ORF type:5prime_partial (+),score=28.02"
Warning: unexpected tab character in last column, line truncated:
scaffold_13	transdecoder	gene	9363792	9364287	.	-	.	ID=Atsept3317^scaffold_13^-;Name="ORF type:complete (+),score=23.33"scaffold_13	transdecoder	mRNA	9363792	9364287	.	-	.	ID=Atsept3317.1.p3;Parent=Atsept3317^scaffold_13^-;Name="ORF type:complete (+),score=23.33"
Warning: unexpected tab character in last column, line truncated:
scaffold_13	transdecoder	gene	735350	736896	.	-	.	ID=Atsept3357^scaffold_13^-;Name="ORF type:complete (+),score=31.80"scaffold_13	transdecoder	mRNA	735350	736896	.	-	.	ID=Atsept3357.1.p2;Parent=Atsept3357^scaffold_13^-;Name="ORF type:complete (+),score=31.80"
Warning: unexpected tab character in last column, line truncated:
scaffold_13	transdecoder	gene	832474	836529	.	+	.	ID=Atsept3422^scaffold_13^+;Name="ORF type:complete (+),score=42.83"scaffold_13	transdecoder	mRNA	832474	836529	.	+	.	ID=Atsept3422.1.p3;Parent=Atsept3422^scaffold_13^+;Name="ORF type:complete (+),score=42.83"
Warning: unexpected tab character in last column, line truncated:
scaffold_13	transdecoder	gene	836866	842426	.	+	.	ID=Atsept3433^scaffold_13^+;Name="ORF type:5prime_partial (+),score=10.38"scaffold_13	transdecoder	mRNA	836866	842426	.	+	.	ID=Atsept3433.1.p5;Parent=Atsept3433^scaffold_13^+;Name="ORF type:5prime_partial (+),score=10.38"
Warning: unexpected tab character in last column, line truncated:
scaffold_13	transdecoder	gene	11641117	11644268	.	+	.	ID=Atsept3468^scaffold_13^+;Name="ORF type:complete (+),score=10.37"scaffold_13	transdecoder	mRNA	11641117	11644268	.	+	.	ID=Atsept3468.1.p8;Parent=Atsept3468^scaffold_13^+;Name="ORF type:complete (+),score=10.37"
Warning: unexpected tab character in last column, line truncated:
scaffold_13	transdecoder	gene	12727964	12739839	.	+	.	ID=Atsept3536^scaffold_13^+;Name="ORF type:complete (+),score=6.11"scaffold_13	transdecoder	mRNA	12727964	12739839	.	+	.	ID=Atsept3536.1.p1;Parent=Atsept3536^scaffold_13^+;Name="ORF type:complete (+),score=6.11"
Warning: unexpected tab character in last column, line truncated:
scaffold_13	transdecoder	gene	1041592	1046398	.	+	.	ID=Atsept3554^scaffold_13^+;Name="ORF type:complete (+),score=31.11"scaffold_13	transdecoder	mRNA	1041592	1046398	.	+	.	ID=Atsept3554.1.p2;Parent=Atsept3554^scaffold_13^+;Name="ORF type:complete (+),score=31.11"
Warning: unexpected tab character in last column, line truncated:
scaffold_13	transdecoder	gene	13104862	13108510	.	+	.	ID=Atsept3568^scaffold_13^+;Name="ORF type:complete (+),score=11.84"scaffold_13	transdecoder	mRNA	13104862	13108510	.	+	.	ID=Atsept3568.1.p1;Parent=Atsept3568^scaffold_13^+;Name="ORF type:complete (+),score=11.84"
Warning: unexpected tab character in last column, line truncated:
scaffold_13	transdecoder	gene	13325265	13329123	.	-	.	ID=Atsept3584^scaffold_13^-;Name="ORF type:complete (+),score=13.31"scaffold_13	transdecoder	mRNA	13325265	13329123	.	-	.	ID=Atsept3584.1.p2;Parent=Atsept3584^scaffold_13^-;Name="ORF type:complete (+),score=13.31"
Warning: unexpected tab character in last column, line truncated:
scaffold_13	transdecoder	gene	13400810	13404329	.	+	.	ID=Atsept3586^scaffold_13^+;Name="ORF type:5prime_partial (+),score=12.79"scaffold_13	transdecoder	mRNA	13400810	13404329	.	+	.	ID=Atsept3586.1.p1;Parent=Atsept3586^scaffold_13^+;Name="ORF type:5prime_partial (+),score=12.79"
Warning: unexpected tab character in last column, line truncated:
scaffold_13	transdecoder	gene	13524276	13590450	.	-	.	ID=Atsept3590^scaffold_13^-;Name="ORF type:complete (+),score=35.96"scaffold_13	transdecoder	mRNA	13524276	13590450	.	-	.	ID=Atsept3590.1.p2;Parent=Atsept3590^scaffold_13^-;Name="ORF type:complete (+),score=35.96"
Warning: unexpected tab character in last column, line truncated:
scaffold_13	transdecoder	gene	13834962	13839419	.	-	.	ID=Atsept3605^scaffold_13^-;Name="ORF type:complete (+),score=39.33"scaffold_13	transdecoder	mRNA	13834962	13839419	.	-	.	ID=Atsept3605.1.p2;Parent=Atsept3605^scaffold_13^-;Name="ORF type:complete (+),score=39.33"
Warning: unexpected tab character in last column, line truncated:
scaffold_13	transdecoder	gene	13926053	13930927	.	-	.	ID=Atsept3613^scaffold_13^-;Name="ORF type:complete (+),score=22.51"scaffold_13	transdecoder	mRNA	13926053	13930927	.	-	.	ID=Atsept3613.1.p2;Parent=Atsept3613^scaffold_13^-;Name="ORF type:complete (+),score=22.51"
Warning: unexpected tab character in last column, line truncated:
scaffold_13	transdecoder	gene	14236724	14238909	.	-	.	ID=Atsept3632^scaffold_13^-;Name="ORF type:3prime_partial (+),score=4.11"scaffold_13	transdecoder	mRNA	14236724	14238909	.	-	.	ID=Atsept3632.1.p4;Parent=Atsept3632^scaffold_13^-;Name="ORF type:3prime_partial (+),score=4.11"
Warning: unexpected tab character in last column, line truncated:
scaffold_13	transdecoder	gene	1254338	1259183	.	+	.	ID=Atsept3665^scaffold_13^+;Name="ORF type:5prime_partial (+),score=0.14"scaffold_13	transdecoder	mRNA	1254338	1259183	.	+	.	ID=Atsept3665.1.p6;Parent=Atsept3665^scaffold_13^+;Name="ORF type:5prime_partial (+),score=0.14"
Warning: unexpected tab character in last column, line truncated:
scaffold_13	transdecoder	gene	1268239	1270215	.	+	.	ID=Atsept3676^scaffold_13^+;Name="ORF type:complete (+),score=25.10"scaffold_13	transdecoder	mRNA	1268239	1270215	.	+	.	ID=Atsept3676.1.p3;Parent=Atsept3676^scaffold_13^+;Name="ORF type:complete (+),score=25.10"
Warning: unexpected tab character in last column, line truncated:
scaffold_13	transdecoder	gene	15102593	15104344	.	+	.	ID=Atsept3680^scaffold_13^+;Name="ORF type:complete (+),score=7.45"scaffold_13	transdecoder	mRNA	15102593	15104344	.	+	.	ID=Atsept3680.1.p3;Parent=Atsept3680^scaffold_13^+;Name="ORF type:complete (+),score=7.45"
Warning: unexpected tab character in last column, line truncated:
scaffold_13	transdecoder	gene	15356672	15367706	.	+	.	ID=Atsept3697^scaffold_13^+;Name="ORF type:complete (+),score=12.71"scaffold_13	transdecoder	mRNA	15356672	15367706	.	+	.	ID=Atsept3697.1.p3;Parent=Atsept3697^scaffold_13^+;Name="ORF type:complete (+),score=12.71"
Warning: unexpected tab character in last column, line truncated:
scaffold_13	transdecoder	gene	15348910	15355428	.	-	.	ID=Atsept3699^scaffold_13^-;Name="ORF type:complete (+),score=6.34"scaffold_13	transdecoder	mRNA	15348910	15355428	.	-	.	ID=Atsept3699.1.p2;Parent=Atsept3699^scaffold_13^-;Name="ORF type:complete (+),score=6.34"
Warning: unexpected tab character in last column, line truncated:
scaffold_13	transdecoder	gene	15701870	15702791	.	+	.	ID=Atsept3727^scaffold_13^+;Name="ORF type:5prime_partial (+),score=5.09"scaffold_13	transdecoder	mRNA	15701870	15702791	.	+	.	ID=Atsept3727.1.p3;Parent=Atsept3727^scaffold_13^+;Name="ORF type:5prime_partial (+),score=5.09"
Warning: unexpected tab character in last column, line truncated:
scaffold_13	transdecoder	gene	15703273	15703890	.	-	.	ID=Atsept3728^scaffold_13^-;Name="ORF type:complete (+),score=19.66"scaffold_13	transdecoder	mRNA	15703273	15703890	.	-	.	ID=Atsept3728.1.p2;Parent=Atsept3728^scaffold_13^-;Name="ORF type:complete (+),score=19.66"
Warning: unexpected tab character in last column, line truncated:
scaffold_13	transdecoder	gene	15709974	15710576	.	+	.	ID=Atsept3729^scaffold_13^+;Name="ORF type:complete (+),score=21.10"scaffold_13	transdecoder	mRNA	15709974	15710576	.	+	.	ID=Atsept3729.1.p2;Parent=Atsept3729^scaffold_13^+;Name="ORF type:complete (+),score=21.10"
Warning: unexpected tab character in last column, line truncated:
scaffold_13	transdecoder	gene	16320800	16363380	.	+	.	ID=Atsept3755^scaffold_13^+;Name="ORF type:complete (+),score=18.43"scaffold_13	transdecoder	mRNA	16320800	16363380	.	+	.	ID=Atsept3755.1.p1;Parent=Atsept3755^scaffold_13^+;Name="ORF type:complete (+),score=18.43"
Warning: unexpected tab character in last column, line truncated:
scaffold_13	transdecoder	gene	16613909	16618628	.	-	.	ID=Atsept3762^scaffold_13^-;Name="ORF type:complete (+),score=25.26"scaffold_13	transdecoder	mRNA	16613909	16618628	.	-	.	ID=Atsept3762.1.p2;Parent=Atsept3762^scaffold_13^-;Name="ORF type:complete (+),score=25.26"
Warning: unexpected tab character in last column, line truncated:
scaffold_13	transdecoder	gene	16717502	16738030	.	+	.	ID=Atsept3767^scaffold_13^+;Name="ORF type:complete (+),score=15.28"scaffold_13	transdecoder	mRNA	16717502	16738030	.	+	.	ID=Atsept3767.1.p1;Parent=Atsept3767^scaffold_13^+;Name="ORF type:complete (+),score=15.28"
Warning: unexpected tab character in last column, line truncated:
scaffold_13	transdecoder	gene	16823427	16836742	.	+	.	ID=Atsept3771^scaffold_13^+;Name="ORF type:complete (+),score=7.32"scaffold_13	transdecoder	mRNA	16823427	16836742	.	+	.	ID=Atsept3771.1.p1;Parent=Atsept3771^scaffold_13^+;Name="ORF type:complete (+),score=7.32"
Warning: unexpected tab character in last column, line truncated:
scaffold_13	transdecoder	gene	16772877	16782426	.	-	.	ID=Atsept3773^scaffold_13^-;Name="ORF type:complete (+),score=4.65"scaffold_13	transdecoder	mRNA	16772877	16782426	.	-	.	ID=Atsept3773.1.p5;Parent=Atsept3773^scaffold_13^-;Name="ORF type:complete (+),score=4.65"
Warning: unexpected tab character in last column, line truncated:
scaffold_13	transdecoder	gene	17957264	17961684	.	-	.	ID=Atsept3811^scaffold_13^-;Name="ORF type:complete (+),score=11.43"scaffold_13	transdecoder	mRNA	17957264	17961684	.	-	.	ID=Atsept3811.1.p1;Parent=Atsept3811^scaffold_13^-;Name="ORF type:complete (+),score=11.43"
Warning: unexpected tab character in last column, line truncated:
scaffold_13	transdecoder	gene	18116454	18118234	.	+	.	ID=Atsept3817^scaffold_13^+;Name="ORF type:complete (+),score=6.63"scaffold_13	transdecoder	mRNA	18116454	18118234	.	+	.	ID=Atsept3817.1.p3;Parent=Atsept3817^scaffold_13^+;Name="ORF type:complete (+),score=6.63"
Warning: unexpected tab character in last column, line truncated:
scaffold_13	transdecoder	gene	1470777	1488996	.	-	.	ID=Atsept3819^scaffold_13^-;Name="ORF type:complete (+),score=26.51"scaffold_13	transdecoder	mRNA	1470777	1488996	.	-	.	ID=Atsept3819.1.p1;Parent=Atsept3819^scaffold_13^-;Name="ORF type:complete (+),score=26.51"
Warning: unexpected tab character in last column, line truncated:
scaffold_13	transdecoder	gene	18420427	18441763	.	+	.	ID=Atsept3829^scaffold_13^+;Name="ORF type:complete (+),score=22.08"scaffold_13	transdecoder	mRNA	18420427	18441763	.	+	.	ID=Atsept3829.1.p2;Parent=Atsept3829^scaffold_13^+;Name="ORF type:complete (+),score=22.08"
Warning: unexpected tab character in last column, line truncated:
scaffold_13	transdecoder	gene	18554923	18565477	.	+	.	ID=Atsept3835^scaffold_13^+;Name="ORF type:complete (+),score=42.40"scaffold_13	transdecoder	mRNA	18554923	18565477	.	+	.	ID=Atsept3835.1.p1;Parent=Atsept3835^scaffold_13^+;Name="ORF type:complete (+),score=42.40"
Warning: unexpected tab character in last column, line truncated:
scaffold_13	transdecoder	gene	19337431	19343831	.	-	.	ID=Atsept3868^scaffold_13^-;Name="ORF type:complete (+),score=7.52"scaffold_13	transdecoder	mRNA	19337431	19343831	.	-	.	ID=Atsept3868.1.p2;Parent=Atsept3868^scaffold_13^-;Name="ORF type:complete (+),score=7.52"
Warning: unexpected tab character in last column, line truncated:
scaffold_13	transdecoder	gene	19569755	19572764	.	+	.	ID=Atsept3873^scaffold_13^+;Name="ORF type:complete (+),score=19.80"scaffold_13	transdecoder	mRNA	19569755	19572764	.	+	.	ID=Atsept3873.1.p1;Parent=Atsept3873^scaffold_13^+;Name="ORF type:complete (+),score=19.80"
Warning: unexpected tab character in last column, line truncated:
scaffold_14	transdecoder	gene	2945156	2953135	.	-	.	ID=Atsept3877^scaffold_14^-;Name="ORF type:5prime_partial (+),score=84.69"scaffold_14	transdecoder	mRNA	2945156	2953135	.	-	.	ID=Atsept3877.1.p1;Parent=Atsept3877^scaffold_14^-;Name="ORF type:5prime_partial (+),score=84.69"
Warning: unexpected tab character in last column, line truncated:
scaffold_14	transdecoder	gene	3031342	3035441	.	-	.	ID=Atsept3878^scaffold_14^-;Name="ORF type:complete (+),score=14.08"scaffold_14	transdecoder	mRNA	3031342	3035441	.	-	.	ID=Atsept3878.1.p1;Parent=Atsept3878^scaffold_14^-;Name="ORF type:complete (+),score=14.08"
Warning: unexpected tab character in last column, line truncated:
scaffold_14	transdecoder	gene	3238407	3275625	.	+	.	ID=Atsept3879^scaffold_14^+;Name="ORF type:complete (+),score=82.94"scaffold_14	transdecoder	mRNA	3238407	3275625	.	+	.	ID=Atsept3879.1.p2;Parent=Atsept3879^scaffold_14^+;Name="ORF type:complete (+),score=82.94"
Warning: unexpected tab character in last column, line truncated:
scaffold_14	transdecoder	gene	5559972	5570448	.	-	.	ID=Atsept3911^scaffold_14^-;Name="ORF type:complete (+),score=28.33"scaffold_14	transdecoder	mRNA	5559972	5570448	.	-	.	ID=Atsept3911.1.p1;Parent=Atsept3911^scaffold_14^-;Name="ORF type:complete (+),score=28.33"
Warning: unexpected tab character in last column, line truncated:
scaffold_14	transdecoder	gene	395470	402998	.	+	.	ID=Atsept3919^scaffold_14^+;Name="ORF type:complete (+),score=13.76"scaffold_14	transdecoder	mRNA	395470	402998	.	+	.	ID=Atsept3919.1.p2;Parent=Atsept3919^scaffold_14^+;Name="ORF type:complete (+),score=13.76"
Warning: unexpected tab character in last column, line truncated:
scaffold_14	transdecoder	gene	6202371	6203911	.	-	.	ID=Atsept3921^scaffold_14^-;Name="ORF type:complete (+),score=16.14"scaffold_14	transdecoder	mRNA	6202371	6203911	.	-	.	ID=Atsept3921.1.p3;Parent=Atsept3921^scaffold_14^-;Name="ORF type:complete (+),score=16.14"
Warning: unexpected tab character in last column, line truncated:
scaffold_14	transdecoder	gene	6253451	6261008	.	+	.	ID=Atsept3923^scaffold_14^+;Name="ORF type:complete (+),score=57.25"scaffold_14	transdecoder	mRNA	6253451	6261008	.	+	.	ID=Atsept3923.1.p1;Parent=Atsept3923^scaffold_14^+;Name="ORF type:complete (+),score=57.25"
Warning: unexpected tab character in last column, line truncated:
scaffold_14	transdecoder	gene	6795266	6804693	.	-	.	ID=Atsept3924^scaffold_14^-;Name="ORF type:complete (+),score=15.09"scaffold_14	transdecoder	mRNA	6795266	6804693	.	-	.	ID=Atsept3924.1.p12;Parent=Atsept3924^scaffold_14^-;Name="ORF type:complete (+),score=15.09"
Warning: unexpected tab character in last column, line truncated:
scaffold_14	transdecoder	gene	6804695	6806263	.	-	.	ID=Atsept3925^scaffold_14^-;Name="ORF type:complete (+),score=30.09"scaffold_14	transdecoder	mRNA	6804695	6806263	.	-	.	ID=Atsept3925.1.p1;Parent=Atsept3925^scaffold_14^-;Name="ORF type:complete (+),score=30.09"
Warning: unexpected tab character in last column, line truncated:
scaffold_14	transdecoder	gene	6839497	6840789	.	+	.	ID=Atsept3927^scaffold_14^+;Name="ORF type:complete (+),score=24.92"scaffold_14	transdecoder	mRNA	6839497	6840789	.	+	.	ID=Atsept3927.1.p1;Parent=Atsept3927^scaffold_14^+;Name="ORF type:complete (+),score=24.92"
Warning: unexpected tab character in last column, line truncated:
scaffold_14	transdecoder	gene	7664600	7669242	.	-	.	ID=Atsept3943^scaffold_14^-;Name="ORF type:complete (+),score=149.64"scaffold_14	transdecoder	mRNA	7664600	7669242	.	-	.	ID=Atsept3943.1.p1;Parent=Atsept3943^scaffold_14^-;Name="ORF type:complete (+),score=149.64"
Warning: unexpected tab character in last column, line truncated:
scaffold_14	transdecoder	gene	7707552	7713052	.	-	.	ID=Atsept3944^scaffold_14^-;Name="ORF type:complete (+),score=15.95"scaffold_14	transdecoder	mRNA	7707552	7713052	.	-	.	ID=Atsept3944.1.p3;Parent=Atsept3944^scaffold_14^-;Name="ORF type:complete (+),score=15.95"
Warning: unexpected tab character in last column, line truncated:
scaffold_14	transdecoder	gene	7715805	7720008	.	-	.	ID=Atsept3945^scaffold_14^-;Name="ORF type:complete (+),score=38.23"scaffold_14	transdecoder	mRNA	7715805	7720008	.	-	.	ID=Atsept3945.1.p1;Parent=Atsept3945^scaffold_14^-;Name="ORF type:complete (+),score=38.23"
Warning: unexpected tab character in last column, line truncated:
scaffold_14	transdecoder	gene	7747658	7749697	.	-	.	ID=Atsept3946^scaffold_14^-;Name="ORF type:complete (+),score=46.74"scaffold_14	transdecoder	mRNA	7747658	7749697	.	-	.	ID=Atsept3946.1.p1;Parent=Atsept3946^scaffold_14^-;Name="ORF type:complete (+),score=46.74"
Warning: unexpected tab character in last column, line truncated:
scaffold_14	transdecoder	gene	8602218	8605050	.	+	.	ID=Atsept3965^scaffold_14^+;Name="ORF type:complete (+),score=82.93"scaffold_14	transdecoder	mRNA	8602218	8605050	.	+	.	ID=Atsept3965.1.p1;Parent=Atsept3965^scaffold_14^+;Name="ORF type:complete (+),score=82.93"
Warning: unexpected tab character in last column, line truncated:
scaffold_14	transdecoder	gene	8749194	8753363	.	+	.	ID=Atsept3968^scaffold_14^+;Name="ORF type:complete (+),score=28.00"scaffold_14	transdecoder	mRNA	8749194	8753363	.	+	.	ID=Atsept3968.1.p2;Parent=Atsept3968^scaffold_14^+;Name="ORF type:complete (+),score=28.00"
Warning: unexpected tab character in last column, line truncated:
scaffold_14	transdecoder	gene	8736739	8738794	.	-	.	ID=Atsept3969^scaffold_14^-;Name="ORF type:5prime_partial (+),score=34.89"scaffold_14	transdecoder	mRNA	8736739	8738794	.	-	.	ID=Atsept3969.1.p1;Parent=Atsept3969^scaffold_14^-;Name="ORF type:5prime_partial (+),score=34.89"
Warning: unexpected tab character in last column, line truncated:
scaffold_14	transdecoder	gene	10923200	10978795	.	-	.	ID=Atsept3992^scaffold_14^-;Name="ORF type:complete (+),score=21.69"scaffold_14	transdecoder	mRNA	10923200	10978795	.	-	.	ID=Atsept3992.1.p1;Parent=Atsept3992^scaffold_14^-;Name="ORF type:complete (+),score=21.69"
Warning: unexpected tab character in last column, line truncated:
scaffold_14	transdecoder	gene	529670	531423	.	-	.	ID=Atsept3997^scaffold_14^-;Name="ORF type:complete (+),score=73.12"scaffold_14	transdecoder	mRNA	529670	531423	.	-	.	ID=Atsept3997.1.p3;Parent=Atsept3997^scaffold_14^-;Name="ORF type:complete (+),score=73.12"
Warning: unexpected tab character in last column, line truncated:
scaffold_14	transdecoder	gene	12568030	12581036	.	+	.	ID=Atsept4010^scaffold_14^+;Name="ORF type:complete (+),score=75.78"scaffold_14	transdecoder	mRNA	12568030	12581036	.	+	.	ID=Atsept4010.1.p1;Parent=Atsept4010^scaffold_14^+;Name="ORF type:complete (+),score=75.78"
Warning: unexpected tab character in last column, line truncated:
scaffold_14	transdecoder	gene	13732442	13740175	.	-	.	ID=Atsept4031^scaffold_14^-;Name="ORF type:complete (+),score=10.70"scaffold_14	transdecoder	mRNA	13732442	13740175	.	-	.	ID=Atsept4031.1.p2;Parent=Atsept4031^scaffold_14^-;Name="ORF type:complete (+),score=10.70"
Warning: unexpected tab character in last column, line truncated:
scaffold_14	transdecoder	gene	13748721	13772278	.	-	.	ID=Atsept4032^scaffold_14^-;Name="ORF type:complete (+),score=25.94"scaffold_14	transdecoder	mRNA	13748721	13772278	.	-	.	ID=Atsept4032.1.p1;Parent=Atsept4032^scaffold_14^-;Name="ORF type:complete (+),score=25.94"
Warning: unexpected tab character in last column, line truncated:
scaffold_14	transdecoder	gene	14312854	14313569	.	-	.	ID=Atsept4066^scaffold_14^-;Name="ORF type:complete (+),score=23.45"scaffold_14	transdecoder	mRNA	14312854	14313569	.	-	.	ID=Atsept4066.1.p3;Parent=Atsept4066^scaffold_14^-;Name="ORF type:complete (+),score=23.45"
Warning: unexpected tab character in last column, line truncated:
scaffold_14	transdecoder	gene	14416902	14425275	.	+	.	ID=Atsept4072^scaffold_14^+;Name="ORF type:complete (+),score=21.93"scaffold_14	transdecoder	mRNA	14416902	14425275	.	+	.	ID=Atsept4072.1.p1;Parent=Atsept4072^scaffold_14^+;Name="ORF type:complete (+),score=21.93"
Warning: unexpected tab character in last column, line truncated:
scaffold_14	transdecoder	gene	14428227	14429706	.	+	.	ID=Atsept4075^scaffold_14^+;Name="ORF type:complete (+),score=13.21"scaffold_14	transdecoder	mRNA	14428227	14429706	.	+	.	ID=Atsept4075.1.p3;Parent=Atsept4075^scaffold_14^+;Name="ORF type:complete (+),score=13.21"
Warning: unexpected tab character in last column, line truncated:
scaffold_14	transdecoder	gene	14448478	14451490	.	+	.	ID=Atsept4076^scaffold_14^+;Name="ORF type:complete (+),score=8.70"scaffold_14	transdecoder	mRNA	14448478	14451490	.	+	.	ID=Atsept4076.1.p1;Parent=Atsept4076^scaffold_14^+;Name="ORF type:complete (+),score=8.70"
Warning: unexpected tab character in last column, line truncated:
scaffold_14	transdecoder	gene	14571691	14574898	.	+	.	ID=Atsept4080^scaffold_14^+;Name="ORF type:complete (+),score=77.24"scaffold_14	transdecoder	mRNA	14571691	14574898	.	+	.	ID=Atsept4080.1.p2;Parent=Atsept4080^scaffold_14^+;Name="ORF type:complete (+),score=77.24"
Warning: unexpected tab character in last column, line truncated:
scaffold_14	transdecoder	gene	588621	597036	.	-	.	ID=Atsept4084^scaffold_14^-;Name="ORF type:complete (+),score=15.18"scaffold_14	transdecoder	mRNA	588621	597036	.	-	.	ID=Atsept4084.1.p3;Parent=Atsept4084^scaffold_14^-;Name="ORF type:complete (+),score=15.18"
Warning: unexpected tab character in last column, line truncated:
scaffold_14	transdecoder	gene	14650653	14651099	.	+	.	ID=Atsept4086^scaffold_14^+;Name="ORF type:complete (+),score=13.77"scaffold_14	transdecoder	mRNA	14650653	14651099	.	+	.	ID=Atsept4086.1.p1;Parent=Atsept4086^scaffold_14^+;Name="ORF type:complete (+),score=13.77"
Warning: unexpected tab character in last column, line truncated:
scaffold_14	transdecoder	gene	14807554	14809014	.	+	.	ID=Atsept4087^scaffold_14^+;Name="ORF type:complete (+),score=20.73"scaffold_14	transdecoder	mRNA	14807554	14809014	.	+	.	ID=Atsept4087.1.p1;Parent=Atsept4087^scaffold_14^+;Name="ORF type:complete (+),score=20.73"
Warning: unexpected tab character in last column, line truncated:
scaffold_14	transdecoder	gene	14955248	14960168	.	+	.	ID=Atsept4088^scaffold_14^+;Name="ORF type:complete (+),score=10.18"scaffold_14	transdecoder	mRNA	14955248	14960168	.	+	.	ID=Atsept4088.1.p1;Parent=Atsept4088^scaffold_14^+;Name="ORF type:complete (+),score=10.18"
Warning: unexpected tab character in last column, line truncated:
scaffold_14	transdecoder	gene	15367061	15375297	.	-	.	ID=Atsept4089^scaffold_14^-;Name="ORF type:complete (+),score=5.60"scaffold_14	transdecoder	mRNA	15367061	15375297	.	-	.	ID=Atsept4089.1.p6;Parent=Atsept4089^scaffold_14^-;Name="ORF type:complete (+),score=5.60"
Warning: unexpected tab character in last column, line truncated:
scaffold_14	transdecoder	gene	611083	614177	.	+	.	ID=Atsept4107^scaffold_14^+;Name="ORF type:complete (+),score=57.89"scaffold_14	transdecoder	mRNA	611083	614177	.	+	.	ID=Atsept4107.1.p2;Parent=Atsept4107^scaffold_14^+;Name="ORF type:complete (+),score=57.89"
Warning: unexpected tab character in last column, line truncated:
scaffold_14	transdecoder	gene	17362209	17389420	.	+	.	ID=Atsept4113^scaffold_14^+;Name="ORF type:complete (+),score=21.57"scaffold_14	transdecoder	mRNA	17362209	17389420	.	+	.	ID=Atsept4113.1.p1;Parent=Atsept4113^scaffold_14^+;Name="ORF type:complete (+),score=21.57"
Warning: unexpected tab character in last column, line truncated:
scaffold_14	transdecoder	gene	624051	627608	.	+	.	ID=Atsept4118^scaffold_14^+;Name="ORF type:complete (+),score=18.04"scaffold_14	transdecoder	mRNA	624051	627608	.	+	.	ID=Atsept4118.1.p2;Parent=Atsept4118^scaffold_14^+;Name="ORF type:complete (+),score=18.04"
Warning: unexpected tab character in last column, line truncated:
scaffold_14	transdecoder	gene	18415507	18422087	.	-	.	ID=Atsept4141^scaffold_14^-;Name="ORF type:complete (+),score=3.90"scaffold_14	transdecoder	mRNA	18415507	18422087	.	-	.	ID=Atsept4141.1.p2;Parent=Atsept4141^scaffold_14^-;Name="ORF type:complete (+),score=3.90"
Warning: unexpected tab character in last column, line truncated:
scaffold_14	transdecoder	gene	18800782	18807968	.	-	.	ID=Atsept4154^scaffold_14^-;Name="ORF type:complete (+),score=19.09"scaffold_14	transdecoder	mRNA	18800782	18807968	.	-	.	ID=Atsept4154.1.p1;Parent=Atsept4154^scaffold_14^-;Name="ORF type:complete (+),score=19.09"
Warning: unexpected tab character in last column, line truncated:
scaffold_14	transdecoder	gene	19112198	19114878	.	+	.	ID=Atsept4159^scaffold_14^+;Name="ORF type:complete (+),score=15.94"scaffold_14	transdecoder	mRNA	19112198	19114878	.	+	.	ID=Atsept4159.1.p2;Parent=Atsept4159^scaffold_14^+;Name="ORF type:complete (+),score=15.94"
Warning: unexpected tab character in last column, line truncated:
scaffold_14	transdecoder	gene	19847515	19862412	.	+	.	ID=Atsept4161^scaffold_14^+;Name="ORF type:complete (+),score=7.99"scaffold_14	transdecoder	mRNA	19847515	19862412	.	+	.	ID=Atsept4161.1.p6;Parent=Atsept4161^scaffold_14^+;Name="ORF type:complete (+),score=7.99"
Warning: unexpected tab character in last column, line truncated:
scaffold_14	transdecoder	gene	20201385	20206026	.	-	.	ID=Atsept4170^scaffold_14^-;Name="ORF type:complete (+),score=11.43"scaffold_14	transdecoder	mRNA	20201385	20206026	.	-	.	ID=Atsept4170.1.p1;Parent=Atsept4170^scaffold_14^-;Name="ORF type:complete (+),score=11.43"
Warning: unexpected tab character in last column, line truncated:
scaffold_14	transdecoder	gene	21171846	21209782	.	+	.	ID=Atsept4180^scaffold_14^+;Name="ORF type:complete (+),score=5.10"scaffold_14	transdecoder	mRNA	21171846	21209782	.	+	.	ID=Atsept4180.1.p1;Parent=Atsept4180^scaffold_14^+;Name="ORF type:complete (+),score=5.10"
Warning: unexpected tab character in last column, line truncated:
scaffold_14	transdecoder	gene	22090801	22098264	.	+	.	ID=Atsept4197^scaffold_14^+;Name="ORF type:complete (+),score=80.17"scaffold_14	transdecoder	mRNA	22090801	22098264	.	+	.	ID=Atsept4197.1.p1;Parent=Atsept4197^scaffold_14^+;Name="ORF type:complete (+),score=80.17"
Warning: unexpected tab character in last column, line truncated:
scaffold_14	transdecoder	gene	22101388	22105831	.	+	.	ID=Atsept4198^scaffold_14^+;Name="ORF type:complete (+),score=37.60"scaffold_14	transdecoder	mRNA	22101388	22105831	.	+	.	ID=Atsept4198.1.p1;Parent=Atsept4198^scaffold_14^+;Name="ORF type:complete (+),score=37.60"
Warning: unexpected tab character in last column, line truncated:
scaffold_14	transdecoder	gene	22559804	22566532	.	+	.	ID=Atsept4205^scaffold_14^+;Name="ORF type:complete (+),score=22.40"scaffold_14	transdecoder	mRNA	22559804	22566532	.	+	.	ID=Atsept4205.1.p1;Parent=Atsept4205^scaffold_14^+;Name="ORF type:complete (+),score=22.40"
Warning: unexpected tab character in last column, line truncated:
scaffold_14	transdecoder	gene	23566393	23584810	.	-	.	ID=Atsept4211^scaffold_14^-;Name="ORF type:complete (+),score=9.70"scaffold_14	transdecoder	mRNA	23566393	23584810	.	-	.	ID=Atsept4211.1.p4;Parent=Atsept4211^scaffold_14^-;Name="ORF type:complete (+),score=9.70"
Warning: unexpected tab character in last column, line truncated:
scaffold_14	transdecoder	gene	24695270	24700282	.	-	.	ID=Atsept4214^scaffold_14^-;Name="ORF type:complete (+),score=7.98"scaffold_14	transdecoder	mRNA	24695270	24700282	.	-	.	ID=Atsept4214.1.p1;Parent=Atsept4214^scaffold_14^-;Name="ORF type:complete (+),score=7.98"
Warning: unexpected tab character in last column, line truncated:
scaffold_14	transdecoder	gene	24807447	24814979	.	-	.	ID=Atsept4216^scaffold_14^-;Name="ORF type:complete (+),score=16.07"scaffold_14	transdecoder	mRNA	24807447	24814979	.	-	.	ID=Atsept4216.1.p1;Parent=Atsept4216^scaffold_14^-;Name="ORF type:complete (+),score=16.07"
Warning: unexpected tab character in last column, line truncated:
scaffold_14	transdecoder	gene	715465	721811	.	-	.	ID=Atsept4218^scaffold_14^-;Name="ORF type:complete (+),score=14.97"scaffold_14	transdecoder	mRNA	715465	721811	.	-	.	ID=Atsept4218.1.p24;Parent=Atsept4218^scaffold_14^-;Name="ORF type:complete (+),score=14.97"
Warning: unexpected tab character in last column, line truncated:
scaffold_14	transdecoder	gene	25494964	25508583	.	+	.	ID=Atsept4229^scaffold_14^+;Name="ORF type:complete (+),score=24.54"scaffold_14	transdecoder	mRNA	25494964	25508583	.	+	.	ID=Atsept4229.1.p2;Parent=Atsept4229^scaffold_14^+;Name="ORF type:complete (+),score=24.54"
Warning: unexpected tab character in last column, line truncated:
scaffold_14	transdecoder	gene	26463858	26499623	.	+	.	ID=Atsept4234^scaffold_14^+;Name="ORF type:complete (+),score=5.12"scaffold_14	transdecoder	mRNA	26463858	26499623	.	+	.	ID=Atsept4234.1.p2;Parent=Atsept4234^scaffold_14^+;Name="ORF type:complete (+),score=5.12"
Warning: unexpected tab character in last column, line truncated:
scaffold_14	transdecoder	gene	27014529	27020052	.	-	.	ID=Atsept4237^scaffold_14^-;Name="ORF type:5prime_partial (+),score=7.74"scaffold_14	transdecoder	mRNA	27014529	27020052	.	-	.	ID=Atsept4237.1.p4;Parent=Atsept4237^scaffold_14^-;Name="ORF type:5prime_partial (+),score=7.74"
Warning: unexpected tab character in last column, line truncated:
scaffold_14	transdecoder	gene	27408686	27422508	.	+	.	ID=Atsept4253^scaffold_14^+;Name="ORF type:5prime_partial (+),score=10.98"scaffold_14	transdecoder	mRNA	27408686	27422508	.	+	.	ID=Atsept4253.1.p1;Parent=Atsept4253^scaffold_14^+;Name="ORF type:5prime_partial (+),score=10.98"
Warning: unexpected tab character in last column, line truncated:
scaffold_14	transdecoder	gene	27556881	27576836	.	+	.	ID=Atsept4264^scaffold_14^+;Name="ORF type:complete (+),score=5.97"scaffold_14	transdecoder	mRNA	27556881	27576836	.	+	.	ID=Atsept4264.1.p15;Parent=Atsept4264^scaffold_14^+;Name="ORF type:complete (+),score=5.97"
Warning: unexpected tab character in last column, line truncated:
scaffold_14	transdecoder	gene	27702171	27747863	.	+	.	ID=Atsept4268^scaffold_14^+;Name="ORF type:5prime_partial (+),score=12.75"scaffold_14	transdecoder	mRNA	27702171	27747863	.	+	.	ID=Atsept4268.1.p3;Parent=Atsept4268^scaffold_14^+;Name="ORF type:5prime_partial (+),score=12.75"
Warning: unexpected tab character in last column, line truncated:
scaffold_14	transdecoder	gene	1035999	1076105	.	-	.	ID=Atsept4284^scaffold_14^-;Name="ORF type:complete (+),score=7.71"scaffold_14	transdecoder	mRNA	1035999	1076105	.	-	.	ID=Atsept4284.1.p15;Parent=Atsept4284^scaffold_14^-;Name="ORF type:complete (+),score=7.71"
Warning: unexpected tab character in last column, line truncated:
scaffold_14	transdecoder	gene	28730799	28732342	.	-	.	ID=Atsept4298^scaffold_14^-;Name="ORF type:complete (+),score=18.90"scaffold_14	transdecoder	mRNA	28730799	28732342	.	-	.	ID=Atsept4298.1.p1;Parent=Atsept4298^scaffold_14^-;Name="ORF type:complete (+),score=18.90"
Warning: unexpected tab character in last column, line truncated:
scaffold_14	transdecoder	gene	29333784	29337110	.	+	.	ID=Atsept4301^scaffold_14^+;Name="ORF type:complete (+),score=17.54"scaffold_14	transdecoder	mRNA	29333784	29337110	.	+	.	ID=Atsept4301.1.p1;Parent=Atsept4301^scaffold_14^+;Name="ORF type:complete (+),score=17.54"
Warning: unexpected tab character in last column, line truncated:
scaffold_14	transdecoder	gene	29378816	29385807	.	+	.	ID=Atsept4302^scaffold_14^+;Name="ORF type:complete (+),score=17.17"scaffold_14	transdecoder	mRNA	29378816	29385807	.	+	.	ID=Atsept4302.1.p1;Parent=Atsept4302^scaffold_14^+;Name="ORF type:complete (+),score=17.17"
Warning: unexpected tab character in last column, line truncated:
scaffold_14	transdecoder	gene	1097355	1101496	.	+	.	ID=Atsept4304^scaffold_14^+;Name="ORF type:complete (+),score=16.83"scaffold_14	transdecoder	mRNA	1097355	1101496	.	+	.	ID=Atsept4304.1.p2;Parent=Atsept4304^scaffold_14^+;Name="ORF type:complete (+),score=16.83"
Warning: unexpected tab character in last column, line truncated:
scaffold_14	transdecoder	gene	1656008	1667076	.	+	.	ID=Atsept4331^scaffold_14^+;Name="ORF type:complete (+),score=40.28"scaffold_14	transdecoder	mRNA	1656008	1667076	.	+	.	ID=Atsept4331.1.p2;Parent=Atsept4331^scaffold_14^+;Name="ORF type:complete (+),score=40.28"
Warning: unexpected tab character in last column, line truncated:
scaffold_14	transdecoder	gene	2337850	2379580	.	-	.	ID=Atsept4348^scaffold_14^-;Name="ORF type:5prime_partial (+),score=1.07"scaffold_14	transdecoder	mRNA	2337850	2379580	.	-	.	ID=Atsept4348.1.p4;Parent=Atsept4348^scaffold_14^-;Name="ORF type:5prime_partial (+),score=1.07"
Warning: unexpected tab character in last column, line truncated:
scaffold_14	transdecoder	gene	2353367	2353856	.	-	.	ID=Atsept4349^scaffold_14^-;Name="ORF type:complete (+),score=19.90"scaffold_14	transdecoder	mRNA	2353367	2353856	.	-	.	ID=Atsept4349.1.p1;Parent=Atsept4349^scaffold_14^-;Name="ORF type:complete (+),score=19.90"
Warning: unexpected tab character in last column, line truncated:
scaffold_14	transdecoder	gene	2504027	2515601	.	+	.	ID=Atsept4352^scaffold_14^+;Name="ORF type:complete (+),score=18.60"scaffold_14	transdecoder	mRNA	2504027	2515601	.	+	.	ID=Atsept4352.1.p3;Parent=Atsept4352^scaffold_14^+;Name="ORF type:complete (+),score=18.60"
Warning: unexpected tab character in last column, line truncated:
scaffold_14	transdecoder	gene	2817166	2831539	.	+	.	ID=Atsept4363^scaffold_14^+;Name="ORF type:complete (+),score=7.54"scaffold_14	transdecoder	mRNA	2817166	2831539	.	+	.	ID=Atsept4363.1.p2;Parent=Atsept4363^scaffold_14^+;Name="ORF type:complete (+),score=7.54"
Warning: unexpected tab character in last column, line truncated:
scaffold_14	transdecoder	gene	157665	160329	.	+	.	ID=Atsept4366^scaffold_14^+;Name="ORF type:complete (+),score=13.79"scaffold_14	transdecoder	mRNA	157665	160329	.	+	.	ID=Atsept4366.1.p8;Parent=Atsept4366^scaffold_14^+;Name="ORF type:complete (+),score=13.79"
Warning: unexpected tab character in last column, line truncated:
scaffold_15	transdecoder	gene	1668422	1672268	.	-	.	ID=Atsept4369^scaffold_15^-;Name="ORF type:complete (+),score=123.60"scaffold_15	transdecoder	mRNA	1668422	1672268	.	-	.	ID=Atsept4369.1.p1;Parent=Atsept4369^scaffold_15^-;Name="ORF type:complete (+),score=123.60"
Warning: unexpected tab character in last column, line truncated:
scaffold_15	transdecoder	gene	1790623	1793734	.	+	.	ID=Atsept4380^scaffold_15^+;Name="ORF type:complete (+),score=12.82"scaffold_15	transdecoder	mRNA	1790623	1793734	.	+	.	ID=Atsept4380.1.p2;Parent=Atsept4380^scaffold_15^+;Name="ORF type:complete (+),score=12.82"
Warning: unexpected tab character in last column, line truncated:
scaffold_15	transdecoder	gene	2071869	2074319	.	+	.	ID=Atsept4391^scaffold_15^+;Name="ORF type:complete (+),score=15.66"scaffold_15	transdecoder	mRNA	2071869	2074319	.	+	.	ID=Atsept4391.1.p2;Parent=Atsept4391^scaffold_15^+;Name="ORF type:complete (+),score=15.66"
Warning: unexpected tab character in last column, line truncated:
scaffold_15	transdecoder	gene	2079409	2092662	.	+	.	ID=Atsept4392^scaffold_15^+;Name="ORF type:complete (+),score=92.91"scaffold_15	transdecoder	mRNA	2079409	2092662	.	+	.	ID=Atsept4392.1.p2;Parent=Atsept4392^scaffold_15^+;Name="ORF type:complete (+),score=92.91"
Warning: unexpected tab character in last column, line truncated:
scaffold_15	transdecoder	gene	2102240	2114277	.	-	.	ID=Atsept4393^scaffold_15^-;Name="ORF type:complete (+),score=51.63"scaffold_15	transdecoder	mRNA	2102240	2114277	.	-	.	ID=Atsept4393.1.p3;Parent=Atsept4393^scaffold_15^-;Name="ORF type:complete (+),score=51.63"
Warning: unexpected tab character in last column, line truncated:
scaffold_15	transdecoder	gene	2488814	2512382	.	-	.	ID=Atsept4413^scaffold_15^-;Name="ORF type:complete (+),score=19.90"scaffold_15	transdecoder	mRNA	2488814	2512382	.	-	.	ID=Atsept4413.1.p1;Parent=Atsept4413^scaffold_15^-;Name="ORF type:complete (+),score=19.90"
Warning: unexpected tab character in last column, line truncated:
scaffold_15	transdecoder	gene	2539246	2543299	.	+	.	ID=Atsept4415^scaffold_15^+;Name="ORF type:complete (+),score=13.13"scaffold_15	transdecoder	mRNA	2539246	2543299	.	+	.	ID=Atsept4415.1.p4;Parent=Atsept4415^scaffold_15^+;Name="ORF type:complete (+),score=13.13"
Warning: unexpected tab character in last column, line truncated:
scaffold_15	transdecoder	gene	3501441	3506073	.	-	.	ID=Atsept4450^scaffold_15^-;Name="ORF type:complete (+),score=5.47"scaffold_15	transdecoder	mRNA	3501441	3506073	.	-	.	ID=Atsept4450.1.p17;Parent=Atsept4450^scaffold_15^-;Name="ORF type:complete (+),score=5.47"
Warning: unexpected tab character in last column, line truncated:
scaffold_15	transdecoder	gene	224703	227371	.	+	.	ID=Atsept4454^scaffold_15^+;Name="ORF type:complete (+),score=38.62"scaffold_15	transdecoder	mRNA	224703	227371	.	+	.	ID=Atsept4454.1.p2;Parent=Atsept4454^scaffold_15^+;Name="ORF type:complete (+),score=38.62"
Warning: unexpected tab character in last column, line truncated:
scaffold_15	transdecoder	gene	3723777	3725535	.	-	.	ID=Atsept4461^scaffold_15^-;Name="ORF type:complete (+),score=37.30"scaffold_15	transdecoder	mRNA	3723777	3725535	.	-	.	ID=Atsept4461.1.p1;Parent=Atsept4461^scaffold_15^-;Name="ORF type:complete (+),score=37.30"
Warning: unexpected tab character in last column, line truncated:
scaffold_15	transdecoder	gene	4349098	4360029	.	+	.	ID=Atsept4495^scaffold_15^+;Name="ORF type:complete (+),score=5.05"scaffold_15	transdecoder	mRNA	4349098	4360029	.	+	.	ID=Atsept4495.1.p7;Parent=Atsept4495^scaffold_15^+;Name="ORF type:complete (+),score=5.05"
Warning: unexpected tab character in last column, line truncated:
scaffold_15	transdecoder	gene	332961	346184	.	+	.	ID=Atsept4498^scaffold_15^+;Name="ORF type:5prime_partial (+),score=16.54"scaffold_15	transdecoder	mRNA	332961	346184	.	+	.	ID=Atsept4498.1.p1;Parent=Atsept4498^scaffold_15^+;Name="ORF type:5prime_partial (+),score=16.54"
Warning: unexpected tab character in last column, line truncated:
scaffold_15	transdecoder	gene	4724969	4734674	.	-	.	ID=Atsept4507^scaffold_15^-;Name="ORF type:5prime_partial (+),score=45.70"scaffold_15	transdecoder	mRNA	4724969	4734674	.	-	.	ID=Atsept4507.1.p1;Parent=Atsept4507^scaffold_15^-;Name="ORF type:5prime_partial (+),score=45.70"
Warning: unexpected tab character in last column, line truncated:
scaffold_15	transdecoder	gene	4735151	4738680	.	-	.	ID=Atsept4509^scaffold_15^-;Name="ORF type:complete (+),score=37.57"scaffold_15	transdecoder	mRNA	4735151	4738680	.	-	.	ID=Atsept4509.1.p1;Parent=Atsept4509^scaffold_15^-;Name="ORF type:complete (+),score=37.57"
Warning: unexpected tab character in last column, line truncated:
scaffold_15	transdecoder	gene	4744152	4757915	.	-	.	ID=Atsept4510^scaffold_15^-;Name="ORF type:complete (+),score=105.24"scaffold_15	transdecoder	mRNA	4744152	4757915	.	-	.	ID=Atsept4510.1.p1;Parent=Atsept4510^scaffold_15^-;Name="ORF type:complete (+),score=105.24"
Warning: unexpected tab character in last column, line truncated:
scaffold_15	transdecoder	gene	4758024	4767079	.	-	.	ID=Atsept4511^scaffold_15^-;Name="ORF type:complete (+),score=23.45"scaffold_15	transdecoder	mRNA	4758024	4767079	.	-	.	ID=Atsept4511.1.p1;Parent=Atsept4511^scaffold_15^-;Name="ORF type:complete (+),score=23.45"
Warning: unexpected tab character in last column, line truncated:
scaffold_15	transdecoder	gene	4817334	4822195	.	+	.	ID=Atsept4517^scaffold_15^+;Name="ORF type:complete (+),score=19.76"scaffold_15	transdecoder	mRNA	4817334	4822195	.	+	.	ID=Atsept4517.1.p1;Parent=Atsept4517^scaffold_15^+;Name="ORF type:complete (+),score=19.76"
Warning: unexpected tab character in last column, line truncated:
scaffold_15	transdecoder	gene	4823537	4829355	.	+	.	ID=Atsept4518^scaffold_15^+;Name="ORF type:5prime_partial (+),score=3.85"scaffold_15	transdecoder	mRNA	4823537	4829355	.	+	.	ID=Atsept4518.1.p6;Parent=Atsept4518^scaffold_15^+;Name="ORF type:5prime_partial (+),score=3.85"
Warning: unexpected tab character in last column, line truncated:
scaffold_15	transdecoder	gene	351460	357994	.	+	.	ID=Atsept4519^scaffold_15^+;Name="ORF type:complete (+),score=23.92"scaffold_15	transdecoder	mRNA	351460	357994	.	+	.	ID=Atsept4519.1.p2;Parent=Atsept4519^scaffold_15^+;Name="ORF type:complete (+),score=23.92"
Warning: unexpected tab character in last column, line truncated:
scaffold_15	transdecoder	gene	4933627	4940984	.	+	.	ID=Atsept4522^scaffold_15^+;Name="ORF type:complete (+),score=15.83"scaffold_15	transdecoder	mRNA	4933627	4940984	.	+	.	ID=Atsept4522.1.p1;Parent=Atsept4522^scaffold_15^+;Name="ORF type:complete (+),score=15.83"
Warning: unexpected tab character in last column, line truncated:
scaffold_15	transdecoder	gene	408241	410844	.	+	.	ID=Atsept4552^scaffold_15^+;Name="ORF type:complete (+),score=11.88"scaffold_15	transdecoder	mRNA	408241	410844	.	+	.	ID=Atsept4552.1.p3;Parent=Atsept4552^scaffold_15^+;Name="ORF type:complete (+),score=11.88"
Warning: unexpected tab character in last column, line truncated:
scaffold_15	transdecoder	gene	6219014	6220566	.	+	.	ID=Atsept4557^scaffold_15^+;Name="ORF type:complete (+),score=57.80"scaffold_15	transdecoder	mRNA	6219014	6220566	.	+	.	ID=Atsept4557.1.p1;Parent=Atsept4557^scaffold_15^+;Name="ORF type:complete (+),score=57.80"
Warning: unexpected tab character in last column, line truncated:
scaffold_15	transdecoder	gene	6599626	6600995	.	+	.	ID=Atsept4588^scaffold_15^+;Name="ORF type:complete (+),score=12.44"scaffold_15	transdecoder	mRNA	6599626	6600995	.	+	.	ID=Atsept4588.1.p1;Parent=Atsept4588^scaffold_15^+;Name="ORF type:complete (+),score=12.44"
Warning: unexpected tab character in last column, line truncated:
scaffold_15	transdecoder	gene	6712835	6714123	.	-	.	ID=Atsept4590^scaffold_15^-;Name="ORF type:complete (+),score=16.54"scaffold_15	transdecoder	mRNA	6712835	6714123	.	-	.	ID=Atsept4590.1.p2;Parent=Atsept4590^scaffold_15^-;Name="ORF type:complete (+),score=16.54"
Warning: unexpected tab character in last column, line truncated:
scaffold_15	transdecoder	gene	6928264	6932720	.	-	.	ID=Atsept4602^scaffold_15^-;Name="ORF type:complete (+),score=3.55"scaffold_15	transdecoder	mRNA	6928264	6932720	.	-	.	ID=Atsept4602.1.p2;Parent=Atsept4602^scaffold_15^-;Name="ORF type:complete (+),score=3.55"
Warning: unexpected tab character in last column, line truncated:
scaffold_15	transdecoder	gene	7034676	7036673	.	-	.	ID=Atsept4609^scaffold_15^-;Name="ORF type:complete (+),score=6.14"scaffold_15	transdecoder	mRNA	7034676	7036673	.	-	.	ID=Atsept4609.1.p1;Parent=Atsept4609^scaffold_15^-;Name="ORF type:complete (+),score=6.14"
Warning: unexpected tab character in last column, line truncated:
scaffold_15	transdecoder	gene	7053782	7063173	.	+	.	ID=Atsept4610^scaffold_15^+;Name="ORF type:complete (+),score=13.09"scaffold_15	transdecoder	mRNA	7053782	7063173	.	+	.	ID=Atsept4610.1.p2;Parent=Atsept4610^scaffold_15^+;Name="ORF type:complete (+),score=13.09"
Warning: unexpected tab character in last column, line truncated:
scaffold_15	transdecoder	gene	7367642	7371679	.	+	.	ID=Atsept4627^scaffold_15^+;Name="ORF type:complete (+),score=6.17"scaffold_15	transdecoder	mRNA	7367642	7371679	.	+	.	ID=Atsept4627.1.p1;Parent=Atsept4627^scaffold_15^+;Name="ORF type:complete (+),score=6.17"
Warning: unexpected tab character in last column, line truncated:
scaffold_15	transdecoder	gene	615451	616290	.	-	.	ID=Atsept4630^scaffold_15^-;Name="ORF type:complete (+),score=32.10"scaffold_15	transdecoder	mRNA	615451	616290	.	-	.	ID=Atsept4630.1.p1;Parent=Atsept4630^scaffold_15^-;Name="ORF type:complete (+),score=32.10"
Warning: unexpected tab character in last column, line truncated:
scaffold_15	transdecoder	gene	7527568	7530118	.	+	.	ID=Atsept4639^scaffold_15^+;Name="ORF type:complete (+),score=16.24"scaffold_15	transdecoder	mRNA	7527568	7530118	.	+	.	ID=Atsept4639.1.p2;Parent=Atsept4639^scaffold_15^+;Name="ORF type:complete (+),score=16.24"
Warning: unexpected tab character in last column, line truncated:
scaffold_15	transdecoder	gene	694054	698670	.	+	.	ID=Atsept4661^scaffold_15^+;Name="ORF type:complete (+),score=11.85"scaffold_15	transdecoder	mRNA	694054	698670	.	+	.	ID=Atsept4661.1.p12;Parent=Atsept4661^scaffold_15^+;Name="ORF type:complete (+),score=11.85"
Warning: unexpected tab character in last column, line truncated:
scaffold_15	transdecoder	gene	703261	706469	.	-	.	ID=Atsept4683^scaffold_15^-;Name="ORF type:complete (+),score=41.71"scaffold_15	transdecoder	mRNA	703261	706469	.	-	.	ID=Atsept4683.1.p1;Parent=Atsept4683^scaffold_15^-;Name="ORF type:complete (+),score=41.71"
Warning: unexpected tab character in last column, line truncated:
scaffold_15	transdecoder	gene	8260196	8309540	.	-	.	ID=Atsept4688^scaffold_15^-;Name="ORF type:3prime_partial (+),score=24.07"scaffold_15	transdecoder	mRNA	8260196	8309540	.	-	.	ID=Atsept4688.1.p5;Parent=Atsept4688^scaffold_15^-;Name="ORF type:3prime_partial (+),score=24.07"
Warning: unexpected tab character in last column, line truncated:
scaffold_15	transdecoder	gene	8679697	8686662	.	+	.	ID=Atsept4703^scaffold_15^+;Name="ORF type:complete (+),score=21.87"scaffold_15	transdecoder	mRNA	8679697	8686662	.	+	.	ID=Atsept4703.1.p1;Parent=Atsept4703^scaffold_15^+;Name="ORF type:complete (+),score=21.87"
Warning: unexpected tab character in last column, line truncated:
scaffold_15	transdecoder	gene	9022927	9032725	.	+	.	ID=Atsept4711^scaffold_15^+;Name="ORF type:complete (+),score=18.57"scaffold_15	transdecoder	mRNA	9022927	9032725	.	+	.	ID=Atsept4711.1.p1;Parent=Atsept4711^scaffold_15^+;Name="ORF type:complete (+),score=18.57"
Warning: unexpected tab character in last column, line truncated:
scaffold_15	transdecoder	gene	9221535	9300548	.	+	.	ID=Atsept4724^scaffold_15^+;Name="ORF type:complete (+),score=114.66"scaffold_15	transdecoder	mRNA	9221535	9300548	.	+	.	ID=Atsept4724.1.p1;Parent=Atsept4724^scaffold_15^+;Name="ORF type:complete (+),score=114.66"
Warning: unexpected tab character in last column, line truncated:
scaffold_15	transdecoder	gene	9336466	9374292	.	+	.	ID=Atsept4726^scaffold_15^+;Name="ORF type:5prime_partial (+),score=145.37"scaffold_15	transdecoder	mRNA	9336466	9374292	.	+	.	ID=Atsept4726.1.p1;Parent=Atsept4726^scaffold_15^+;Name="ORF type:5prime_partial (+),score=145.37"
Warning: unexpected tab character in last column, line truncated:
scaffold_15	transdecoder	gene	9409485	9413173	.	+	.	ID=Atsept4729^scaffold_15^+;Name="ORF type:complete (+),score=11.54"scaffold_15	transdecoder	mRNA	9409485	9413173	.	+	.	ID=Atsept4729.1.p1;Parent=Atsept4729^scaffold_15^+;Name="ORF type:complete (+),score=11.54"
Warning: unexpected tab character in last column, line truncated:
scaffold_15	transdecoder	gene	10649527	10655671	.	+	.	ID=Atsept4766^scaffold_15^+;Name="ORF type:complete (+),score=15.20"scaffold_15	transdecoder	mRNA	10649527	10655671	.	+	.	ID=Atsept4766.1.p2;Parent=Atsept4766^scaffold_15^+;Name="ORF type:complete (+),score=15.20"
Warning: unexpected tab character in last column, line truncated:
scaffold_15	transdecoder	gene	11028149	11053508	.	-	.	ID=Atsept4779^scaffold_15^-;Name="ORF type:complete (+),score=10.66"scaffold_15	transdecoder	mRNA	11028149	11053508	.	-	.	ID=Atsept4779.1.p2;Parent=Atsept4779^scaffold_15^-;Name="ORF type:complete (+),score=10.66"
Warning: unexpected tab character in last column, line truncated:
scaffold_15	transdecoder	gene	11075827	11109267	.	-	.	ID=Atsept4780^scaffold_15^-;Name="ORF type:5prime_partial (+),score=13.27"scaffold_15	transdecoder	mRNA	11075827	11109267	.	-	.	ID=Atsept4780.1.p2;Parent=Atsept4780^scaffold_15^-;Name="ORF type:5prime_partial (+),score=13.27"
Warning: unexpected tab character in last column, line truncated:
scaffold_15	transdecoder	gene	11144953	11161458	.	-	.	ID=Atsept4782^scaffold_15^-;Name="ORF type:complete (+),score=19.27"scaffold_15	transdecoder	mRNA	11144953	11161458	.	-	.	ID=Atsept4782.1.p2;Parent=Atsept4782^scaffold_15^-;Name="ORF type:complete (+),score=19.27"
Warning: unexpected tab character in last column, line truncated:
scaffold_15	transdecoder	gene	11334205	11355978	.	-	.	ID=Atsept4787^scaffold_15^-;Name="ORF type:complete (+),score=8.70"scaffold_15	transdecoder	mRNA	11334205	11355978	.	-	.	ID=Atsept4787.1.p5;Parent=Atsept4787^scaffold_15^-;Name="ORF type:complete (+),score=8.70"
Warning: unexpected tab character in last column, line truncated:
scaffold_15	transdecoder	gene	11503019	11504925	.	-	.	ID=Atsept4796^scaffold_15^-;Name="ORF type:5prime_partial (+),score=11.74"scaffold_15	transdecoder	mRNA	11503019	11504925	.	-	.	ID=Atsept4796.1.p2;Parent=Atsept4796^scaffold_15^-;Name="ORF type:5prime_partial (+),score=11.74"
Warning: unexpected tab character in last column, line truncated:
scaffold_15	transdecoder	gene	12049506	12068615	.	+	.	ID=Atsept4824^scaffold_15^+;Name="ORF type:complete (+),score=5.82"scaffold_15	transdecoder	mRNA	12049506	12068615	.	+	.	ID=Atsept4824.1.p3;Parent=Atsept4824^scaffold_15^+;Name="ORF type:complete (+),score=5.82"
Warning: unexpected tab character in last column, line truncated:
scaffold_15	transdecoder	gene	12073472	12087702	.	+	.	ID=Atsept4825^scaffold_15^+;Name="ORF type:complete (+),score=57.06"scaffold_15	transdecoder	mRNA	12073472	12087702	.	+	.	ID=Atsept4825.1.p1;Parent=Atsept4825^scaffold_15^+;Name="ORF type:complete (+),score=57.06"
Warning: unexpected tab character in last column, line truncated:
scaffold_15	transdecoder	gene	12104933	12142085	.	+	.	ID=Atsept4826^scaffold_15^+;Name="ORF type:complete (+),score=1.23"scaffold_15	transdecoder	mRNA	12104933	12142085	.	+	.	ID=Atsept4826.1.p4;Parent=Atsept4826^scaffold_15^+;Name="ORF type:complete (+),score=1.23"
Warning: unexpected tab character in last column, line truncated:
scaffold_15	transdecoder	gene	12088828	12109458	.	-	.	ID=Atsept4827^scaffold_15^-;Name="ORF type:complete (+),score=35.13"scaffold_15	transdecoder	mRNA	12088828	12109458	.	-	.	ID=Atsept4827.1.p2;Parent=Atsept4827^scaffold_15^-;Name="ORF type:complete (+),score=35.13"
Warning: unexpected tab character in last column, line truncated:
scaffold_15	transdecoder	gene	12147338	12174908	.	-	.	ID=Atsept4829^scaffold_15^-;Name="ORF type:5prime_partial (+),score=0.76"scaffold_15	transdecoder	mRNA	12147338	12174908	.	-	.	ID=Atsept4829.1.p6;Parent=Atsept4829^scaffold_15^-;Name="ORF type:5prime_partial (+),score=0.76"
Warning: unexpected tab character in last column, line truncated:
scaffold_15	transdecoder	gene	13555724	13556990	.	+	.	ID=Atsept4852^scaffold_15^+;Name="ORF type:complete (+),score=55.86"scaffold_15	transdecoder	mRNA	13555724	13556990	.	+	.	ID=Atsept4852.1.p1;Parent=Atsept4852^scaffold_15^+;Name="ORF type:complete (+),score=55.86"
Warning: unexpected tab character in last column, line truncated:
scaffold_15	transdecoder	gene	13562888	13564360	.	+	.	ID=Atsept4853^scaffold_15^+;Name="ORF type:complete (+),score=75.94"scaffold_15	transdecoder	mRNA	13562888	13564360	.	+	.	ID=Atsept4853.1.p1;Parent=Atsept4853^scaffold_15^+;Name="ORF type:complete (+),score=75.94"
Warning: unexpected tab character in last column, line truncated:
scaffold_15	transdecoder	gene	14165574	14166785	.	-	.	ID=Atsept4863^scaffold_15^-;Name="ORF type:complete (+),score=21.00"scaffold_15	transdecoder	mRNA	14165574	14166785	.	-	.	ID=Atsept4863.1.p1;Parent=Atsept4863^scaffold_15^-;Name="ORF type:complete (+),score=21.00"
Warning: unexpected tab character in last column, line truncated:
scaffold_15	transdecoder	gene	14387339	14389677	.	-	.	ID=Atsept4867^scaffold_15^-;Name="ORF type:5prime_partial (+),score=13.28"scaffold_15	transdecoder	mRNA	14387339	14389677	.	-	.	ID=Atsept4867.1.p3;Parent=Atsept4867^scaffold_15^-;Name="ORF type:5prime_partial (+),score=13.28"
Warning: unexpected tab character in last column, line truncated:
scaffold_15	transdecoder	gene	14462665	14474048	.	+	.	ID=Atsept4870^scaffold_15^+;Name="ORF type:complete (+),score=4.32"scaffold_15	transdecoder	mRNA	14462665	14474048	.	+	.	ID=Atsept4870.1.p4;Parent=Atsept4870^scaffold_15^+;Name="ORF type:complete (+),score=4.32"
Warning: unexpected tab character in last column, line truncated:
scaffold_15	transdecoder	gene	14804968	14808338	.	+	.	ID=Atsept4877^scaffold_15^+;Name="ORF type:complete (+),score=36.19"scaffold_15	transdecoder	mRNA	14804968	14808338	.	+	.	ID=Atsept4877.1.p2;Parent=Atsept4877^scaffold_15^+;Name="ORF type:complete (+),score=36.19"
Warning: unexpected tab character in last column, line truncated:
scaffold_15	transdecoder	gene	15234247	15244730	.	-	.	ID=Atsept4886^scaffold_15^-;Name="ORF type:complete (+),score=25.25"scaffold_15	transdecoder	mRNA	15234247	15244730	.	-	.	ID=Atsept4886.1.p1;Parent=Atsept4886^scaffold_15^-;Name="ORF type:complete (+),score=25.25"
Warning: unexpected tab character in last column, line truncated:
scaffold_15	transdecoder	gene	15943603	15959725	.	+	.	ID=Atsept4897^scaffold_15^+;Name="ORF type:complete (+),score=19.14"scaffold_15	transdecoder	mRNA	15943603	15959725	.	+	.	ID=Atsept4897.1.p1;Parent=Atsept4897^scaffold_15^+;Name="ORF type:complete (+),score=19.14"
Warning: unexpected tab character in last column, line truncated:
scaffold_15	transdecoder	gene	16760788	16783857	.	+	.	ID=Atsept4911^scaffold_15^+;Name="ORF type:5prime_partial (+),score=12.14"scaffold_15	transdecoder	mRNA	16760788	16783857	.	+	.	ID=Atsept4911.1.p15;Parent=Atsept4911^scaffold_15^+;Name="ORF type:5prime_partial (+),score=12.14"
Warning: unexpected tab character in last column, line truncated:
scaffold_15	transdecoder	gene	66050	68390	.	+	.	ID=Atsept4917^scaffold_15^+;Name="ORF type:complete (+),score=11.42"scaffold_15	transdecoder	mRNA	66050	68390	.	+	.	ID=Atsept4917.1.p8;Parent=Atsept4917^scaffold_15^+;Name="ORF type:complete (+),score=11.42"
Warning: unexpected tab character in last column, line truncated:
scaffold_15	transdecoder	gene	18491978	18492853	.	+	.	ID=Atsept4950^scaffold_15^+;Name="ORF type:complete (+),score=5.40"scaffold_15	transdecoder	mRNA	18491978	18492853	.	+	.	ID=Atsept4950.1.p1;Parent=Atsept4950^scaffold_15^+;Name="ORF type:complete (+),score=5.40"
Warning: unexpected tab character in last column, line truncated:
scaffold_15	transdecoder	gene	20044814	20050909	.	-	.	ID=Atsept4997^scaffold_15^-;Name="ORF type:complete (+),score=15.35"scaffold_15	transdecoder	mRNA	20044814	20050909	.	-	.	ID=Atsept4997.1.p1;Parent=Atsept4997^scaffold_15^-;Name="ORF type:complete (+),score=15.35"
Warning: unexpected tab character in last column, line truncated:
scaffold_15	transdecoder	gene	20139359	20184754	.	+	.	ID=Atsept5001^scaffold_15^+;Name="ORF type:complete (+),score=50.15"scaffold_15	transdecoder	mRNA	20139359	20184754	.	+	.	ID=Atsept5001.1.p3;Parent=Atsept5001^scaffold_15^+;Name="ORF type:complete (+),score=50.15"
Warning: unexpected tab character in last column, line truncated:
scaffold_15	transdecoder	gene	20445931	20452677	.	+	.	ID=Atsept5011^scaffold_15^+;Name="ORF type:complete (+),score=27.98"scaffold_15	transdecoder	mRNA	20445931	20452677	.	+	.	ID=Atsept5011.1.p3;Parent=Atsept5011^scaffold_15^+;Name="ORF type:complete (+),score=27.98"
Warning: unexpected tab character in last column, line truncated:
scaffold_15	transdecoder	gene	20638426	20664092	.	-	.	ID=Atsept5013^scaffold_15^-;Name="ORF type:complete (+),score=6.11"scaffold_15	transdecoder	mRNA	20638426	20664092	.	-	.	ID=Atsept5013.1.p3;Parent=Atsept5013^scaffold_15^-;Name="ORF type:complete (+),score=6.11"
Warning: unexpected tab character in last column, line truncated:
scaffold_15	transdecoder	gene	21080796	21081598	.	-	.	ID=Atsept5021^scaffold_15^-;Name="ORF type:complete (+),score=11.61"scaffold_15	transdecoder	mRNA	21080796	21081598	.	-	.	ID=Atsept5021.1.p2;Parent=Atsept5021^scaffold_15^-;Name="ORF type:complete (+),score=11.61"
Warning: unexpected tab character in last column, line truncated:
scaffold_15	transdecoder	gene	21241396	21250585	.	-	.	ID=Atsept5030^scaffold_15^-;Name="ORF type:complete (+),score=31.16"scaffold_15	transdecoder	mRNA	21241396	21250585	.	-	.	ID=Atsept5030.1.p2;Parent=Atsept5030^scaffold_15^-;Name="ORF type:complete (+),score=31.16"
Warning: unexpected tab character in last column, line truncated:
scaffold_15	transdecoder	gene	21575136	21582432	.	-	.	ID=Atsept5039^scaffold_15^-;Name="ORF type:complete (+),score=7.87"scaffold_15	transdecoder	mRNA	21575136	21582432	.	-	.	ID=Atsept5039.1.p3;Parent=Atsept5039^scaffold_15^-;Name="ORF type:complete (+),score=7.87"
Warning: unexpected tab character in last column, line truncated:
scaffold_15	transdecoder	gene	22255241	22255712	.	+	.	ID=Atsept5042^scaffold_15^+;Name="ORF type:complete (+),score=31.53"scaffold_15	transdecoder	mRNA	22255241	22255712	.	+	.	ID=Atsept5042.1.p1;Parent=Atsept5042^scaffold_15^+;Name="ORF type:complete (+),score=31.53"
Warning: unexpected tab character in last column, line truncated:
scaffold_15	transdecoder	gene	24243067	24245830	.	-	.	ID=Atsept5058^scaffold_15^-;Name="ORF type:complete (+),score=166.03"scaffold_15	transdecoder	mRNA	24243067	24245830	.	-	.	ID=Atsept5058.1.p1;Parent=Atsept5058^scaffold_15^-;Name="ORF type:complete (+),score=166.03"
Warning: unexpected tab character in last column, line truncated:
scaffold_15	transdecoder	gene	24698541	24704420	.	-	.	ID=Atsept5064^scaffold_15^-;Name="ORF type:complete (+),score=15.88"scaffold_15	transdecoder	mRNA	24698541	24704420	.	-	.	ID=Atsept5064.1.p2;Parent=Atsept5064^scaffold_15^-;Name="ORF type:complete (+),score=15.88"
Warning: unexpected tab character in last column, line truncated:
scaffold_15	transdecoder	gene	1253101	1254258	.	+	.	ID=Atsept5083^scaffold_15^+;Name="ORF type:3prime_partial (+),score=13.12"scaffold_15	transdecoder	mRNA	1253101	1254258	.	+	.	ID=Atsept5083.1.p5;Parent=Atsept5083^scaffold_15^+;Name="ORF type:3prime_partial (+),score=13.12"
Warning: unexpected tab character in last column, line truncated:
scaffold_15	transdecoder	gene	25592923	25593755	.	-	.	ID=Atsept5084^scaffold_15^-;Name="ORF type:complete (+),score=4.59"scaffold_15	transdecoder	mRNA	25592923	25593755	.	-	.	ID=Atsept5084.1.p3;Parent=Atsept5084^scaffold_15^-;Name="ORF type:complete (+),score=4.59"
Warning: unexpected tab character in last column, line truncated:
scaffold_15	transdecoder	gene	25842961	25848342	.	+	.	ID=Atsept5090^scaffold_15^+;Name="ORF type:complete (+),score=43.56"scaffold_15	transdecoder	mRNA	25842961	25848342	.	+	.	ID=Atsept5090.1.p1;Parent=Atsept5090^scaffold_15^+;Name="ORF type:complete (+),score=43.56"
Warning: unexpected tab character in last column, line truncated:
scaffold_15	transdecoder	gene	1256331	1258911	.	-	.	ID=Atsept5094^scaffold_15^-;Name="ORF type:complete (+),score=44.31"scaffold_15	transdecoder	mRNA	1256331	1258911	.	-	.	ID=Atsept5094.1.p2;Parent=Atsept5094^scaffold_15^-;Name="ORF type:complete (+),score=44.31"
Warning: unexpected tab character in last column, line truncated:
scaffold_15	transdecoder	gene	25959977	25972549	.	-	.	ID=Atsept5095^scaffold_15^-;Name="ORF type:5prime_partial (+),score=72.74"scaffold_15	transdecoder	mRNA	25959977	25972549	.	-	.	ID=Atsept5095.1.p1;Parent=Atsept5095^scaffold_15^-;Name="ORF type:5prime_partial (+),score=72.74"
Warning: unexpected tab character in last column, line truncated:
scaffold_15	transdecoder	gene	26035769	26038102	.	-	.	ID=Atsept5103^scaffold_15^-;Name="ORF type:complete (+),score=44.09"scaffold_15	transdecoder	mRNA	26035769	26038102	.	-	.	ID=Atsept5103.1.p3;Parent=Atsept5103^scaffold_15^-;Name="ORF type:complete (+),score=44.09"
Warning: unexpected tab character in last column, line truncated:
scaffold_15	transdecoder	gene	1261803	1265233	.	-	.	ID=Atsept5105^scaffold_15^-;Name="ORF type:complete (+),score=36.04"scaffold_15	transdecoder	mRNA	1261803	1265233	.	-	.	ID=Atsept5105.1.p2;Parent=Atsept5105^scaffold_15^-;Name="ORF type:complete (+),score=36.04"
Warning: unexpected tab character in last column, line truncated:
scaffold_15	transdecoder	gene	26309705	26312071	.	+	.	ID=Atsept5110^scaffold_15^+;Name="ORF type:complete (+),score=97.49"scaffold_15	transdecoder	mRNA	26309705	26312071	.	+	.	ID=Atsept5110.1.p2;Parent=Atsept5110^scaffold_15^+;Name="ORF type:complete (+),score=97.49"
Warning: unexpected tab character in last column, line truncated:
scaffold_15	transdecoder	gene	26347432	26349296	.	-	.	ID=Atsept5113^scaffold_15^-;Name="ORF type:complete (+),score=15.57"scaffold_15	transdecoder	mRNA	26347432	26349296	.	-	.	ID=Atsept5113.1.p2;Parent=Atsept5113^scaffold_15^-;Name="ORF type:complete (+),score=15.57"
Warning: unexpected tab character in last column, line truncated:
scaffold_15	transdecoder	gene	1408388	1410596	.	-	.	ID=Atsept5136^scaffold_15^-;Name="ORF type:complete (+),score=81.13"scaffold_15	transdecoder	mRNA	1408388	1410596	.	-	.	ID=Atsept5136.1.p2;Parent=Atsept5136^scaffold_15^-;Name="ORF type:complete (+),score=81.13"
Warning: unexpected tab character in last column, line truncated:
scaffold_15	transdecoder	gene	1556146	1566569	.	+	.	ID=Atsept5146^scaffold_15^+;Name="ORF type:complete (+),score=5.28"scaffold_15	transdecoder	mRNA	1556146	1566569	.	+	.	ID=Atsept5146.1.p15;Parent=Atsept5146^scaffold_15^+;Name="ORF type:complete (+),score=5.28"
Warning: unexpected tab character in last column, line truncated:
scaffold_16	transdecoder	gene	5161964	5164928	.	+	.	ID=Atsept5153^scaffold_16^+;Name="ORF type:complete (+),score=19.63"scaffold_16	transdecoder	mRNA	5161964	5164928	.	+	.	ID=Atsept5153.1.p6;Parent=Atsept5153^scaffold_16^+;Name="ORF type:complete (+),score=19.63"
Warning: unexpected tab character in last column, line truncated:
scaffold_16	transdecoder	gene	5816875	5821189	.	-	.	ID=Atsept5164^scaffold_16^-;Name="ORF type:complete (+),score=6.01"scaffold_16	transdecoder	mRNA	5816875	5821189	.	-	.	ID=Atsept5164.1.p5;Parent=Atsept5164^scaffold_16^-;Name="ORF type:complete (+),score=6.01"
Warning: unexpected tab character in last column, line truncated:
scaffold_16	transdecoder	gene	701403	753164	.	+	.	ID=Atsept5183^scaffold_16^+;Name="ORF type:complete (+),score=32.72"scaffold_16	transdecoder	mRNA	701403	753164	.	+	.	ID=Atsept5183.1.p2;Parent=Atsept5183^scaffold_16^+;Name="ORF type:complete (+),score=32.72"
Warning: unexpected tab character in last column, line truncated:
scaffold_16	transdecoder	gene	7415426	7433036	.	-	.	ID=Atsept5224^scaffold_16^-;Name="ORF type:5prime_partial (+),score=52.58"scaffold_16	transdecoder	mRNA	7415426	7433036	.	-	.	ID=Atsept5224.1.p2;Parent=Atsept5224^scaffold_16^-;Name="ORF type:5prime_partial (+),score=52.58"
Warning: unexpected tab character in last column, line truncated:
scaffold_16	transdecoder	gene	2222268	2222763	.	-	.	ID=Atsept5248^scaffold_16^-;Name="ORF type:complete (+),score=4.73"scaffold_16	transdecoder	mRNA	2222268	2222763	.	-	.	ID=Atsept5248.1.p1;Parent=Atsept5248^scaffold_16^-;Name="ORF type:complete (+),score=4.73"
Warning: unexpected tab character in last column, line truncated:
scaffold_16	transdecoder	gene	2349137	2365842	.	-	.	ID=Atsept5259^scaffold_16^-;Name="ORF type:complete (+),score=29.53"scaffold_16	transdecoder	mRNA	2349137	2365842	.	-	.	ID=Atsept5259.1.p2;Parent=Atsept5259^scaffold_16^-;Name="ORF type:complete (+),score=29.53"
Warning: unexpected tab character in last column, line truncated:
scaffold_16	transdecoder	gene	2722	6486	.	-	.	ID=Atsept5260^scaffold_16^-;Name="ORF type:complete (+),score=-20.57"scaffold_16	transdecoder	mRNA	2722	6486	.	-	.	ID=Atsept5260.1.p1;Parent=Atsept5260^scaffold_16^-;Name="ORF type:complete (+),score=-20.57"
Warning: unexpected tab character in last column, line truncated:
scaffold_16	transdecoder	gene	2395689	2400166	.	-	.	ID=Atsept5271^scaffold_16^-;Name="ORF type:complete (+),score=16.79"scaffold_16	transdecoder	mRNA	2395689	2400166	.	-	.	ID=Atsept5271.1.p1;Parent=Atsept5271^scaffold_16^-;Name="ORF type:complete (+),score=16.79"
Warning: unexpected tab character in last column, line truncated:
scaffold_16	transdecoder	gene	9262140	9274274	.	-	.	ID=Atsept5280^scaffold_16^-;Name="ORF type:complete (+),score=13.89"scaffold_16	transdecoder	mRNA	9262140	9274274	.	-	.	ID=Atsept5280.1.p1;Parent=Atsept5280^scaffold_16^-;Name="ORF type:complete (+),score=13.89"
Warning: unexpected tab character in last column, line truncated:
scaffold_16	transdecoder	gene	11072657	11074275	.	-	.	ID=Atsept5287^scaffold_16^-;Name="ORF type:complete (+),score=27.52"scaffold_16	transdecoder	mRNA	11072657	11074275	.	-	.	ID=Atsept5287.1.p2;Parent=Atsept5287^scaffold_16^-;Name="ORF type:complete (+),score=27.52"
Warning: unexpected tab character in last column, line truncated:
scaffold_16	transdecoder	gene	11139039	11141032	.	-	.	ID=Atsept5289^scaffold_16^-;Name="ORF type:complete (+),score=1.46"scaffold_16	transdecoder	mRNA	11139039	11141032	.	-	.	ID=Atsept5289.1.p4;Parent=Atsept5289^scaffold_16^-;Name="ORF type:complete (+),score=1.46"
Warning: unexpected tab character in last column, line truncated:
scaffold_16	transdecoder	gene	12476349	12489043	.	-	.	ID=Atsept5300^scaffold_16^-;Name="ORF type:complete (+),score=29.30"scaffold_16	transdecoder	mRNA	12476349	12489043	.	-	.	ID=Atsept5300.1.p2;Parent=Atsept5300^scaffold_16^-;Name="ORF type:complete (+),score=29.30"
Warning: unexpected tab character in last column, line truncated:
scaffold_16	transdecoder	gene	14832466	14839156	.	-	.	ID=Atsept5327^scaffold_16^-;Name="ORF type:complete (+),score=34.61"scaffold_16	transdecoder	mRNA	14832466	14839156	.	-	.	ID=Atsept5327.1.p2;Parent=Atsept5327^scaffold_16^-;Name="ORF type:complete (+),score=34.61"
Warning: unexpected tab character in last column, line truncated:
scaffold_16	transdecoder	gene	15596668	15608658	.	-	.	ID=Atsept5330^scaffold_16^-;Name="ORF type:complete (+),score=46.36"scaffold_16	transdecoder	mRNA	15596668	15608658	.	-	.	ID=Atsept5330.1.p2;Parent=Atsept5330^scaffold_16^-;Name="ORF type:complete (+),score=46.36"
Warning: unexpected tab character in last column, line truncated:
scaffold_16	transdecoder	gene	16059011	16077959	.	+	.	ID=Atsept5332^scaffold_16^+;Name="ORF type:5prime_partial (+),score=26.88"scaffold_16	transdecoder	mRNA	16059011	16077959	.	+	.	ID=Atsept5332.1.p1;Parent=Atsept5332^scaffold_16^+;Name="ORF type:5prime_partial (+),score=26.88"
Warning: unexpected tab character in last column, line truncated:
scaffold_16	transdecoder	gene	17026987	17107627	.	-	.	ID=Atsept5340^scaffold_16^-;Name="ORF type:complete (+),score=27.22"scaffold_16	transdecoder	mRNA	17026987	17107627	.	-	.	ID=Atsept5340.1.p1;Parent=Atsept5340^scaffold_16^-;Name="ORF type:complete (+),score=27.22"
Warning: unexpected tab character in last column, line truncated:
scaffold_16	transdecoder	gene	17202598	17216371	.	-	.	ID=Atsept5341^scaffold_16^-;Name="ORF type:complete (+),score=21.25"scaffold_16	transdecoder	mRNA	17202598	17216371	.	-	.	ID=Atsept5341.1.p2;Parent=Atsept5341^scaffold_16^-;Name="ORF type:complete (+),score=21.25"
Warning: unexpected tab character in last column, line truncated:
scaffold_16	transdecoder	gene	17669577	17673994	.	-	.	ID=Atsept5345^scaffold_16^-;Name="ORF type:complete (+),score=42.38"scaffold_16	transdecoder	mRNA	17669577	17673994	.	-	.	ID=Atsept5345.1.p1;Parent=Atsept5345^scaffold_16^-;Name="ORF type:complete (+),score=42.38"
Warning: unexpected tab character in last column, line truncated:
scaffold_16	transdecoder	gene	18082496	18082816	.	+	.	ID=Atsept5352^scaffold_16^+;Name="ORF type:complete (+),score=3.65"scaffold_16	transdecoder	mRNA	18082496	18082816	.	+	.	ID=Atsept5352.1.p1;Parent=Atsept5352^scaffold_16^+;Name="ORF type:complete (+),score=3.65"
Warning: unexpected tab character in last column, line truncated:
scaffold_16	transdecoder	gene	19502743	19517324	.	-	.	ID=Atsept5364^scaffold_16^-;Name="ORF type:complete (+),score=2.04"scaffold_16	transdecoder	mRNA	19502743	19517324	.	-	.	ID=Atsept5364.1.p11;Parent=Atsept5364^scaffold_16^-;Name="ORF type:complete (+),score=2.04"
Warning: unexpected tab character in last column, line truncated:
scaffold_16	transdecoder	gene	20098648	20102417	.	+	.	ID=Atsept5371^scaffold_16^+;Name="ORF type:3prime_partial (-),score=3.69"scaffold_16	transdecoder	mRNA	20098648	20102417	.	+	.	ID=Atsept5371.1.p5;Parent=Atsept5371^scaffold_16^+;Name="ORF type:3prime_partial (-),score=3.69"
Warning: unexpected tab character in last column, line truncated:
scaffold_16	transdecoder	gene	20098648	20102417	.	-	.	ID=Atsept5371^scaffold_16^-;Name="ORF type:complete (+),score=2.49"scaffold_16	transdecoder	mRNA	20098648	20102417	.	-	.	ID=Atsept5371.1.p10;Parent=Atsept5371^scaffold_16^-;Name="ORF type:complete (+),score=2.49"
Warning: unexpected tab character in last column, line truncated:
scaffold_16	transdecoder	gene	20302750	20328470	.	+	.	ID=Atsept5375^scaffold_16^+;Name="ORF type:complete (+),score=14.80"scaffold_16	transdecoder	mRNA	20302750	20328470	.	+	.	ID=Atsept5375.1.p1;Parent=Atsept5375^scaffold_16^+;Name="ORF type:complete (+),score=14.80"
Warning: unexpected tab character in last column, line truncated:
scaffold_16	transdecoder	gene	20477627	20493912	.	+	.	ID=Atsept5377^scaffold_16^+;Name="ORF type:complete (+),score=49.63"scaffold_16	transdecoder	mRNA	20477627	20493912	.	+	.	ID=Atsept5377.1.p2;Parent=Atsept5377^scaffold_16^+;Name="ORF type:complete (+),score=49.63"
Warning: unexpected tab character in last column, line truncated:
scaffold_16	transdecoder	gene	20652789	20658879	.	-	.	ID=Atsept5383^scaffold_16^-;Name="ORF type:complete (+),score=12.93"scaffold_16	transdecoder	mRNA	20652789	20658879	.	-	.	ID=Atsept5383.1.p1;Parent=Atsept5383^scaffold_16^-;Name="ORF type:complete (+),score=12.93"
Warning: unexpected tab character in last column, line truncated:
scaffold_16	transdecoder	gene	20770666	20774111	.	-	.	ID=Atsept5384^scaffold_16^-;Name="ORF type:complete (+),score=5.81"scaffold_16	transdecoder	mRNA	20770666	20774111	.	-	.	ID=Atsept5384.1.p5;Parent=Atsept5384^scaffold_16^-;Name="ORF type:complete (+),score=5.81"
Warning: unexpected tab character in last column, line truncated:
scaffold_16	transdecoder	gene	21244230	21251003	.	+	.	ID=Atsept5395^scaffold_16^+;Name="ORF type:complete (+),score=38.46"scaffold_16	transdecoder	mRNA	21244230	21251003	.	+	.	ID=Atsept5395.1.p2;Parent=Atsept5395^scaffold_16^+;Name="ORF type:complete (+),score=38.46"
Warning: unexpected tab character in last column, line truncated:
scaffold_16	transdecoder	gene	22126529	22137311	.	+	.	ID=Atsept5414^scaffold_16^+;Name="ORF type:complete (+),score=12.94"scaffold_16	transdecoder	mRNA	22126529	22137311	.	+	.	ID=Atsept5414.1.p3;Parent=Atsept5414^scaffold_16^+;Name="ORF type:complete (+),score=12.94"
Warning: unexpected tab character in last column, line truncated:
scaffold_16	transdecoder	gene	22423729	22431444	.	+	.	ID=Atsept5420^scaffold_16^+;Name="ORF type:complete (+),score=8.13"scaffold_16	transdecoder	mRNA	22423729	22431444	.	+	.	ID=Atsept5420.1.p3;Parent=Atsept5420^scaffold_16^+;Name="ORF type:complete (+),score=8.13"
Warning: unexpected tab character in last column, line truncated:
scaffold_16	transdecoder	gene	22809133	22810844	.	-	.	ID=Atsept5445^scaffold_16^-;Name="ORF type:complete (+),score=13.03"scaffold_16	transdecoder	mRNA	22809133	22810844	.	-	.	ID=Atsept5445.1.p4;Parent=Atsept5445^scaffold_16^-;Name="ORF type:complete (+),score=13.03"
Warning: unexpected tab character in last column, line truncated:
scaffold_16	transdecoder	gene	22811854	22814561	.	-	.	ID=Atsept5446^scaffold_16^-;Name="ORF type:complete (+),score=29.10"scaffold_16	transdecoder	mRNA	22811854	22814561	.	-	.	ID=Atsept5446.1.p2;Parent=Atsept5446^scaffold_16^-;Name="ORF type:complete (+),score=29.10"
Warning: unexpected tab character in last column, line truncated:
scaffold_16	transdecoder	gene	22951549	22954929	.	-	.	ID=Atsept5460^scaffold_16^-;Name="ORF type:5prime_partial (+),score=8.45"scaffold_16	transdecoder	mRNA	22951549	22954929	.	-	.	ID=Atsept5460.1.p5;Parent=Atsept5460^scaffold_16^-;Name="ORF type:5prime_partial (+),score=8.45"
Warning: unexpected tab character in last column, line truncated:
scaffold_16	transdecoder	gene	23460630	23462997	.	+	.	ID=Atsept5468^scaffold_16^+;Name="ORF type:complete (+),score=10.55"scaffold_16	transdecoder	mRNA	23460630	23462997	.	+	.	ID=Atsept5468.1.p1;Parent=Atsept5468^scaffold_16^+;Name="ORF type:complete (+),score=10.55"
Warning: unexpected tab character in last column, line truncated:
scaffold_16	transdecoder	gene	23546591	23548295	.	+	.	ID=Atsept5479^scaffold_16^+;Name="ORF type:complete (+),score=24.26"scaffold_16	transdecoder	mRNA	23546591	23548295	.	+	.	ID=Atsept5479.1.p4;Parent=Atsept5479^scaffold_16^+;Name="ORF type:complete (+),score=24.26"
Warning: unexpected tab character in last column, line truncated:
scaffold_16	transdecoder	gene	23653299	23657777	.	-	.	ID=Atsept5486^scaffold_16^-;Name="ORF type:complete (+),score=6.52"scaffold_16	transdecoder	mRNA	23653299	23657777	.	-	.	ID=Atsept5486.1.p3;Parent=Atsept5486^scaffold_16^-;Name="ORF type:complete (+),score=6.52"
Warning: unexpected tab character in last column, line truncated:
scaffold_16	transdecoder	gene	23719782	23720536	.	+	.	ID=Atsept5489^scaffold_16^+;Name="ORF type:complete (+),score=20.57"scaffold_16	transdecoder	mRNA	23719782	23720536	.	+	.	ID=Atsept5489.1.p1;Parent=Atsept5489^scaffold_16^+;Name="ORF type:complete (+),score=20.57"
Warning: unexpected tab character in last column, line truncated:
scaffold_16	transdecoder	gene	3530253	3577731	.	+	.	ID=Atsept5492^scaffold_16^+;Name="ORF type:complete (+),score=10.50"scaffold_16	transdecoder	mRNA	3530253	3577731	.	+	.	ID=Atsept5492.1.p3;Parent=Atsept5492^scaffold_16^+;Name="ORF type:complete (+),score=10.50"
Warning: unexpected tab character in last column, line truncated:
scaffold_16	transdecoder	gene	4102415	4103229	.	+	.	ID=Atsept5515^scaffold_16^+;Name="ORF type:complete (+),score=36.87"scaffold_16	transdecoder	mRNA	4102415	4103229	.	+	.	ID=Atsept5515.1.p2;Parent=Atsept5515^scaffold_16^+;Name="ORF type:complete (+),score=36.87"
Warning: unexpected tab character in last column, line truncated:
scaffold_16	transdecoder	gene	113983	120548	.	-	.	ID=Atsept5521^scaffold_16^-;Name="ORF type:5prime_partial (+),score=29.98"scaffold_16	transdecoder	mRNA	113983	120548	.	-	.	ID=Atsept5521.1.p1;Parent=Atsept5521^scaffold_16^-;Name="ORF type:5prime_partial (+),score=29.98"
Warning: unexpected tab character in last column, line truncated:
scaffold_16	transdecoder	gene	4435629	4439156	.	+	.	ID=Atsept5523^scaffold_16^+;Name="ORF type:complete (+),score=10.72"scaffold_16	transdecoder	mRNA	4435629	4439156	.	+	.	ID=Atsept5523.1.p1;Parent=Atsept5523^scaffold_16^+;Name="ORF type:complete (+),score=10.72"
Warning: unexpected tab character in last column, line truncated:
scaffold_16	transdecoder	gene	4447348	4456230	.	-	.	ID=Atsept5526^scaffold_16^-;Name="ORF type:complete (+),score=0.13"scaffold_16	transdecoder	mRNA	4447348	4456230	.	-	.	ID=Atsept5526.1.p3;Parent=Atsept5526^scaffold_16^-;Name="ORF type:complete (+),score=0.13"
Warning: unexpected tab character in last column, line truncated:
scaffold_16	transdecoder	gene	5029245	5036316	.	-	.	ID=Atsept5546^scaffold_16^-;Name="ORF type:complete (+),score=7.98"scaffold_16	transdecoder	mRNA	5029245	5036316	.	-	.	ID=Atsept5546.1.p5;Parent=Atsept5546^scaffold_16^-;Name="ORF type:complete (+),score=7.98"
Warning: unexpected tab character in last column, line truncated:
scaffold_16	transdecoder	gene	5047580	5053266	.	-	.	ID=Atsept5548^scaffold_16^-;Name="ORF type:complete (+),score=0.33"scaffold_16	transdecoder	mRNA	5047580	5053266	.	-	.	ID=Atsept5548.1.p10;Parent=Atsept5548^scaffold_16^-;Name="ORF type:complete (+),score=0.33"
Warning: unexpected tab character in last column, line truncated:
scaffold_17	transdecoder	gene	6567674	6576611	.	-	.	ID=Atsept5561^scaffold_17^-;Name="ORF type:5prime_partial (+),score=8.84"scaffold_17	transdecoder	mRNA	6567674	6576611	.	-	.	ID=Atsept5561.1.p8;Parent=Atsept5561^scaffold_17^-;Name="ORF type:5prime_partial (+),score=8.84"
Warning: unexpected tab character in last column, line truncated:
scaffold_17	transdecoder	gene	6682952	6711479	.	-	.	ID=Atsept5569^scaffold_17^-;Name="ORF type:complete (+),score=24.77"scaffold_17	transdecoder	mRNA	6682952	6711479	.	-	.	ID=Atsept5569.1.p1;Parent=Atsept5569^scaffold_17^-;Name="ORF type:complete (+),score=24.77"
Warning: unexpected tab character in last column, line truncated:
scaffold_17	transdecoder	gene	6713292	6718202	.	-	.	ID=Atsept5570^scaffold_17^-;Name="ORF type:complete (+),score=18.30"scaffold_17	transdecoder	mRNA	6713292	6718202	.	-	.	ID=Atsept5570.1.p1;Parent=Atsept5570^scaffold_17^-;Name="ORF type:complete (+),score=18.30"
Warning: unexpected tab character in last column, line truncated:
scaffold_17	transdecoder	gene	6720577	6730915	.	-	.	ID=Atsept5573^scaffold_17^-;Name="ORF type:complete (+),score=44.30"scaffold_17	transdecoder	mRNA	6720577	6730915	.	-	.	ID=Atsept5573.1.p2;Parent=Atsept5573^scaffold_17^-;Name="ORF type:complete (+),score=44.30"
Warning: unexpected tab character in last column, line truncated:
scaffold_17	transdecoder	gene	2288773	2305494	.	-	.	ID=Atsept5574^scaffold_17^-;Name="ORF type:5prime_partial (+),score=4.78"scaffold_17	transdecoder	mRNA	2288773	2305494	.	-	.	ID=Atsept5574.1.p1;Parent=Atsept5574^scaffold_17^-;Name="ORF type:5prime_partial (+),score=4.78"
Warning: unexpected tab character in last column, line truncated:
scaffold_17	transdecoder	gene	6758695	6762147	.	+	.	ID=Atsept5576^scaffold_17^+;Name="ORF type:complete (+),score=44.58"scaffold_17	transdecoder	mRNA	6758695	6762147	.	+	.	ID=Atsept5576.1.p2;Parent=Atsept5576^scaffold_17^+;Name="ORF type:complete (+),score=44.58"
Warning: unexpected tab character in last column, line truncated:
scaffold_17	transdecoder	gene	6762338	6772647	.	+	.	ID=Atsept5577^scaffold_17^+;Name="ORF type:complete (+),score=17.35"scaffold_17	transdecoder	mRNA	6762338	6772647	.	+	.	ID=Atsept5577.1.p3;Parent=Atsept5577^scaffold_17^+;Name="ORF type:complete (+),score=17.35"
Warning: unexpected tab character in last column, line truncated:
scaffold_17	transdecoder	gene	6772423	6775104	.	-	.	ID=Atsept5579^scaffold_17^-;Name="ORF type:complete (+),score=27.00"scaffold_17	transdecoder	mRNA	6772423	6775104	.	-	.	ID=Atsept5579.1.p1;Parent=Atsept5579^scaffold_17^-;Name="ORF type:complete (+),score=27.00"
Warning: unexpected tab character in last column, line truncated:
scaffold_17	transdecoder	gene	2495887	2512514	.	+	.	ID=Atsept5585^scaffold_17^+;Name="ORF type:complete (+),score=8.97"scaffold_17	transdecoder	mRNA	2495887	2512514	.	+	.	ID=Atsept5585.1.p8;Parent=Atsept5585^scaffold_17^+;Name="ORF type:complete (+),score=8.97"
Warning: unexpected tab character in last column, line truncated:
scaffold_17	transdecoder	gene	2557572	2560421	.	+	.	ID=Atsept5596^scaffold_17^+;Name="ORF type:5prime_partial (+),score=103.13"scaffold_17	transdecoder	mRNA	2557572	2560421	.	+	.	ID=Atsept5596.1.p2;Parent=Atsept5596^scaffold_17^+;Name="ORF type:5prime_partial (+),score=103.13"
Warning: unexpected tab character in last column, line truncated:
scaffold_17	transdecoder	gene	2557608	2560099	.	+	.	ID=Atsept5607^scaffold_17^+;Name="ORF type:5prime_partial (-),score=105.17"scaffold_17	transdecoder	mRNA	2557608	2560099	.	+	.	ID=Atsept5607.1.p2;Parent=Atsept5607^scaffold_17^+;Name="ORF type:5prime_partial (-),score=105.17"
Warning: unexpected tab character in last column, line truncated:
scaffold_17	transdecoder	gene	2670033	2674886	.	-	.	ID=Atsept5618^scaffold_17^-;Name="ORF type:complete (+),score=29.85"scaffold_17	transdecoder	mRNA	2670033	2674886	.	-	.	ID=Atsept5618.1.p1;Parent=Atsept5618^scaffold_17^-;Name="ORF type:complete (+),score=29.85"
Warning: unexpected tab character in last column, line truncated:
scaffold_17	transdecoder	gene	9198809	9199312	.	-	.	ID=Atsept5624^scaffold_17^-;Name="ORF type:complete (+),score=15.20"scaffold_17	transdecoder	mRNA	9198809	9199312	.	-	.	ID=Atsept5624.1.p1;Parent=Atsept5624^scaffold_17^-;Name="ORF type:complete (+),score=15.20"
Warning: unexpected tab character in last column, line truncated:
scaffold_17	transdecoder	gene	2771855	2773479	.	-	.	ID=Atsept5640^scaffold_17^-;Name="ORF type:3prime_partial (+),score=12.88"scaffold_17	transdecoder	mRNA	2771855	2773479	.	-	.	ID=Atsept5640.1.p4;Parent=Atsept5640^scaffold_17^-;Name="ORF type:3prime_partial (+),score=12.88"
Warning: unexpected tab character in last column, line truncated:
scaffold_17	transdecoder	gene	11408647	11410967	.	-	.	ID=Atsept5650^scaffold_17^-;Name="ORF type:complete (+),score=26.77"scaffold_17	transdecoder	mRNA	11408647	11410967	.	-	.	ID=Atsept5650.1.p1;Parent=Atsept5650^scaffold_17^-;Name="ORF type:complete (+),score=26.77"
Warning: unexpected tab character in last column, line truncated:
scaffold_17	transdecoder	gene	13101074	13104733	.	-	.	ID=Atsept5678^scaffold_17^-;Name="ORF type:3prime_partial (+),score=5.37"scaffold_17	transdecoder	mRNA	13101074	13104733	.	-	.	ID=Atsept5678.1.p5;Parent=Atsept5678^scaffold_17^-;Name="ORF type:3prime_partial (+),score=5.37"
Warning: unexpected tab character in last column, line truncated:
scaffold_17	transdecoder	gene	13500353	13501222	.	-	.	ID=Atsept5687^scaffold_17^-;Name="ORF type:complete (+),score=6.86"scaffold_17	transdecoder	mRNA	13500353	13501222	.	-	.	ID=Atsept5687.1.p4;Parent=Atsept5687^scaffold_17^-;Name="ORF type:complete (+),score=6.86"
Warning: unexpected tab character in last column, line truncated:
scaffold_17	transdecoder	gene	13849644	13854038	.	+	.	ID=Atsept5692^scaffold_17^+;Name="ORF type:complete (+),score=35.02"scaffold_17	transdecoder	mRNA	13849644	13854038	.	+	.	ID=Atsept5692.1.p1;Parent=Atsept5692^scaffold_17^+;Name="ORF type:complete (+),score=35.02"
Warning: unexpected tab character in last column, line truncated:
scaffold_17	transdecoder	gene	13856335	13858476	.	+	.	ID=Atsept5693^scaffold_17^+;Name="ORF type:complete (+),score=26.84"scaffold_17	transdecoder	mRNA	13856335	13858476	.	+	.	ID=Atsept5693.1.p1;Parent=Atsept5693^scaffold_17^+;Name="ORF type:complete (+),score=26.84"
Warning: unexpected tab character in last column, line truncated:
scaffold_17	transdecoder	gene	13862838	13866941	.	+	.	ID=Atsept5694^scaffold_17^+;Name="ORF type:complete (+),score=43.39"scaffold_17	transdecoder	mRNA	13862838	13866941	.	+	.	ID=Atsept5694.1.p1;Parent=Atsept5694^scaffold_17^+;Name="ORF type:complete (+),score=43.39"
Warning: unexpected tab character in last column, line truncated:
scaffold_17	transdecoder	gene	13869158	13877192	.	+	.	ID=Atsept5696^scaffold_17^+;Name="ORF type:complete (+),score=17.98"scaffold_17	transdecoder	mRNA	13869158	13877192	.	+	.	ID=Atsept5696.1.p2;Parent=Atsept5696^scaffold_17^+;Name="ORF type:complete (+),score=17.98"
Warning: unexpected tab character in last column, line truncated:
scaffold_17	transdecoder	gene	13880730	13883570	.	+	.	ID=Atsept5697^scaffold_17^+;Name="ORF type:5prime_partial (+),score=38.04"scaffold_17	transdecoder	mRNA	13880730	13883570	.	+	.	ID=Atsept5697.1.p1;Parent=Atsept5697^scaffold_17^+;Name="ORF type:5prime_partial (+),score=38.04"
Warning: unexpected tab character in last column, line truncated:
scaffold_17	transdecoder	gene	13885683	13888486	.	+	.	ID=Atsept5698^scaffold_17^+;Name="ORF type:complete (+),score=36.16"scaffold_17	transdecoder	mRNA	13885683	13888486	.	+	.	ID=Atsept5698.1.p1;Parent=Atsept5698^scaffold_17^+;Name="ORF type:complete (+),score=36.16"
Warning: unexpected tab character in last column, line truncated:
scaffold_17	transdecoder	gene	14917274	14920834	.	-	.	ID=Atsept5713^scaffold_17^-;Name="ORF type:complete (+),score=30.96"scaffold_17	transdecoder	mRNA	14917274	14920834	.	-	.	ID=Atsept5713.1.p2;Parent=Atsept5713^scaffold_17^-;Name="ORF type:complete (+),score=30.96"
Warning: unexpected tab character in last column, line truncated:
scaffold_17	transdecoder	gene	15466094	15467051	.	+	.	ID=Atsept5723^scaffold_17^+;Name="ORF type:5prime_partial (+),score=10.01"scaffold_17	transdecoder	mRNA	15466094	15467051	.	+	.	ID=Atsept5723.1.p1;Parent=Atsept5723^scaffold_17^+;Name="ORF type:5prime_partial (+),score=10.01"
Warning: unexpected tab character in last column, line truncated:
scaffold_17	transdecoder	gene	15768908	15769330	.	+	.	ID=Atsept5728^scaffold_17^+;Name="ORF type:complete (+),score=12.65"scaffold_17	transdecoder	mRNA	15768908	15769330	.	+	.	ID=Atsept5728.1.p1;Parent=Atsept5728^scaffold_17^+;Name="ORF type:complete (+),score=12.65"
Warning: unexpected tab character in last column, line truncated:
scaffold_17	transdecoder	gene	16963714	16969705	.	+	.	ID=Atsept5735^scaffold_17^+;Name="ORF type:complete (+),score=22.96"scaffold_17	transdecoder	mRNA	16963714	16969705	.	+	.	ID=Atsept5735.1.p2;Parent=Atsept5735^scaffold_17^+;Name="ORF type:complete (+),score=22.96"
Warning: unexpected tab character in last column, line truncated:
scaffold_17	transdecoder	gene	17272037	17300311	.	+	.	ID=Atsept5747^scaffold_17^+;Name="ORF type:complete (+),score=23.38"scaffold_17	transdecoder	mRNA	17272037	17300311	.	+	.	ID=Atsept5747.1.p3;Parent=Atsept5747^scaffold_17^+;Name="ORF type:complete (+),score=23.38"
Warning: unexpected tab character in last column, line truncated:
scaffold_17	transdecoder	gene	17621402	17634371	.	+	.	ID=Atsept5752^scaffold_17^+;Name="ORF type:5prime_partial (+),score=35.67"scaffold_17	transdecoder	mRNA	17621402	17634371	.	+	.	ID=Atsept5752.1.p1;Parent=Atsept5752^scaffold_17^+;Name="ORF type:5prime_partial (+),score=35.67"
Warning: unexpected tab character in last column, line truncated:
scaffold_17	transdecoder	gene	17607505	17628333	.	-	.	ID=Atsept5753^scaffold_17^-;Name="ORF type:complete (+),score=15.39"scaffold_17	transdecoder	mRNA	17607505	17628333	.	-	.	ID=Atsept5753.1.p1;Parent=Atsept5753^scaffold_17^-;Name="ORF type:complete (+),score=15.39"
Warning: unexpected tab character in last column, line truncated:
scaffold_17	transdecoder	gene	17638165	17650524	.	+	.	ID=Atsept5754^scaffold_17^+;Name="ORF type:5prime_partial (+),score=112.64"scaffold_17	transdecoder	mRNA	17638165	17650524	.	+	.	ID=Atsept5754.1.p1;Parent=Atsept5754^scaffold_17^+;Name="ORF type:5prime_partial (+),score=112.64"
Warning: unexpected tab character in last column, line truncated:
scaffold_17	transdecoder	gene	17694605	17716262	.	+	.	ID=Atsept5755^scaffold_17^+;Name="ORF type:complete (+),score=14.88"scaffold_17	transdecoder	mRNA	17694605	17716262	.	+	.	ID=Atsept5755.1.p1;Parent=Atsept5755^scaffold_17^+;Name="ORF type:complete (+),score=14.88"
Warning: unexpected tab character in last column, line truncated:
scaffold_17	transdecoder	gene	18228073	18236990	.	-	.	ID=Atsept5766^scaffold_17^-;Name="ORF type:complete (+),score=6.12"scaffold_17	transdecoder	mRNA	18228073	18236990	.	-	.	ID=Atsept5766.1.p3;Parent=Atsept5766^scaffold_17^-;Name="ORF type:complete (+),score=6.12"
Warning: unexpected tab character in last column, line truncated:
scaffold_17	transdecoder	gene	19012441	19014278	.	+	.	ID=Atsept5781^scaffold_17^+;Name="ORF type:complete (+),score=5.78"scaffold_17	transdecoder	mRNA	19012441	19014278	.	+	.	ID=Atsept5781.1.p4;Parent=Atsept5781^scaffold_17^+;Name="ORF type:complete (+),score=5.78"
Warning: unexpected tab character in last column, line truncated:
scaffold_17	transdecoder	gene	19131590	19133270	.	-	.	ID=Atsept5791^scaffold_17^-;Name="ORF type:complete (+),score=10.54"scaffold_17	transdecoder	mRNA	19131590	19133270	.	-	.	ID=Atsept5791.1.p4;Parent=Atsept5791^scaffold_17^-;Name="ORF type:complete (+),score=10.54"
Warning: unexpected tab character in last column, line truncated:
scaffold_17	transdecoder	gene	3321490	3322893	.	+	.	ID=Atsept5795^scaffold_17^+;Name="ORF type:complete (+),score=15.80"scaffold_17	transdecoder	mRNA	3321490	3322893	.	+	.	ID=Atsept5795.1.p3;Parent=Atsept5795^scaffold_17^+;Name="ORF type:complete (+),score=15.80"
Warning: unexpected tab character in last column, line truncated:
scaffold_17	transdecoder	gene	19624302	19630268	.	+	.	ID=Atsept5807^scaffold_17^+;Name="ORF type:complete (+),score=48.79"scaffold_17	transdecoder	mRNA	19624302	19630268	.	+	.	ID=Atsept5807.1.p3;Parent=Atsept5807^scaffold_17^+;Name="ORF type:complete (+),score=48.79"
Warning: unexpected tab character in last column, line truncated:
scaffold_17	transdecoder	gene	19704583	19707997	.	-	.	ID=Atsept5814^scaffold_17^-;Name="ORF type:5prime_partial (+),score=22.88"scaffold_17	transdecoder	mRNA	19704583	19707997	.	-	.	ID=Atsept5814.1.p2;Parent=Atsept5814^scaffold_17^-;Name="ORF type:5prime_partial (+),score=22.88"
Warning: unexpected tab character in last column, line truncated:
scaffold_17	transdecoder	gene	23560055	23570910	.	-	.	ID=Atsept5841^scaffold_17^-;Name="ORF type:complete (+),score=13.75"scaffold_17	transdecoder	mRNA	23560055	23570910	.	-	.	ID=Atsept5841.1.p1;Parent=Atsept5841^scaffold_17^-;Name="ORF type:complete (+),score=13.75"
Warning: unexpected tab character in last column, line truncated:
scaffold_17	transdecoder	gene	24026756	24042147	.	-	.	ID=Atsept5847^scaffold_17^-;Name="ORF type:complete (+),score=14.21"scaffold_17	transdecoder	mRNA	24026756	24042147	.	-	.	ID=Atsept5847.1.p1;Parent=Atsept5847^scaffold_17^-;Name="ORF type:complete (+),score=14.21"
Warning: unexpected tab character in last column, line truncated:
scaffold_17	transdecoder	gene	3857826	3871399	.	-	.	ID=Atsept5854^scaffold_17^-;Name="ORF type:complete (+),score=11.98"scaffold_17	transdecoder	mRNA	3857826	3871399	.	-	.	ID=Atsept5854.1.p2;Parent=Atsept5854^scaffold_17^-;Name="ORF type:complete (+),score=11.98"
Warning: unexpected tab character in last column, line truncated:
scaffold_17	transdecoder	gene	4713358	4753067	.	+	.	ID=Atsept5859^scaffold_17^+;Name="ORF type:5prime_partial (+),score=8.42"scaffold_17	transdecoder	mRNA	4713358	4753067	.	+	.	ID=Atsept5859.1.p3;Parent=Atsept5859^scaffold_17^+;Name="ORF type:5prime_partial (+),score=8.42"
Warning: unexpected tab character in last column, line truncated:
scaffold_17	transdecoder	gene	4840064	4847038	.	-	.	ID=Atsept5862^scaffold_17^-;Name="ORF type:complete (+),score=14.21"scaffold_17	transdecoder	mRNA	4840064	4847038	.	-	.	ID=Atsept5862.1.p7;Parent=Atsept5862^scaffold_17^-;Name="ORF type:complete (+),score=14.21"
Warning: unexpected tab character in last column, line truncated:
scaffold_17	transdecoder	gene	5291975	5298174	.	-	.	ID=Atsept5871^scaffold_17^-;Name="ORF type:complete (+),score=14.18"scaffold_17	transdecoder	mRNA	5291975	5298174	.	-	.	ID=Atsept5871.1.p2;Parent=Atsept5871^scaffold_17^-;Name="ORF type:complete (+),score=14.18"
Warning: unexpected tab character in last column, line truncated:
scaffold_17	transdecoder	gene	5296067	5307967	.	-	.	ID=Atsept5872^scaffold_17^-;Name="ORF type:5prime_partial (+),score=33.07"scaffold_17	transdecoder	mRNA	5296067	5307967	.	-	.	ID=Atsept5872.1.p1;Parent=Atsept5872^scaffold_17^-;Name="ORF type:5prime_partial (+),score=33.07"
Warning: unexpected tab character in last column, line truncated:
scaffold_17	transdecoder	gene	5774473	5778612	.	+	.	ID=Atsept5885^scaffold_17^+;Name="ORF type:5prime_partial (+),score=3.91"scaffold_17	transdecoder	mRNA	5774473	5778612	.	+	.	ID=Atsept5885.1.p2;Parent=Atsept5885^scaffold_17^+;Name="ORF type:5prime_partial (+),score=3.91"
Warning: unexpected tab character in last column, line truncated:
scaffold_17	transdecoder	gene	1222086	1233621	.	+	.	ID=Atsept5899^scaffold_17^+;Name="ORF type:3prime_partial (+),score=60.61"scaffold_17	transdecoder	mRNA	1222086	1233621	.	+	.	ID=Atsept5899.1.p1;Parent=Atsept5899^scaffold_17^+;Name="ORF type:3prime_partial (+),score=60.61"
Warning: unexpected tab character in last column, line truncated:
scaffold_17	transdecoder	gene	6208616	6213831	.	+	.	ID=Atsept5913^scaffold_17^+;Name="ORF type:complete (+),score=25.51"scaffold_17	transdecoder	mRNA	6208616	6213831	.	+	.	ID=Atsept5913.1.p10;Parent=Atsept5913^scaffold_17^+;Name="ORF type:complete (+),score=25.51"
Warning: unexpected tab character in last column, line truncated:
scaffold_17	transdecoder	gene	6311552	6315944	.	+	.	ID=Atsept5917^scaffold_17^+;Name="ORF type:complete (+),score=15.08"scaffold_17	transdecoder	mRNA	6311552	6315944	.	+	.	ID=Atsept5917.1.p2;Parent=Atsept5917^scaffold_17^+;Name="ORF type:complete (+),score=15.08"
Warning: unexpected tab character in last column, line truncated:
scaffold_17	transdecoder	gene	1526336	1542200	.	-	.	ID=Atsept5921^scaffold_17^-;Name="ORF type:5prime_partial (+),score=27.15"scaffold_17	transdecoder	mRNA	1526336	1542200	.	-	.	ID=Atsept5921.1.p2;Parent=Atsept5921^scaffold_17^-;Name="ORF type:5prime_partial (+),score=27.15"
Warning: unexpected tab character in last column, line truncated:
scaffold_18	transdecoder	gene	579664	584124	.	-	.	ID=Atsept5932^scaffold_18^-;Name="ORF type:complete (+),score=11.39"scaffold_18	transdecoder	mRNA	579664	584124	.	-	.	ID=Atsept5932.1.p12;Parent=Atsept5932^scaffold_18^-;Name="ORF type:complete (+),score=11.39"
Warning: unexpected tab character in last column, line truncated:
scaffold_18	transdecoder	gene	4980612	4984500	.	+	.	ID=Atsept5936^scaffold_18^+;Name="ORF type:complete (+),score=14.08"scaffold_18	transdecoder	mRNA	4980612	4984500	.	+	.	ID=Atsept5936.1.p10;Parent=Atsept5936^scaffold_18^+;Name="ORF type:complete (+),score=14.08"
Warning: unexpected tab character in last column, line truncated:
scaffold_18	transdecoder	gene	5205646	5206306	.	+	.	ID=Atsept5945^scaffold_18^+;Name="ORF type:complete (+),score=4.17"scaffold_18	transdecoder	mRNA	5205646	5206306	.	+	.	ID=Atsept5945.1.p3;Parent=Atsept5945^scaffold_18^+;Name="ORF type:complete (+),score=4.17"
Warning: unexpected tab character in last column, line truncated:
scaffold_18	transdecoder	gene	5547220	5550400	.	-	.	ID=Atsept5950^scaffold_18^-;Name="ORF type:complete (+),score=6.60"scaffold_18	transdecoder	mRNA	5547220	5550400	.	-	.	ID=Atsept5950.1.p1;Parent=Atsept5950^scaffold_18^-;Name="ORF type:complete (+),score=6.60"
Warning: unexpected tab character in last column, line truncated:
scaffold_18	transdecoder	gene	5973331	6014432	.	-	.	ID=Atsept5953^scaffold_18^-;Name="ORF type:complete (+),score=48.79"scaffold_18	transdecoder	mRNA	5973331	6014432	.	-	.	ID=Atsept5953.1.p2;Parent=Atsept5953^scaffold_18^-;Name="ORF type:complete (+),score=48.79"
Warning: unexpected tab character in last column, line truncated:
scaffold_18	transdecoder	gene	7875923	7881533	.	+	.	ID=Atsept5977^scaffold_18^+;Name="ORF type:complete (+),score=18.09"scaffold_18	transdecoder	mRNA	7875923	7881533	.	+	.	ID=Atsept5977.1.p3;Parent=Atsept5977^scaffold_18^+;Name="ORF type:complete (+),score=18.09"
Warning: unexpected tab character in last column, line truncated:
scaffold_18	transdecoder	gene	7881501	7887315	.	-	.	ID=Atsept5978^scaffold_18^-;Name="ORF type:complete (+),score=13.52"scaffold_18	transdecoder	mRNA	7881501	7887315	.	-	.	ID=Atsept5978.1.p1;Parent=Atsept5978^scaffold_18^-;Name="ORF type:complete (+),score=13.52"
Warning: unexpected tab character in last column, line truncated:
scaffold_18	transdecoder	gene	7946374	7964524	.	-	.	ID=Atsept5981^scaffold_18^-;Name="ORF type:complete (+),score=47.57"scaffold_18	transdecoder	mRNA	7946374	7964524	.	-	.	ID=Atsept5981.1.p2;Parent=Atsept5981^scaffold_18^-;Name="ORF type:complete (+),score=47.57"
Warning: unexpected tab character in last column, line truncated:
scaffold_18	transdecoder	gene	344391	346142	.	+	.	ID=Atsept6030^scaffold_18^+;Name="ORF type:complete (+),score=9.61"scaffold_18	transdecoder	mRNA	344391	346142	.	+	.	ID=Atsept6030.1.p1;Parent=Atsept6030^scaffold_18^+;Name="ORF type:complete (+),score=9.61"
Warning: unexpected tab character in last column, line truncated:
scaffold_18	transdecoder	gene	11646685	11690951	.	+	.	ID=Atsept6044^scaffold_18^+;Name="ORF type:complete (+),score=48.22"scaffold_18	transdecoder	mRNA	11646685	11690951	.	+	.	ID=Atsept6044.1.p2;Parent=Atsept6044^scaffold_18^+;Name="ORF type:complete (+),score=48.22"
Warning: unexpected tab character in last column, line truncated:
scaffold_18	transdecoder	gene	892496	900369	.	-	.	ID=Atsept6074^scaffold_18^-;Name="ORF type:complete (+),score=18.89"scaffold_18	transdecoder	mRNA	892496	900369	.	-	.	ID=Atsept6074.1.p2;Parent=Atsept6074^scaffold_18^-;Name="ORF type:complete (+),score=18.89"
Warning: unexpected tab character in last column, line truncated:
scaffold_18	transdecoder	gene	12945208	12958736	.	-	.	ID=Atsept6077^scaffold_18^-;Name="ORF type:complete (+),score=14.41"scaffold_18	transdecoder	mRNA	12945208	12958736	.	-	.	ID=Atsept6077.1.p2;Parent=Atsept6077^scaffold_18^-;Name="ORF type:complete (+),score=14.41"
Warning: unexpected tab character in last column, line truncated:
scaffold_18	transdecoder	gene	13305393	13305808	.	-	.	ID=Atsept6081^scaffold_18^-;Name="ORF type:complete (+),score=9.20"scaffold_18	transdecoder	mRNA	13305393	13305808	.	-	.	ID=Atsept6081.1.p2;Parent=Atsept6081^scaffold_18^-;Name="ORF type:complete (+),score=9.20"
Warning: unexpected tab character in last column, line truncated:
scaffold_18	transdecoder	gene	13305457	13315854	.	-	.	ID=Atsept6082^scaffold_18^-;Name="ORF type:complete (+),score=9.20"scaffold_18	transdecoder	mRNA	13305457	13315854	.	-	.	ID=Atsept6082.1.p3;Parent=Atsept6082^scaffold_18^-;Name="ORF type:complete (+),score=9.20"
Warning: unexpected tab character in last column, line truncated:
scaffold_18	transdecoder	gene	14871755	14872557	.	-	.	ID=Atsept6104^scaffold_18^-;Name="ORF type:complete (+),score=17.67"scaffold_18	transdecoder	mRNA	14871755	14872557	.	-	.	ID=Atsept6104.1.p1;Parent=Atsept6104^scaffold_18^-;Name="ORF type:complete (+),score=17.67"
Warning: unexpected tab character in last column, line truncated:
scaffold_18	transdecoder	gene	14970844	14974387	.	-	.	ID=Atsept6105^scaffold_18^-;Name="ORF type:5prime_partial (+),score=20.70"scaffold_18	transdecoder	mRNA	14970844	14974387	.	-	.	ID=Atsept6105.1.p5;Parent=Atsept6105^scaffold_18^-;Name="ORF type:5prime_partial (+),score=20.70"
Warning: unexpected tab character in last column, line truncated:
scaffold_18	transdecoder	gene	14981172	14986881	.	-	.	ID=Atsept6106^scaffold_18^-;Name="ORF type:complete (+),score=29.02"scaffold_18	transdecoder	mRNA	14981172	14986881	.	-	.	ID=Atsept6106.1.p2;Parent=Atsept6106^scaffold_18^-;Name="ORF type:complete (+),score=29.02"
Warning: unexpected tab character in last column, line truncated:
scaffold_18	transdecoder	gene	15620693	15624976	.	+	.	ID=Atsept6120^scaffold_18^+;Name="ORF type:complete (+),score=17.72"scaffold_18	transdecoder	mRNA	15620693	15624976	.	+	.	ID=Atsept6120.1.p4;Parent=Atsept6120^scaffold_18^+;Name="ORF type:complete (+),score=17.72"
Warning: unexpected tab character in last column, line truncated:
scaffold_18	transdecoder	gene	15639866	15651586	.	-	.	ID=Atsept6122^scaffold_18^-;Name="ORF type:complete (+),score=14.92"scaffold_18	transdecoder	mRNA	15639866	15651586	.	-	.	ID=Atsept6122.1.p2;Parent=Atsept6122^scaffold_18^-;Name="ORF type:complete (+),score=14.92"
Warning: unexpected tab character in last column, line truncated:
scaffold_18	transdecoder	gene	17409217	17411692	.	-	.	ID=Atsept6147^scaffold_18^-;Name="ORF type:complete (+),score=14.61"scaffold_18	transdecoder	mRNA	17409217	17411692	.	-	.	ID=Atsept6147.1.p1;Parent=Atsept6147^scaffold_18^-;Name="ORF type:complete (+),score=14.61"
Warning: unexpected tab character in last column, line truncated:
scaffold_18	transdecoder	gene	17904539	17912835	.	-	.	ID=Atsept6156^scaffold_18^-;Name="ORF type:complete (+),score=11.55"scaffold_18	transdecoder	mRNA	17904539	17912835	.	-	.	ID=Atsept6156.1.p5;Parent=Atsept6156^scaffold_18^-;Name="ORF type:complete (+),score=11.55"
Warning: unexpected tab character in last column, line truncated:
scaffold_18	transdecoder	gene	18048971	18054865	.	-	.	ID=Atsept6160^scaffold_18^-;Name="ORF type:complete (+),score=12.32"scaffold_18	transdecoder	mRNA	18048971	18054865	.	-	.	ID=Atsept6160.1.p1;Parent=Atsept6160^scaffold_18^-;Name="ORF type:complete (+),score=12.32"
Warning: unexpected tab character in last column, line truncated:
scaffold_18	transdecoder	gene	19688461	19693995	.	-	.	ID=Atsept6171^scaffold_18^-;Name="ORF type:5prime_partial (+),score=15.34"scaffold_18	transdecoder	mRNA	19688461	19693995	.	-	.	ID=Atsept6171.1.p2;Parent=Atsept6171^scaffold_18^-;Name="ORF type:5prime_partial (+),score=15.34"
Warning: unexpected tab character in last column, line truncated:
scaffold_18	transdecoder	gene	21030657	21032726	.	+	.	ID=Atsept6193^scaffold_18^+;Name="ORF type:complete (+),score=6.07"scaffold_18	transdecoder	mRNA	21030657	21032726	.	+	.	ID=Atsept6193.1.p1;Parent=Atsept6193^scaffold_18^+;Name="ORF type:complete (+),score=6.07"
Warning: unexpected tab character in last column, line truncated:
scaffold_18	transdecoder	gene	21567511	21579105	.	-	.	ID=Atsept6206^scaffold_18^-;Name="ORF type:complete (+),score=46.57"scaffold_18	transdecoder	mRNA	21567511	21579105	.	-	.	ID=Atsept6206.1.p3;Parent=Atsept6206^scaffold_18^-;Name="ORF type:complete (+),score=46.57"
Warning: unexpected tab character in last column, line truncated:
scaffold_18	transdecoder	gene	21649193	21683387	.	+	.	ID=Atsept6209^scaffold_18^+;Name="ORF type:5prime_partial (+),score=78.19"scaffold_18	transdecoder	mRNA	21649193	21683387	.	+	.	ID=Atsept6209.1.p1;Parent=Atsept6209^scaffold_18^+;Name="ORF type:5prime_partial (+),score=78.19"
Warning: unexpected tab character in last column, line truncated:
scaffold_18	transdecoder	gene	22580671	22582055	.	+	.	ID=Atsept6231^scaffold_18^+;Name="ORF type:complete (+),score=21.66"scaffold_18	transdecoder	mRNA	22580671	22582055	.	+	.	ID=Atsept6231.1.p1;Parent=Atsept6231^scaffold_18^+;Name="ORF type:complete (+),score=21.66"
Warning: unexpected tab character in last column, line truncated:
scaffold_18	transdecoder	gene	22926489	22929045	.	-	.	ID=Atsept6246^scaffold_18^-;Name="ORF type:complete (+),score=74.34"scaffold_18	transdecoder	mRNA	22926489	22929045	.	-	.	ID=Atsept6246.1.p2;Parent=Atsept6246^scaffold_18^-;Name="ORF type:complete (+),score=74.34"
Warning: unexpected tab character in last column, line truncated:
scaffold_18	transdecoder	gene	1532570	1539793	.	-	.	ID=Atsept6289^scaffold_18^-;Name="ORF type:complete (+),score=58.81"scaffold_18	transdecoder	mRNA	1532570	1539793	.	-	.	ID=Atsept6289.1.p2;Parent=Atsept6289^scaffold_18^-;Name="ORF type:complete (+),score=58.81"
Warning: unexpected tab character in last column, line truncated:
scaffold_18	transdecoder	gene	1812506	1818765	.	-	.	ID=Atsept6301^scaffold_18^-;Name="ORF type:complete (+),score=10.88"scaffold_18	transdecoder	mRNA	1812506	1818765	.	-	.	ID=Atsept6301.1.p10;Parent=Atsept6301^scaffold_18^-;Name="ORF type:complete (+),score=10.88"
Warning: unexpected tab character in last column, line truncated:
scaffold_18	transdecoder	gene	1818819	1823726	.	-	.	ID=Atsept6303^scaffold_18^-;Name="ORF type:complete (+),score=22.12"scaffold_18	transdecoder	mRNA	1818819	1823726	.	-	.	ID=Atsept6303.1.p1;Parent=Atsept6303^scaffold_18^-;Name="ORF type:complete (+),score=22.12"
Warning: unexpected tab character in last column, line truncated:
scaffold_18	transdecoder	gene	3443252	3697553	.	+	.	ID=Atsept6339^scaffold_18^+;Name="ORF type:5prime_partial (+),score=53.70"scaffold_18	transdecoder	mRNA	3443252	3697553	.	+	.	ID=Atsept6339.1.p4;Parent=Atsept6339^scaffold_18^+;Name="ORF type:5prime_partial (+),score=53.70"
Warning: unexpected tab character in last column, line truncated:
scaffold_18	transdecoder	gene	4027129	4029835	.	-	.	ID=Atsept6343^scaffold_18^-;Name="ORF type:complete (+),score=75.71"scaffold_18	transdecoder	mRNA	4027129	4029835	.	-	.	ID=Atsept6343.1.p2;Parent=Atsept6343^scaffold_18^-;Name="ORF type:complete (+),score=75.71"
Warning: unexpected tab character in last column, line truncated:
scaffold_19	transdecoder	gene	7417793	7419045	.	-	.	ID=Atsept6351^scaffold_19^-;Name="ORF type:complete (+),score=15.05"scaffold_19	transdecoder	mRNA	7417793	7419045	.	-	.	ID=Atsept6351.1.p2;Parent=Atsept6351^scaffold_19^-;Name="ORF type:complete (+),score=15.05"
Warning: unexpected tab character in last column, line truncated:
scaffold_19	transdecoder	gene	7884095	7886491	.	+	.	ID=Atsept6359^scaffold_19^+;Name="ORF type:complete (+),score=17.49"scaffold_19	transdecoder	mRNA	7884095	7886491	.	+	.	ID=Atsept6359.1.p10;Parent=Atsept6359^scaffold_19^+;Name="ORF type:complete (+),score=17.49"
Warning: unexpected tab character in last column, line truncated:
scaffold_19	transdecoder	gene	8322295	8326184	.	+	.	ID=Atsept6360^scaffold_19^+;Name="ORF type:complete (+),score=10.00"scaffold_19	transdecoder	mRNA	8322295	8326184	.	+	.	ID=Atsept6360.1.p7;Parent=Atsept6360^scaffold_19^+;Name="ORF type:complete (+),score=10.00"
Warning: unexpected tab character in last column, line truncated:
scaffold_19	transdecoder	gene	7933969	7940037	.	-	.	ID=Atsept6362^scaffold_19^-;Name="ORF type:complete (+),score=11.11"scaffold_19	transdecoder	mRNA	7933969	7940037	.	-	.	ID=Atsept6362.1.p16;Parent=Atsept6362^scaffold_19^-;Name="ORF type:complete (+),score=11.11"
Warning: unexpected tab character in last column, line truncated:
scaffold_19	transdecoder	gene	7966016	7967315	.	-	.	ID=Atsept6363^scaffold_19^-;Name="ORF type:complete (+),score=20.11"scaffold_19	transdecoder	mRNA	7966016	7967315	.	-	.	ID=Atsept6363.1.p1;Parent=Atsept6363^scaffold_19^-;Name="ORF type:complete (+),score=20.11"
Warning: unexpected tab character in last column, line truncated:
scaffold_19	transdecoder	gene	8447412	8448091	.	+	.	ID=Atsept6364^scaffold_19^+;Name="ORF type:complete (+),score=4.51"scaffold_19	transdecoder	mRNA	8447412	8448091	.	+	.	ID=Atsept6364.1.p5;Parent=Atsept6364^scaffold_19^+;Name="ORF type:complete (+),score=4.51"
Warning: unexpected tab character in last column, line truncated:
scaffold_19	transdecoder	gene	8532462	8538329	.	+	.	ID=Atsept6365^scaffold_19^+;Name="ORF type:complete (+),score=13.28"scaffold_19	transdecoder	mRNA	8532462	8538329	.	+	.	ID=Atsept6365.1.p11;Parent=Atsept6365^scaffold_19^+;Name="ORF type:complete (+),score=13.28"
Warning: unexpected tab character in last column, line truncated:
scaffold_19	transdecoder	gene	8538536	8541044	.	-	.	ID=Atsept6367^scaffold_19^-;Name="ORF type:3prime_partial (+),score=9.29"scaffold_19	transdecoder	mRNA	8538536	8541044	.	-	.	ID=Atsept6367.1.p3;Parent=Atsept6367^scaffold_19^-;Name="ORF type:3prime_partial (+),score=9.29"
Warning: unexpected tab character in last column, line truncated:
scaffold_19	transdecoder	gene	10225980	10226284	.	-	.	ID=Atsept6378^scaffold_19^-;Name="ORF type:complete (+),score=8.94"scaffold_19	transdecoder	mRNA	10225980	10226284	.	-	.	ID=Atsept6378.1.p2;Parent=Atsept6378^scaffold_19^-;Name="ORF type:complete (+),score=8.94"
Warning: unexpected tab character in last column, line truncated:
scaffold_19	transdecoder	gene	10639856	10641751	.	+	.	ID=Atsept6387^scaffold_19^+;Name="ORF type:5prime_partial (+),score=13.17"scaffold_19	transdecoder	mRNA	10639856	10641751	.	+	.	ID=Atsept6387.1.p1;Parent=Atsept6387^scaffold_19^+;Name="ORF type:5prime_partial (+),score=13.17"
Warning: unexpected tab character in last column, line truncated:
scaffold_19	transdecoder	gene	566678	575103	.	-	.	ID=Atsept6399^scaffold_19^-;Name="ORF type:complete (+),score=2.24"scaffold_19	transdecoder	mRNA	566678	575103	.	-	.	ID=Atsept6399.1.p29;Parent=Atsept6399^scaffold_19^-;Name="ORF type:complete (+),score=2.24"
Warning: unexpected tab character in last column, line truncated:
scaffold_19	transdecoder	gene	11495951	11497649	.	+	.	ID=Atsept6408^scaffold_19^+;Name="ORF type:complete (+),score=25.66"scaffold_19	transdecoder	mRNA	11495951	11497649	.	+	.	ID=Atsept6408.1.p1;Parent=Atsept6408^scaffold_19^+;Name="ORF type:complete (+),score=25.66"
Warning: unexpected tab character in last column, line truncated:
scaffold_19	transdecoder	gene	11581703	11583963	.	-	.	ID=Atsept6412^scaffold_19^-;Name="ORF type:complete (+),score=11.90"scaffold_19	transdecoder	mRNA	11581703	11583963	.	-	.	ID=Atsept6412.1.p4;Parent=Atsept6412^scaffold_19^-;Name="ORF type:complete (+),score=11.90"
Warning: unexpected tab character in last column, line truncated:
scaffold_19	transdecoder	gene	11598589	11604566	.	+	.	ID=Atsept6414^scaffold_19^+;Name="ORF type:complete (+),score=23.73"scaffold_19	transdecoder	mRNA	11598589	11604566	.	+	.	ID=Atsept6414.1.p2;Parent=Atsept6414^scaffold_19^+;Name="ORF type:complete (+),score=23.73"
Warning: unexpected tab character in last column, line truncated:
scaffold_19	transdecoder	gene	11806410	11810120	.	-	.	ID=Atsept6427^scaffold_19^-;Name="ORF type:complete (+),score=33.82"scaffold_19	transdecoder	mRNA	11806410	11810120	.	-	.	ID=Atsept6427.1.p3;Parent=Atsept6427^scaffold_19^-;Name="ORF type:complete (+),score=33.82"
Warning: unexpected tab character in last column, line truncated:
scaffold_19	transdecoder	gene	34007	50397	.	-	.	ID=Atsept6455^scaffold_19^-;Name="ORF type:complete (+),score=90.65"scaffold_19	transdecoder	mRNA	34007	50397	.	-	.	ID=Atsept6455.1.p1;Parent=Atsept6455^scaffold_19^-;Name="ORF type:complete (+),score=90.65"
Warning: unexpected tab character in last column, line truncated:
scaffold_19	transdecoder	gene	12328445	12334055	.	+	.	ID=Atsept6459^scaffold_19^+;Name="ORF type:complete (+),score=13.11"scaffold_19	transdecoder	mRNA	12328445	12334055	.	+	.	ID=Atsept6459.1.p5;Parent=Atsept6459^scaffold_19^+;Name="ORF type:complete (+),score=13.11"
Warning: unexpected tab character in last column, line truncated:
scaffold_19	transdecoder	gene	12385033	12386052	.	-	.	ID=Atsept6462^scaffold_19^-;Name="ORF type:complete (+),score=20.16"scaffold_19	transdecoder	mRNA	12385033	12386052	.	-	.	ID=Atsept6462.1.p3;Parent=Atsept6462^scaffold_19^-;Name="ORF type:complete (+),score=20.16"
Warning: unexpected tab character in last column, line truncated:
scaffold_19	transdecoder	gene	898690	901209	.	-	.	ID=Atsept6466^scaffold_19^-;Name="ORF type:complete (+),score=3.67"scaffold_19	transdecoder	mRNA	898690	901209	.	-	.	ID=Atsept6466.1.p6;Parent=Atsept6466^scaffold_19^-;Name="ORF type:complete (+),score=3.67"
Warning: unexpected tab character in last column, line truncated:
scaffold_19	transdecoder	gene	12617113	12621266	.	-	.	ID=Atsept6478^scaffold_19^-;Name="ORF type:complete (+),score=47.82"scaffold_19	transdecoder	mRNA	12617113	12621266	.	-	.	ID=Atsept6478.1.p1;Parent=Atsept6478^scaffold_19^-;Name="ORF type:complete (+),score=47.82"
Warning: unexpected tab character in last column, line truncated:
scaffold_19	transdecoder	gene	13164175	13180019	.	-	.	ID=Atsept6492^scaffold_19^-;Name="ORF type:5prime_partial (+),score=25.02"scaffold_19	transdecoder	mRNA	13164175	13180019	.	-	.	ID=Atsept6492.1.p2;Parent=Atsept6492^scaffold_19^-;Name="ORF type:5prime_partial (+),score=25.02"
Warning: unexpected tab character in last column, line truncated:
scaffold_19	transdecoder	gene	13315283	13319696	.	+	.	ID=Atsept6496^scaffold_19^+;Name="ORF type:complete (+),score=8.42"scaffold_19	transdecoder	mRNA	13315283	13319696	.	+	.	ID=Atsept6496.1.p2;Parent=Atsept6496^scaffold_19^+;Name="ORF type:complete (+),score=8.42"
Warning: unexpected tab character in last column, line truncated:
scaffold_19	transdecoder	gene	13370114	13371256	.	-	.	ID=Atsept6500^scaffold_19^-;Name="ORF type:5prime_partial (+),score=21.94"scaffold_19	transdecoder	mRNA	13370114	13371256	.	-	.	ID=Atsept6500.1.p1;Parent=Atsept6500^scaffold_19^-;Name="ORF type:5prime_partial (+),score=21.94"
Warning: unexpected tab character in last column, line truncated:
scaffold_19	transdecoder	gene	14536904	14540175	.	-	.	ID=Atsept6539^scaffold_19^-;Name="ORF type:5prime_partial (+),score=34.68"scaffold_19	transdecoder	mRNA	14536904	14540175	.	-	.	ID=Atsept6539.1.p1;Parent=Atsept6539^scaffold_19^-;Name="ORF type:5prime_partial (+),score=34.68"
Warning: unexpected tab character in last column, line truncated:
scaffold_19	transdecoder	gene	14881410	14884194	.	-	.	ID=Atsept6558^scaffold_19^-;Name="ORF type:5prime_partial (+),score=3.84"scaffold_19	transdecoder	mRNA	14881410	14884194	.	-	.	ID=Atsept6558.1.p3;Parent=Atsept6558^scaffold_19^-;Name="ORF type:5prime_partial (+),score=3.84"
Warning: unexpected tab character in last column, line truncated:
scaffold_19	transdecoder	gene	16194746	16276341	.	+	.	ID=Atsept6573^scaffold_19^+;Name="ORF type:complete (+),score=16.08"scaffold_19	transdecoder	mRNA	16194746	16276341	.	+	.	ID=Atsept6573.1.p2;Parent=Atsept6573^scaffold_19^+;Name="ORF type:complete (+),score=16.08"
Warning: unexpected tab character in last column, line truncated:
scaffold_19	transdecoder	gene	16313911	16314947	.	+	.	ID=Atsept6574^scaffold_19^+;Name="ORF type:complete (+),score=24.19"scaffold_19	transdecoder	mRNA	16313911	16314947	.	+	.	ID=Atsept6574.1.p2;Parent=Atsept6574^scaffold_19^+;Name="ORF type:complete (+),score=24.19"
Warning: unexpected tab character in last column, line truncated:
scaffold_19	transdecoder	gene	16400764	16406019	.	+	.	ID=Atsept6579^scaffold_19^+;Name="ORF type:complete (+),score=18.00"scaffold_19	transdecoder	mRNA	16400764	16406019	.	+	.	ID=Atsept6579.1.p1;Parent=Atsept6579^scaffold_19^+;Name="ORF type:complete (+),score=18.00"
Warning: unexpected tab character in last column, line truncated:
scaffold_19	transdecoder	gene	16463465	16483476	.	+	.	ID=Atsept6580^scaffold_19^+;Name="ORF type:complete (+),score=6.28"scaffold_19	transdecoder	mRNA	16463465	16483476	.	+	.	ID=Atsept6580.1.p7;Parent=Atsept6580^scaffold_19^+;Name="ORF type:complete (+),score=6.28"
Warning: unexpected tab character in last column, line truncated:
scaffold_19	transdecoder	gene	1602023	1605603	.	-	.	ID=Atsept6631^scaffold_19^-;Name="ORF type:complete (+),score=6.30"scaffold_19	transdecoder	mRNA	1602023	1605603	.	-	.	ID=Atsept6631.1.p1;Parent=Atsept6631^scaffold_19^-;Name="ORF type:complete (+),score=6.30"
Warning: unexpected tab character in last column, line truncated:
scaffold_19	transdecoder	gene	18125744	18129582	.	-	.	ID=Atsept6644^scaffold_19^-;Name="ORF type:complete (+),score=12.72"scaffold_19	transdecoder	mRNA	18125744	18129582	.	-	.	ID=Atsept6644.1.p11;Parent=Atsept6644^scaffold_19^-;Name="ORF type:complete (+),score=12.72"
Warning: unexpected tab character in last column, line truncated:
scaffold_19	transdecoder	gene	18498794	18499863	.	+	.	ID=Atsept6657^scaffold_19^+;Name="ORF type:complete (+),score=44.09"scaffold_19	transdecoder	mRNA	18498794	18499863	.	+	.	ID=Atsept6657.1.p2;Parent=Atsept6657^scaffold_19^+;Name="ORF type:complete (+),score=44.09"
Warning: unexpected tab character in last column, line truncated:
scaffold_19	transdecoder	gene	18843157	18857351	.	-	.	ID=Atsept6679^scaffold_19^-;Name="ORF type:complete (+),score=6.76"scaffold_19	transdecoder	mRNA	18843157	18857351	.	-	.	ID=Atsept6679.1.p8;Parent=Atsept6679^scaffold_19^-;Name="ORF type:complete (+),score=6.76"
Warning: unexpected tab character in last column, line truncated:
scaffold_19	transdecoder	gene	19250677	19255807	.	-	.	ID=Atsept6693^scaffold_19^-;Name="ORF type:complete (+),score=17.00"scaffold_19	transdecoder	mRNA	19250677	19255807	.	-	.	ID=Atsept6693.1.p1;Parent=Atsept6693^scaffold_19^-;Name="ORF type:complete (+),score=17.00"
Warning: unexpected tab character in last column, line truncated:
scaffold_19	transdecoder	gene	19288343	19295332	.	+	.	ID=Atsept6694^scaffold_19^+;Name="ORF type:complete (+),score=51.22"scaffold_19	transdecoder	mRNA	19288343	19295332	.	+	.	ID=Atsept6694.1.p2;Parent=Atsept6694^scaffold_19^+;Name="ORF type:complete (+),score=51.22"
Warning: unexpected tab character in last column, line truncated:
scaffold_19	transdecoder	gene	19327349	19336218	.	-	.	ID=Atsept6696^scaffold_19^-;Name="ORF type:complete (+),score=11.03"scaffold_19	transdecoder	mRNA	19327349	19336218	.	-	.	ID=Atsept6696.1.p1;Parent=Atsept6696^scaffold_19^-;Name="ORF type:complete (+),score=11.03"
Warning: unexpected tab character in last column, line truncated:
scaffold_19	transdecoder	gene	19905905	19908499	.	+	.	ID=Atsept6706^scaffold_19^+;Name="ORF type:complete (+),score=15.48"scaffold_19	transdecoder	mRNA	19905905	19908499	.	+	.	ID=Atsept6706.1.p8;Parent=Atsept6706^scaffold_19^+;Name="ORF type:complete (+),score=15.48"
Warning: unexpected tab character in last column, line truncated:
scaffold_19	transdecoder	gene	19930111	19930843	.	-	.	ID=Atsept6708^scaffold_19^-;Name="ORF type:complete (+),score=15.83"scaffold_19	transdecoder	mRNA	19930111	19930843	.	-	.	ID=Atsept6708.1.p1;Parent=Atsept6708^scaffold_19^-;Name="ORF type:complete (+),score=15.83"
Warning: unexpected tab character in last column, line truncated:
scaffold_19	transdecoder	gene	20027182	20028845	.	-	.	ID=Atsept6714^scaffold_19^-;Name="ORF type:complete (+),score=38.36"scaffold_19	transdecoder	mRNA	20027182	20028845	.	-	.	ID=Atsept6714.1.p1;Parent=Atsept6714^scaffold_19^-;Name="ORF type:complete (+),score=38.36"
Warning: unexpected tab character in last column, line truncated:
scaffold_19	transdecoder	gene	1840595	1847088	.	-	.	ID=Atsept6720^scaffold_19^-;Name="ORF type:5prime_partial (+),score=30.64"scaffold_19	transdecoder	mRNA	1840595	1847088	.	-	.	ID=Atsept6720.1.p1;Parent=Atsept6720^scaffold_19^-;Name="ORF type:5prime_partial (+),score=30.64"
Warning: unexpected tab character in last column, line truncated:
scaffold_19	transdecoder	gene	2185383	2187609	.	+	.	ID=Atsept6728^scaffold_19^+;Name="ORF type:complete (+),score=15.10"scaffold_19	transdecoder	mRNA	2185383	2187609	.	+	.	ID=Atsept6728.1.p5;Parent=Atsept6728^scaffold_19^+;Name="ORF type:complete (+),score=15.10"
Warning: unexpected tab character in last column, line truncated:
scaffold_19	transdecoder	gene	2177608	2188245	.	-	.	ID=Atsept6729^scaffold_19^-;Name="ORF type:complete (+),score=36.84"scaffold_19	transdecoder	mRNA	2177608	2188245	.	-	.	ID=Atsept6729.1.p2;Parent=Atsept6729^scaffold_19^-;Name="ORF type:complete (+),score=36.84"
Warning: unexpected tab character in last column, line truncated:
scaffold_19	transdecoder	gene	2806537	2808242	.	-	.	ID=Atsept6738^scaffold_19^-;Name="ORF type:5prime_partial (+),score=19.35"scaffold_19	transdecoder	mRNA	2806537	2808242	.	-	.	ID=Atsept6738.1.p2;Parent=Atsept6738^scaffold_19^-;Name="ORF type:5prime_partial (+),score=19.35"
Warning: unexpected tab character in last column, line truncated:
scaffold_19	transdecoder	gene	3807209	3807604	.	-	.	ID=Atsept6751^scaffold_19^-;Name="ORF type:complete (+),score=18.62"scaffold_19	transdecoder	mRNA	3807209	3807604	.	-	.	ID=Atsept6751.1.p1;Parent=Atsept6751^scaffold_19^-;Name="ORF type:complete (+),score=18.62"
Warning: unexpected tab character in last column, line truncated:
scaffold_19	transdecoder	gene	5165716	5166768	.	+	.	ID=Atsept6754^scaffold_19^+;Name="ORF type:complete (+),score=20.10"scaffold_19	transdecoder	mRNA	5165716	5166768	.	+	.	ID=Atsept6754.1.p1;Parent=Atsept6754^scaffold_19^+;Name="ORF type:complete (+),score=20.10"
Warning: unexpected tab character in last column, line truncated:
scaffold_19	transdecoder	gene	5424244	5429088	.	-	.	ID=Atsept6763^scaffold_19^-;Name="ORF type:5prime_partial (+),score=18.85"scaffold_19	transdecoder	mRNA	5424244	5429088	.	-	.	ID=Atsept6763.1.p2;Parent=Atsept6763^scaffold_19^-;Name="ORF type:5prime_partial (+),score=18.85"
Warning: unexpected tab character in last column, line truncated:
scaffold_19	transdecoder	gene	6290707	6292381	.	+	.	ID=Atsept6773^scaffold_19^+;Name="ORF type:complete (+),score=9.49"scaffold_19	transdecoder	mRNA	6290707	6292381	.	+	.	ID=Atsept6773.1.p1;Parent=Atsept6773^scaffold_19^+;Name="ORF type:complete (+),score=9.49"
Warning: unexpected tab character in last column, line truncated:
scaffold_1	transdecoder	gene	59588353	59594513	.	+	.	ID=Atsept6786^scaffold_1^+;Name="ORF type:complete (+),score=9.09"scaffold_1	transdecoder	mRNA	59588353	59594513	.	+	.	ID=Atsept6786.1.p4;Parent=Atsept6786^scaffold_1^+;Name="ORF type:complete (+),score=9.09"
Warning: unexpected tab character in last column, line truncated:
scaffold_1	transdecoder	gene	12476247	12478626	.	-	.	ID=Atsept6801^scaffold_1^-;Name="ORF type:complete (+),score=20.54"scaffold_1	transdecoder	mRNA	12476247	12478626	.	-	.	ID=Atsept6801.1.p1;Parent=Atsept6801^scaffold_1^-;Name="ORF type:complete (+),score=20.54"
Warning: unexpected tab character in last column, line truncated:
scaffold_1	transdecoder	gene	61538147	61540641	.	+	.	ID=Atsept6809^scaffold_1^+;Name="ORF type:complete (+),score=19.66"scaffold_1	transdecoder	mRNA	61538147	61540641	.	+	.	ID=Atsept6809.1.p1;Parent=Atsept6809^scaffold_1^+;Name="ORF type:complete (+),score=19.66"
Warning: unexpected tab character in last column, line truncated:
scaffold_1	transdecoder	gene	62756971	62762004	.	-	.	ID=Atsept6815^scaffold_1^-;Name="ORF type:complete (+),score=2.97"scaffold_1	transdecoder	mRNA	62756971	62762004	.	-	.	ID=Atsept6815.1.p1;Parent=Atsept6815^scaffold_1^-;Name="ORF type:complete (+),score=2.97"
Warning: unexpected tab character in last column, line truncated:
scaffold_1	transdecoder	gene	63234525	63256246	.	-	.	ID=Atsept6818^scaffold_1^-;Name="ORF type:5prime_partial (+),score=12.83"scaffold_1	transdecoder	mRNA	63234525	63256246	.	-	.	ID=Atsept6818.1.p1;Parent=Atsept6818^scaffold_1^-;Name="ORF type:5prime_partial (+),score=12.83"
Warning: unexpected tab character in last column, line truncated:
scaffold_1	transdecoder	gene	63408750	63430708	.	+	.	ID=Atsept6820^scaffold_1^+;Name="ORF type:complete (+),score=8.54"scaffold_1	transdecoder	mRNA	63408750	63430708	.	+	.	ID=Atsept6820.1.p1;Parent=Atsept6820^scaffold_1^+;Name="ORF type:complete (+),score=8.54"
Warning: unexpected tab character in last column, line truncated:
scaffold_1	transdecoder	gene	63412230	63414133	.	-	.	ID=Atsept6821^scaffold_1^-;Name="ORF type:complete (+),score=26.01"scaffold_1	transdecoder	mRNA	63412230	63414133	.	-	.	ID=Atsept6821.1.p1;Parent=Atsept6821^scaffold_1^-;Name="ORF type:complete (+),score=26.01"
Warning: unexpected tab character in last column, line truncated:
scaffold_1	transdecoder	gene	63687193	63696703	.	+	.	ID=Atsept6824^scaffold_1^+;Name="ORF type:complete (+),score=17.03"scaffold_1	transdecoder	mRNA	63687193	63696703	.	+	.	ID=Atsept6824.1.p1;Parent=Atsept6824^scaffold_1^+;Name="ORF type:complete (+),score=17.03"
Warning: unexpected tab character in last column, line truncated:
scaffold_1	transdecoder	gene	63964028	63965232	.	-	.	ID=Atsept6830^scaffold_1^-;Name="ORF type:5prime_partial (+),score=61.27"scaffold_1	transdecoder	mRNA	63964028	63965232	.	-	.	ID=Atsept6830.1.p1;Parent=Atsept6830^scaffold_1^-;Name="ORF type:5prime_partial (+),score=61.27"
Warning: unexpected tab character in last column, line truncated:
scaffold_1	transdecoder	gene	12818962	12820709	.	+	.	ID=Atsept6844^scaffold_1^+;Name="ORF type:3prime_partial (+),score=11.86"scaffold_1	transdecoder	mRNA	12818962	12820709	.	+	.	ID=Atsept6844.1.p1;Parent=Atsept6844^scaffold_1^+;Name="ORF type:3prime_partial (+),score=11.86"
Warning: unexpected tab character in last column, line truncated:
scaffold_1	transdecoder	gene	65146389	65152350	.	+	.	ID=Atsept6850^scaffold_1^+;Name="ORF type:complete (+),score=14.68"scaffold_1	transdecoder	mRNA	65146389	65152350	.	+	.	ID=Atsept6850.1.p1;Parent=Atsept6850^scaffold_1^+;Name="ORF type:complete (+),score=14.68"
Warning: unexpected tab character in last column, line truncated:
scaffold_1	transdecoder	gene	66177359	66179085	.	+	.	ID=Atsept6872^scaffold_1^+;Name="ORF type:complete (+),score=23.32"scaffold_1	transdecoder	mRNA	66177359	66179085	.	+	.	ID=Atsept6872.1.p1;Parent=Atsept6872^scaffold_1^+;Name="ORF type:complete (+),score=23.32"
Warning: unexpected tab character in last column, line truncated:
scaffold_1	transdecoder	gene	66677678	66692167	.	-	.	ID=Atsept6890^scaffold_1^-;Name="ORF type:complete (+),score=11.26"scaffold_1	transdecoder	mRNA	66677678	66692167	.	-	.	ID=Atsept6890.1.p4;Parent=Atsept6890^scaffold_1^-;Name="ORF type:complete (+),score=11.26"
Warning: unexpected tab character in last column, line truncated:
scaffold_1	transdecoder	gene	66810736	66815852	.	+	.	ID=Atsept6892^scaffold_1^+;Name="ORF type:complete (+),score=13.96"scaffold_1	transdecoder	mRNA	66810736	66815852	.	+	.	ID=Atsept6892.1.p1;Parent=Atsept6892^scaffold_1^+;Name="ORF type:complete (+),score=13.96"
Warning: unexpected tab character in last column, line truncated:
scaffold_1	transdecoder	gene	66930797	66937889	.	-	.	ID=Atsept6896^scaffold_1^-;Name="ORF type:complete (+),score=37.83"scaffold_1	transdecoder	mRNA	66930797	66937889	.	-	.	ID=Atsept6896.1.p3;Parent=Atsept6896^scaffold_1^-;Name="ORF type:complete (+),score=37.83"
Warning: unexpected tab character in last column, line truncated:
scaffold_1	transdecoder	gene	67189708	67193206	.	-	.	ID=Atsept6906^scaffold_1^-;Name="ORF type:5prime_partial (+),score=2.22"scaffold_1	transdecoder	mRNA	67189708	67193206	.	-	.	ID=Atsept6906.1.p2;Parent=Atsept6906^scaffold_1^-;Name="ORF type:5prime_partial (+),score=2.22"
Warning: unexpected tab character in last column, line truncated:
scaffold_1	transdecoder	gene	14110960	14112220	.	-	.	ID=Atsept6921^scaffold_1^-;Name="ORF type:complete (+),score=78.31"scaffold_1	transdecoder	mRNA	14110960	14112220	.	-	.	ID=Atsept6921.1.p1;Parent=Atsept6921^scaffold_1^-;Name="ORF type:complete (+),score=78.31"
Warning: unexpected tab character in last column, line truncated:
scaffold_1	transdecoder	gene	14433700	14445760	.	+	.	ID=Atsept6932^scaffold_1^+;Name="ORF type:complete (+),score=5.07"scaffold_1	transdecoder	mRNA	14433700	14445760	.	+	.	ID=Atsept6932.1.p1;Parent=Atsept6932^scaffold_1^+;Name="ORF type:complete (+),score=5.07"
Warning: unexpected tab character in last column, line truncated:
scaffold_1	transdecoder	gene	70723424	70744274	.	+	.	ID=Atsept6950^scaffold_1^+;Name="ORF type:complete (+),score=8.53"scaffold_1	transdecoder	mRNA	70723424	70744274	.	+	.	ID=Atsept6950.1.p1;Parent=Atsept6950^scaffold_1^+;Name="ORF type:complete (+),score=8.53"
Warning: unexpected tab character in last column, line truncated:
scaffold_1	transdecoder	gene	71228133	71228433	.	-	.	ID=Atsept6951^scaffold_1^-;Name="ORF type:complete (+),score=21.38"scaffold_1	transdecoder	mRNA	71228133	71228433	.	-	.	ID=Atsept6951.1.p2;Parent=Atsept6951^scaffold_1^-;Name="ORF type:complete (+),score=21.38"
Warning: unexpected tab character in last column, line truncated:
scaffold_1	transdecoder	gene	71745365	71830197	.	+	.	ID=Atsept6953^scaffold_1^+;Name="ORF type:complete (+),score=27.87"scaffold_1	transdecoder	mRNA	71745365	71830197	.	+	.	ID=Atsept6953.1.p1;Parent=Atsept6953^scaffold_1^+;Name="ORF type:complete (+),score=27.87"
Warning: unexpected tab character in last column, line truncated:
scaffold_1	transdecoder	gene	73756240	73761626	.	-	.	ID=Atsept6966^scaffold_1^-;Name="ORF type:5prime_partial (+),score=3.19"scaffold_1	transdecoder	mRNA	73756240	73761626	.	-	.	ID=Atsept6966.1.p2;Parent=Atsept6966^scaffold_1^-;Name="ORF type:5prime_partial (+),score=3.19"
Warning: unexpected tab character in last column, line truncated:
scaffold_1	transdecoder	gene	73857418	73861591	.	-	.	ID=Atsept6967^scaffold_1^-;Name="ORF type:complete (+),score=16.90"scaffold_1	transdecoder	mRNA	73857418	73861591	.	-	.	ID=Atsept6967.1.p1;Parent=Atsept6967^scaffold_1^-;Name="ORF type:complete (+),score=16.90"
Warning: unexpected tab character in last column, line truncated:
scaffold_1	transdecoder	gene	75407180	75410146	.	-	.	ID=Atsept6989^scaffold_1^-;Name="ORF type:5prime_partial (+),score=8.30"scaffold_1	transdecoder	mRNA	75407180	75410146	.	-	.	ID=Atsept6989.1.p3;Parent=Atsept6989^scaffold_1^-;Name="ORF type:5prime_partial (+),score=8.30"
Warning: unexpected tab character in last column, line truncated:
scaffold_1	transdecoder	gene	75569196	75584546	.	-	.	ID=Atsept6992^scaffold_1^-;Name="ORF type:complete (+),score=18.32"scaffold_1	transdecoder	mRNA	75569196	75584546	.	-	.	ID=Atsept6992.1.p1;Parent=Atsept6992^scaffold_1^-;Name="ORF type:complete (+),score=18.32"
Warning: unexpected tab character in last column, line truncated:
scaffold_1	transdecoder	gene	14979189	15036260	.	-	.	ID=Atsept7009^scaffold_1^-;Name="ORF type:complete (+),score=5.48"scaffold_1	transdecoder	mRNA	14979189	15036260	.	-	.	ID=Atsept7009.1.p3;Parent=Atsept7009^scaffold_1^-;Name="ORF type:complete (+),score=5.48"
Warning: unexpected tab character in last column, line truncated:
scaffold_1	transdecoder	gene	77018736	77024498	.	-	.	ID=Atsept7011^scaffold_1^-;Name="ORF type:complete (+),score=13.55"scaffold_1	transdecoder	mRNA	77018736	77024498	.	-	.	ID=Atsept7011.1.p3;Parent=Atsept7011^scaffold_1^-;Name="ORF type:complete (+),score=13.55"
Warning: unexpected tab character in last column, line truncated:
scaffold_1	transdecoder	gene	77152419	77153885	.	+	.	ID=Atsept7013^scaffold_1^+;Name="ORF type:complete (+),score=0.95"scaffold_1	transdecoder	mRNA	77152419	77153885	.	+	.	ID=Atsept7013.1.p3;Parent=Atsept7013^scaffold_1^+;Name="ORF type:complete (+),score=0.95"
Warning: unexpected tab character in last column, line truncated:
scaffold_1	transdecoder	gene	77322156	77338472	.	+	.	ID=Atsept7017^scaffold_1^+;Name="ORF type:complete (+),score=15.55"scaffold_1	transdecoder	mRNA	77322156	77338472	.	+	.	ID=Atsept7017.1.p2;Parent=Atsept7017^scaffold_1^+;Name="ORF type:complete (+),score=15.55"
Warning: unexpected tab character in last column, line truncated:
scaffold_1	transdecoder	gene	77321113	77334446	.	-	.	ID=Atsept7018^scaffold_1^-;Name="ORF type:complete (+),score=18.73"scaffold_1	transdecoder	mRNA	77321113	77334446	.	-	.	ID=Atsept7018.1.p2;Parent=Atsept7018^scaffold_1^-;Name="ORF type:complete (+),score=18.73"
Warning: unexpected tab character in last column, line truncated:
scaffold_1	transdecoder	gene	78459391	78465024	.	-	.	ID=Atsept7030^scaffold_1^-;Name="ORF type:3prime_partial (+),score=21.93"scaffold_1	transdecoder	mRNA	78459391	78465024	.	-	.	ID=Atsept7030.1.p1;Parent=Atsept7030^scaffold_1^-;Name="ORF type:3prime_partial (+),score=21.93"
Warning: unexpected tab character in last column, line truncated:
scaffold_1	transdecoder	gene	79022874	79025725	.	+	.	ID=Atsept7054^scaffold_1^+;Name="ORF type:5prime_partial (+),score=4.15"scaffold_1	transdecoder	mRNA	79022874	79025725	.	+	.	ID=Atsept7054.1.p6;Parent=Atsept7054^scaffold_1^+;Name="ORF type:5prime_partial (+),score=4.15"
Warning: unexpected tab character in last column, line truncated:
scaffold_1	transdecoder	gene	79220093	79222128	.	-	.	ID=Atsept7063^scaffold_1^-;Name="ORF type:complete (+),score=9.25"scaffold_1	transdecoder	mRNA	79220093	79222128	.	-	.	ID=Atsept7063.1.p1;Parent=Atsept7063^scaffold_1^-;Name="ORF type:complete (+),score=9.25"
Warning: unexpected tab character in last column, line truncated:
scaffold_1	transdecoder	gene	80811920	80971763	.	-	.	ID=Atsept7095^scaffold_1^-;Name="ORF type:complete (+),score=13.52"scaffold_1	transdecoder	mRNA	80811920	80971763	.	-	.	ID=Atsept7095.1.p5;Parent=Atsept7095^scaffold_1^-;Name="ORF type:complete (+),score=13.52"
Warning: unexpected tab character in last column, line truncated:
scaffold_1	transdecoder	gene	80995399	80998474	.	+	.	ID=Atsept7097^scaffold_1^+;Name="ORF type:complete (+),score=46.84"scaffold_1	transdecoder	mRNA	80995399	80998474	.	+	.	ID=Atsept7097.1.p1;Parent=Atsept7097^scaffold_1^+;Name="ORF type:complete (+),score=46.84"
Warning: unexpected tab character in last column, line truncated:
scaffold_1	transdecoder	gene	81021347	81035974	.	-	.	ID=Atsept7098^scaffold_1^-;Name="ORF type:complete (+),score=7.69"scaffold_1	transdecoder	mRNA	81021347	81035974	.	-	.	ID=Atsept7098.1.p1;Parent=Atsept7098^scaffold_1^-;Name="ORF type:complete (+),score=7.69"
Warning: unexpected tab character in last column, line truncated:
scaffold_1	transdecoder	gene	81355072	81369876	.	+	.	ID=Atsept7105^scaffold_1^+;Name="ORF type:3prime_partial (+),score=12.67"scaffold_1	transdecoder	mRNA	81355072	81369876	.	+	.	ID=Atsept7105.1.p1;Parent=Atsept7105^scaffold_1^+;Name="ORF type:3prime_partial (+),score=12.67"
Warning: unexpected tab character in last column, line truncated:
scaffold_1	transdecoder	gene	81590822	81611037	.	+	.	ID=Atsept7115^scaffold_1^+;Name="ORF type:complete (+),score=20.12"scaffold_1	transdecoder	mRNA	81590822	81611037	.	+	.	ID=Atsept7115.1.p1;Parent=Atsept7115^scaffold_1^+;Name="ORF type:complete (+),score=20.12"
Warning: unexpected tab character in last column, line truncated:
scaffold_1	transdecoder	gene	81636797	81638143	.	-	.	ID=Atsept7118^scaffold_1^-;Name="ORF type:complete (+),score=14.81"scaffold_1	transdecoder	mRNA	81636797	81638143	.	-	.	ID=Atsept7118.1.p1;Parent=Atsept7118^scaffold_1^-;Name="ORF type:complete (+),score=14.81"
Warning: unexpected tab character in last column, line truncated:
scaffold_1	transdecoder	gene	83003480	83007081	.	+	.	ID=Atsept7153^scaffold_1^+;Name="ORF type:complete (+),score=15.39"scaffold_1	transdecoder	mRNA	83003480	83007081	.	+	.	ID=Atsept7153.1.p1;Parent=Atsept7153^scaffold_1^+;Name="ORF type:complete (+),score=15.39"
Warning: unexpected tab character in last column, line truncated:
scaffold_1	transdecoder	gene	83286745	83312735	.	-	.	ID=Atsept7157^scaffold_1^-;Name="ORF type:complete (+),score=19.46"scaffold_1	transdecoder	mRNA	83286745	83312735	.	-	.	ID=Atsept7157.1.p1;Parent=Atsept7157^scaffold_1^-;Name="ORF type:complete (+),score=19.46"
Warning: unexpected tab character in last column, line truncated:
scaffold_1	transdecoder	gene	16490217	16506688	.	+	.	ID=Atsept7160^scaffold_1^+;Name="ORF type:complete (+),score=11.64"scaffold_1	transdecoder	mRNA	16490217	16506688	.	+	.	ID=Atsept7160.1.p19;Parent=Atsept7160^scaffold_1^+;Name="ORF type:complete (+),score=11.64"
Warning: unexpected tab character in last column, line truncated:
scaffold_1	transdecoder	gene	83731340	83735916	.	-	.	ID=Atsept7162^scaffold_1^-;Name="ORF type:3prime_partial (+),score=59.54"scaffold_1	transdecoder	mRNA	83731340	83735916	.	-	.	ID=Atsept7162.1.p1;Parent=Atsept7162^scaffold_1^-;Name="ORF type:3prime_partial (+),score=59.54"
Warning: unexpected tab character in last column, line truncated:
scaffold_1	transdecoder	gene	16536263	16563525	.	+	.	ID=Atsept7171^scaffold_1^+;Name="ORF type:5prime_partial (+),score=46.37"scaffold_1	transdecoder	mRNA	16536263	16563525	.	+	.	ID=Atsept7171.1.p1;Parent=Atsept7171^scaffold_1^+;Name="ORF type:5prime_partial (+),score=46.37"
Warning: unexpected tab character in last column, line truncated:
scaffold_1	transdecoder	gene	84118281	84120417	.	-	.	ID=Atsept7172^scaffold_1^-;Name="ORF type:complete (+),score=21.97"scaffold_1	transdecoder	mRNA	84118281	84120417	.	-	.	ID=Atsept7172.1.p2;Parent=Atsept7172^scaffold_1^-;Name="ORF type:complete (+),score=21.97"
Warning: unexpected tab character in last column, line truncated:
scaffold_1	transdecoder	gene	16563961	16567783	.	+	.	ID=Atsept7181^scaffold_1^+;Name="ORF type:complete (+),score=34.21"scaffold_1	transdecoder	mRNA	16563961	16567783	.	+	.	ID=Atsept7181.1.p1;Parent=Atsept7181^scaffold_1^+;Name="ORF type:complete (+),score=34.21"
Warning: unexpected tab character in last column, line truncated:
scaffold_1	transdecoder	gene	84918408	84950881	.	+	.	ID=Atsept7189^scaffold_1^+;Name="ORF type:5prime_partial (+),score=2.65"scaffold_1	transdecoder	mRNA	84918408	84950881	.	+	.	ID=Atsept7189.1.p4;Parent=Atsept7189^scaffold_1^+;Name="ORF type:5prime_partial (+),score=2.65"
Warning: unexpected tab character in last column, line truncated:
scaffold_1	transdecoder	gene	84995475	84996316	.	+	.	ID=Atsept7192^scaffold_1^+;Name="ORF type:complete (+),score=13.86"scaffold_1	transdecoder	mRNA	84995475	84996316	.	+	.	ID=Atsept7192.1.p1;Parent=Atsept7192^scaffold_1^+;Name="ORF type:complete (+),score=13.86"
Warning: unexpected tab character in last column, line truncated:
scaffold_1	transdecoder	gene	85534129	85543397	.	-	.	ID=Atsept7203^scaffold_1^-;Name="ORF type:complete (+),score=16.13"scaffold_1	transdecoder	mRNA	85534129	85543397	.	-	.	ID=Atsept7203.1.p1;Parent=Atsept7203^scaffold_1^-;Name="ORF type:complete (+),score=16.13"
Warning: unexpected tab character in last column, line truncated:
scaffold_1	transdecoder	gene	88297088	88303708	.	-	.	ID=Atsept7232^scaffold_1^-;Name="ORF type:5prime_partial (+),score=18.61"scaffold_1	transdecoder	mRNA	88297088	88303708	.	-	.	ID=Atsept7232.1.p5;Parent=Atsept7232^scaffold_1^-;Name="ORF type:5prime_partial (+),score=18.61"
Warning: unexpected tab character in last column, line truncated:
scaffold_1	transdecoder	gene	89180532	89181321	.	+	.	ID=Atsept7245^scaffold_1^+;Name="ORF type:complete (+),score=19.12"scaffold_1	transdecoder	mRNA	89180532	89181321	.	+	.	ID=Atsept7245.1.p1;Parent=Atsept7245^scaffold_1^+;Name="ORF type:complete (+),score=19.12"
Warning: unexpected tab character in last column, line truncated:
scaffold_1	transdecoder	gene	90339671	90389180	.	-	.	ID=Atsept7253^scaffold_1^-;Name="ORF type:complete (+),score=14.26"scaffold_1	transdecoder	mRNA	90339671	90389180	.	-	.	ID=Atsept7253.1.p2;Parent=Atsept7253^scaffold_1^-;Name="ORF type:complete (+),score=14.26"
Warning: unexpected tab character in last column, line truncated:
scaffold_1	transdecoder	gene	91239396	91295188	.	+	.	ID=Atsept7257^scaffold_1^+;Name="ORF type:complete (+),score=13.07"scaffold_1	transdecoder	mRNA	91239396	91295188	.	+	.	ID=Atsept7257.1.p1;Parent=Atsept7257^scaffold_1^+;Name="ORF type:complete (+),score=13.07"
Warning: unexpected tab character in last column, line truncated:
scaffold_1	transdecoder	gene	91240594	91279485	.	-	.	ID=Atsept7259^scaffold_1^-;Name="ORF type:complete (+),score=12.14"scaffold_1	transdecoder	mRNA	91240594	91279485	.	-	.	ID=Atsept7259.1.p2;Parent=Atsept7259^scaffold_1^-;Name="ORF type:complete (+),score=12.14"
Warning: unexpected tab character in last column, line truncated:
scaffold_1	transdecoder	gene	91303786	91316808	.	+	.	ID=Atsept7260^scaffold_1^+;Name="ORF type:5prime_partial (+),score=12.10"scaffold_1	transdecoder	mRNA	91303786	91316808	.	+	.	ID=Atsept7260.1.p3;Parent=Atsept7260^scaffold_1^+;Name="ORF type:5prime_partial (+),score=12.10"
Warning: unexpected tab character in last column, line truncated:
scaffold_1	transdecoder	gene	92262831	92265953	.	+	.	ID=Atsept7272^scaffold_1^+;Name="ORF type:complete (+),score=9.73"scaffold_1	transdecoder	mRNA	92262831	92265953	.	+	.	ID=Atsept7272.1.p2;Parent=Atsept7272^scaffold_1^+;Name="ORF type:complete (+),score=9.73"
Warning: unexpected tab character in last column, line truncated:
scaffold_1	transdecoder	gene	94743388	94748436	.	-	.	ID=Atsept7304^scaffold_1^-;Name="ORF type:5prime_partial (+),score=8.12"scaffold_1	transdecoder	mRNA	94743388	94748436	.	-	.	ID=Atsept7304.1.p1;Parent=Atsept7304^scaffold_1^-;Name="ORF type:5prime_partial (+),score=8.12"
Warning: unexpected tab character in last column, line truncated:
scaffold_1	transdecoder	gene	95265705	95298290	.	+	.	ID=Atsept7317^scaffold_1^+;Name="ORF type:complete (+),score=16.50"scaffold_1	transdecoder	mRNA	95265705	95298290	.	+	.	ID=Atsept7317.1.p1;Parent=Atsept7317^scaffold_1^+;Name="ORF type:complete (+),score=16.50"
Warning: unexpected tab character in last column, line truncated:
scaffold_1	transdecoder	gene	17827185	17828436	.	-	.	ID=Atsept7324^scaffold_1^-;Name="ORF type:complete (+),score=66.87"scaffold_1	transdecoder	mRNA	17827185	17828436	.	-	.	ID=Atsept7324.1.p2;Parent=Atsept7324^scaffold_1^-;Name="ORF type:complete (+),score=66.87"
Warning: unexpected tab character in last column, line truncated:
scaffold_1	transdecoder	gene	96374678	96375252	.	-	.	ID=Atsept7343^scaffold_1^-;Name="ORF type:5prime_partial (+),score=42.98"scaffold_1	transdecoder	mRNA	96374678	96375252	.	-	.	ID=Atsept7343.1.p2;Parent=Atsept7343^scaffold_1^-;Name="ORF type:5prime_partial (+),score=42.98"
Warning: unexpected tab character in last column, line truncated:
scaffold_1	transdecoder	gene	17852407	17858373	.	+	.	ID=Atsept7347^scaffold_1^+;Name="ORF type:complete (+),score=65.80"scaffold_1	transdecoder	mRNA	17852407	17858373	.	+	.	ID=Atsept7347.1.p1;Parent=Atsept7347^scaffold_1^+;Name="ORF type:complete (+),score=65.80"
Warning: unexpected tab character in last column, line truncated:
scaffold_1	transdecoder	gene	98412931	98422124	.	+	.	ID=Atsept7382^scaffold_1^+;Name="ORF type:complete (+),score=3.07"scaffold_1	transdecoder	mRNA	98412931	98422124	.	+	.	ID=Atsept7382.1.p1;Parent=Atsept7382^scaffold_1^+;Name="ORF type:complete (+),score=3.07"
Warning: unexpected tab character in last column, line truncated:
scaffold_1	transdecoder	gene	100959396	100976216	.	+	.	ID=Atsept7389^scaffold_1^+;Name="ORF type:complete (+),score=15.32"scaffold_1	transdecoder	mRNA	100959396	100976216	.	+	.	ID=Atsept7389.1.p2;Parent=Atsept7389^scaffold_1^+;Name="ORF type:complete (+),score=15.32"
Warning: unexpected tab character in last column, line truncated:
scaffold_1	transdecoder	gene	101869511	101871365	.	+	.	ID=Atsept7391^scaffold_1^+;Name="ORF type:complete (+),score=19.72"scaffold_1	transdecoder	mRNA	101869511	101871365	.	+	.	ID=Atsept7391.1.p1;Parent=Atsept7391^scaffold_1^+;Name="ORF type:complete (+),score=19.72"
Warning: unexpected tab character in last column, line truncated:
scaffold_1	transdecoder	gene	103845645	103868959	.	-	.	ID=Atsept7399^scaffold_1^-;Name="ORF type:complete (+),score=34.47"scaffold_1	transdecoder	mRNA	103845645	103868959	.	-	.	ID=Atsept7399.1.p2;Parent=Atsept7399^scaffold_1^-;Name="ORF type:complete (+),score=34.47"
Warning: unexpected tab character in last column, line truncated:
scaffold_1	transdecoder	gene	104384662	104396696	.	-	.	ID=Atsept7403^scaffold_1^-;Name="ORF type:complete (+),score=19.43"scaffold_1	transdecoder	mRNA	104384662	104396696	.	-	.	ID=Atsept7403.1.p1;Parent=Atsept7403^scaffold_1^-;Name="ORF type:complete (+),score=19.43"
Warning: unexpected tab character in last column, line truncated:
scaffold_1	transdecoder	gene	104591086	104598041	.	+	.	ID=Atsept7405^scaffold_1^+;Name="ORF type:complete (+),score=16.30"scaffold_1	transdecoder	mRNA	104591086	104598041	.	+	.	ID=Atsept7405.1.p1;Parent=Atsept7405^scaffold_1^+;Name="ORF type:complete (+),score=16.30"
Warning: unexpected tab character in last column, line truncated:
scaffold_1	transdecoder	gene	104750184	104785227	.	-	.	ID=Atsept7407^scaffold_1^-;Name="ORF type:complete (+),score=10.34"scaffold_1	transdecoder	mRNA	104750184	104785227	.	-	.	ID=Atsept7407.1.p2;Parent=Atsept7407^scaffold_1^-;Name="ORF type:complete (+),score=10.34"
Warning: unexpected tab character in last column, line truncated:
scaffold_1	transdecoder	gene	104838054	104840673	.	-	.	ID=Atsept7408^scaffold_1^-;Name="ORF type:complete (+),score=17.10"scaffold_1	transdecoder	mRNA	104838054	104840673	.	-	.	ID=Atsept7408.1.p1;Parent=Atsept7408^scaffold_1^-;Name="ORF type:complete (+),score=17.10"
Warning: unexpected tab character in last column, line truncated:
scaffold_1	transdecoder	gene	105399526	105401953	.	-	.	ID=Atsept7414^scaffold_1^-;Name="ORF type:complete (+),score=16.29"scaffold_1	transdecoder	mRNA	105399526	105401953	.	-	.	ID=Atsept7414.1.p1;Parent=Atsept7414^scaffold_1^-;Name="ORF type:complete (+),score=16.29"
Warning: unexpected tab character in last column, line truncated:
scaffold_1	transdecoder	gene	107267056	107273089	.	-	.	ID=Atsept7435^scaffold_1^-;Name="ORF type:complete (+),score=23.17"scaffold_1	transdecoder	mRNA	107267056	107273089	.	-	.	ID=Atsept7435.1.p1;Parent=Atsept7435^scaffold_1^-;Name="ORF type:complete (+),score=23.17"
Warning: unexpected tab character in last column, line truncated:
scaffold_1	transdecoder	gene	107347774	107354948	.	+	.	ID=Atsept7437^scaffold_1^+;Name="ORF type:complete (+),score=11.92"scaffold_1	transdecoder	mRNA	107347774	107354948	.	+	.	ID=Atsept7437.1.p1;Parent=Atsept7437^scaffold_1^+;Name="ORF type:complete (+),score=11.92"
Warning: unexpected tab character in last column, line truncated:
scaffold_1	transdecoder	gene	107702089	107732770	.	-	.	ID=Atsept7442^scaffold_1^-;Name="ORF type:complete (+),score=16.99"scaffold_1	transdecoder	mRNA	107702089	107732770	.	-	.	ID=Atsept7442.1.p1;Parent=Atsept7442^scaffold_1^-;Name="ORF type:complete (+),score=16.99"
Warning: unexpected tab character in last column, line truncated:
scaffold_1	transdecoder	gene	18610760	18631080	.	-	.	ID=Atsept7445^scaffold_1^-;Name="ORF type:complete (+),score=17.23"scaffold_1	transdecoder	mRNA	18610760	18631080	.	-	.	ID=Atsept7445.1.p1;Parent=Atsept7445^scaffold_1^-;Name="ORF type:complete (+),score=17.23"
Warning: unexpected tab character in last column, line truncated:
scaffold_1	transdecoder	gene	108602668	108602965	.	+	.	ID=Atsept7454^scaffold_1^+;Name="ORF type:complete (+),score=15.55"scaffold_1	transdecoder	mRNA	108602668	108602965	.	+	.	ID=Atsept7454.1.p1;Parent=Atsept7454^scaffold_1^+;Name="ORF type:complete (+),score=15.55"
Warning: unexpected tab character in last column, line truncated:
scaffold_1	transdecoder	gene	109024135	109026320	.	+	.	ID=Atsept7458^scaffold_1^+;Name="ORF type:3prime_partial (+),score=14.70"scaffold_1	transdecoder	mRNA	109024135	109026320	.	+	.	ID=Atsept7458.1.p1;Parent=Atsept7458^scaffold_1^+;Name="ORF type:3prime_partial (+),score=14.70"
Warning: unexpected tab character in last column, line truncated:
scaffold_1	transdecoder	gene	110099058	110103150	.	-	.	ID=Atsept7463^scaffold_1^-;Name="ORF type:complete (+),score=21.75"scaffold_1	transdecoder	mRNA	110099058	110103150	.	-	.	ID=Atsept7463.1.p2;Parent=Atsept7463^scaffold_1^-;Name="ORF type:complete (+),score=21.75"
Warning: unexpected tab character in last column, line truncated:
scaffold_1	transdecoder	gene	110807476	110835035	.	+	.	ID=Atsept7472^scaffold_1^+;Name="ORF type:complete (+),score=12.33"scaffold_1	transdecoder	mRNA	110807476	110835035	.	+	.	ID=Atsept7472.1.p1;Parent=Atsept7472^scaffold_1^+;Name="ORF type:complete (+),score=12.33"
Warning: unexpected tab character in last column, line truncated:
scaffold_1	transdecoder	gene	110976021	110978535	.	-	.	ID=Atsept7479^scaffold_1^-;Name="ORF type:complete (+),score=12.42"scaffold_1	transdecoder	mRNA	110976021	110978535	.	-	.	ID=Atsept7479.1.p1;Parent=Atsept7479^scaffold_1^-;Name="ORF type:complete (+),score=12.42"
Warning: unexpected tab character in last column, line truncated:
scaffold_1	transdecoder	gene	111691100	111725298	.	+	.	ID=Atsept7486^scaffold_1^+;Name="ORF type:complete (+),score=11.01"scaffold_1	transdecoder	mRNA	111691100	111725298	.	+	.	ID=Atsept7486.1.p3;Parent=Atsept7486^scaffold_1^+;Name="ORF type:complete (+),score=11.01"
Warning: unexpected tab character in last column, line truncated:
scaffold_1	transdecoder	gene	112237940	112247655	.	+	.	ID=Atsept7491^scaffold_1^+;Name="ORF type:complete (+),score=14.00"scaffold_1	transdecoder	mRNA	112237940	112247655	.	+	.	ID=Atsept7491.1.p1;Parent=Atsept7491^scaffold_1^+;Name="ORF type:complete (+),score=14.00"
Warning: unexpected tab character in last column, line truncated:
scaffold_1	transdecoder	gene	112524807	112578891	.	+	.	ID=Atsept7493^scaffold_1^+;Name="ORF type:complete (+),score=13.21"scaffold_1	transdecoder	mRNA	112524807	112578891	.	+	.	ID=Atsept7493.1.p3;Parent=Atsept7493^scaffold_1^+;Name="ORF type:complete (+),score=13.21"
Warning: unexpected tab character in last column, line truncated:
scaffold_1	transdecoder	gene	19156511	19164867	.	-	.	ID=Atsept7497^scaffold_1^-;Name="ORF type:complete (+),score=23.88"scaffold_1	transdecoder	mRNA	19156511	19164867	.	-	.	ID=Atsept7497.1.p1;Parent=Atsept7497^scaffold_1^-;Name="ORF type:complete (+),score=23.88"
Warning: unexpected tab character in last column, line truncated:
scaffold_1	transdecoder	gene	116301549	116304144	.	-	.	ID=Atsept7512^scaffold_1^-;Name="ORF type:complete (+),score=16.91"scaffold_1	transdecoder	mRNA	116301549	116304144	.	-	.	ID=Atsept7512.1.p3;Parent=Atsept7512^scaffold_1^-;Name="ORF type:complete (+),score=16.91"
Warning: unexpected tab character in last column, line truncated:
scaffold_1	transdecoder	gene	116631095	116638353	.	-	.	ID=Atsept7516^scaffold_1^-;Name="ORF type:complete (+),score=21.26"scaffold_1	transdecoder	mRNA	116631095	116638353	.	-	.	ID=Atsept7516.1.p1;Parent=Atsept7516^scaffold_1^-;Name="ORF type:complete (+),score=21.26"
Warning: unexpected tab character in last column, line truncated:
scaffold_1	transdecoder	gene	116836579	116853163	.	+	.	ID=Atsept7520^scaffold_1^+;Name="ORF type:complete (+),score=13.58"scaffold_1	transdecoder	mRNA	116836579	116853163	.	+	.	ID=Atsept7520.1.p2;Parent=Atsept7520^scaffold_1^+;Name="ORF type:complete (+),score=13.58"
Warning: unexpected tab character in last column, line truncated:
scaffold_1	transdecoder	gene	117894331	117903526	.	-	.	ID=Atsept7536^scaffold_1^-;Name="ORF type:complete (+),score=108.07"scaffold_1	transdecoder	mRNA	117894331	117903526	.	-	.	ID=Atsept7536.1.p1;Parent=Atsept7536^scaffold_1^-;Name="ORF type:complete (+),score=108.07"
Warning: unexpected tab character in last column, line truncated:
scaffold_1	transdecoder	gene	119211313	119214684	.	-	.	ID=Atsept7546^scaffold_1^-;Name="ORF type:5prime_partial (+),score=44.21"scaffold_1	transdecoder	mRNA	119211313	119214684	.	-	.	ID=Atsept7546.1.p2;Parent=Atsept7546^scaffold_1^-;Name="ORF type:5prime_partial (+),score=44.21"
Warning: unexpected tab character in last column, line truncated:
scaffold_1	transdecoder	gene	119490596	119498244	.	+	.	ID=Atsept7548^scaffold_1^+;Name="ORF type:complete (+),score=19.88"scaffold_1	transdecoder	mRNA	119490596	119498244	.	+	.	ID=Atsept7548.1.p2;Parent=Atsept7548^scaffold_1^+;Name="ORF type:complete (+),score=19.88"
Warning: unexpected tab character in last column, line truncated:
scaffold_1	transdecoder	gene	119810917	119818092	.	-	.	ID=Atsept7557^scaffold_1^-;Name="ORF type:5prime_partial (+),score=11.69"scaffold_1	transdecoder	mRNA	119810917	119818092	.	-	.	ID=Atsept7557.1.p1;Parent=Atsept7557^scaffold_1^-;Name="ORF type:5prime_partial (+),score=11.69"
Warning: unexpected tab character in last column, line truncated:
scaffold_1	transdecoder	gene	121157078	121188111	.	+	.	ID=Atsept7574^scaffold_1^+;Name="ORF type:complete (+),score=50.71"scaffold_1	transdecoder	mRNA	121157078	121188111	.	+	.	ID=Atsept7574.1.p1;Parent=Atsept7574^scaffold_1^+;Name="ORF type:complete (+),score=50.71"
Warning: unexpected tab character in last column, line truncated:
scaffold_1	transdecoder	gene	121264738	121274224	.	+	.	ID=Atsept7576^scaffold_1^+;Name="ORF type:5prime_partial (+),score=3.09"scaffold_1	transdecoder	mRNA	121264738	121274224	.	+	.	ID=Atsept7576.1.p2;Parent=Atsept7576^scaffold_1^+;Name="ORF type:5prime_partial (+),score=3.09"
Warning: unexpected tab character in last column, line truncated:
scaffold_1	transdecoder	gene	122795497	122796226	.	+	.	ID=Atsept7582^scaffold_1^+;Name="ORF type:complete (+),score=15.55"scaffold_1	transdecoder	mRNA	122795497	122796226	.	+	.	ID=Atsept7582.1.p1;Parent=Atsept7582^scaffold_1^+;Name="ORF type:complete (+),score=15.55"
Warning: unexpected tab character in last column, line truncated:
scaffold_1	transdecoder	gene	19531714	19545531	.	+	.	ID=Atsept7583^scaffold_1^+;Name="ORF type:complete (+),score=17.87"scaffold_1	transdecoder	mRNA	19531714	19545531	.	+	.	ID=Atsept7583.1.p2;Parent=Atsept7583^scaffold_1^+;Name="ORF type:complete (+),score=17.87"
Warning: unexpected tab character in last column, line truncated:
scaffold_1	transdecoder	gene	123315131	123325397	.	-	.	ID=Atsept7591^scaffold_1^-;Name="ORF type:complete (+),score=10.53"scaffold_1	transdecoder	mRNA	123315131	123325397	.	-	.	ID=Atsept7591.1.p3;Parent=Atsept7591^scaffold_1^-;Name="ORF type:complete (+),score=10.53"
Warning: unexpected tab character in last column, line truncated:
scaffold_1	transdecoder	gene	123393359	123396772	.	-	.	ID=Atsept7596^scaffold_1^-;Name="ORF type:complete (+),score=7.58"scaffold_1	transdecoder	mRNA	123393359	123396772	.	-	.	ID=Atsept7596.1.p2;Parent=Atsept7596^scaffold_1^-;Name="ORF type:complete (+),score=7.58"
Warning: unexpected tab character in last column, line truncated:
scaffold_1	transdecoder	gene	125694409	125696945	.	+	.	ID=Atsept7622^scaffold_1^+;Name="ORF type:complete (+),score=6.53"scaffold_1	transdecoder	mRNA	125694409	125696945	.	+	.	ID=Atsept7622.1.p1;Parent=Atsept7622^scaffold_1^+;Name="ORF type:complete (+),score=6.53"
Warning: unexpected tab character in last column, line truncated:
scaffold_1	transdecoder	gene	126527688	126536418	.	-	.	ID=Atsept7632^scaffold_1^-;Name="ORF type:complete (+),score=11.89"scaffold_1	transdecoder	mRNA	126527688	126536418	.	-	.	ID=Atsept7632.1.p3;Parent=Atsept7632^scaffold_1^-;Name="ORF type:complete (+),score=11.89"
Warning: unexpected tab character in last column, line truncated:
scaffold_1	transdecoder	gene	126755396	126755919	.	+	.	ID=Atsept7636^scaffold_1^+;Name="ORF type:complete (+),score=18.38"scaffold_1	transdecoder	mRNA	126755396	126755919	.	+	.	ID=Atsept7636.1.p1;Parent=Atsept7636^scaffold_1^+;Name="ORF type:complete (+),score=18.38"
Warning: unexpected tab character in last column, line truncated:
scaffold_1	transdecoder	gene	126772010	126778941	.	+	.	ID=Atsept7637^scaffold_1^+;Name="ORF type:complete (+),score=9.28"scaffold_1	transdecoder	mRNA	126772010	126778941	.	+	.	ID=Atsept7637.1.p2;Parent=Atsept7637^scaffold_1^+;Name="ORF type:complete (+),score=9.28"
Warning: unexpected tab character in last column, line truncated:
scaffold_1	transdecoder	gene	127025646	127027798	.	+	.	ID=Atsept7663^scaffold_1^+;Name="ORF type:5prime_partial (+),score=143.31"scaffold_1	transdecoder	mRNA	127025646	127027798	.	+	.	ID=Atsept7663.1.p1;Parent=Atsept7663^scaffold_1^+;Name="ORF type:5prime_partial (+),score=143.31"
Warning: unexpected tab character in last column, line truncated:
scaffold_1	transdecoder	gene	127220492	127222215	.	+	.	ID=Atsept7679^scaffold_1^+;Name="ORF type:complete (+),score=132.49"scaffold_1	transdecoder	mRNA	127220492	127222215	.	+	.	ID=Atsept7679.1.p1;Parent=Atsept7679^scaffold_1^+;Name="ORF type:complete (+),score=132.49"
Warning: unexpected tab character in last column, line truncated:
scaffold_1	transdecoder	gene	127571985	127594500	.	+	.	ID=Atsept7689^scaffold_1^+;Name="ORF type:complete (+),score=16.37"scaffold_1	transdecoder	mRNA	127571985	127594500	.	+	.	ID=Atsept7689.1.p3;Parent=Atsept7689^scaffold_1^+;Name="ORF type:complete (+),score=16.37"
Warning: unexpected tab character in last column, line truncated:
scaffold_1	transdecoder	gene	128302321	128320244	.	-	.	ID=Atsept7702^scaffold_1^-;Name="ORF type:complete (+),score=11.30"scaffold_1	transdecoder	mRNA	128302321	128320244	.	-	.	ID=Atsept7702.1.p2;Parent=Atsept7702^scaffold_1^-;Name="ORF type:complete (+),score=11.30"
Warning: unexpected tab character in last column, line truncated:
scaffold_1	transdecoder	gene	128793937	128805576	.	-	.	ID=Atsept7706^scaffold_1^-;Name="ORF type:complete (+),score=11.42"scaffold_1	transdecoder	mRNA	128793937	128805576	.	-	.	ID=Atsept7706.1.p2;Parent=Atsept7706^scaffold_1^-;Name="ORF type:complete (+),score=11.42"
Warning: unexpected tab character in last column, line truncated:
scaffold_1	transdecoder	gene	129543610	129561108	.	+	.	ID=Atsept7707^scaffold_1^+;Name="ORF type:complete (+),score=17.62"scaffold_1	transdecoder	mRNA	129543610	129561108	.	+	.	ID=Atsept7707.1.p3;Parent=Atsept7707^scaffold_1^+;Name="ORF type:complete (+),score=17.62"
Warning: unexpected tab character in last column, line truncated:
scaffold_1	transdecoder	gene	130041609	130054516	.	-	.	ID=Atsept7711^scaffold_1^-;Name="ORF type:complete (+),score=49.51"scaffold_1	transdecoder	mRNA	130041609	130054516	.	-	.	ID=Atsept7711.1.p1;Parent=Atsept7711^scaffold_1^-;Name="ORF type:complete (+),score=49.51"
Warning: unexpected tab character in last column, line truncated:
scaffold_1	transdecoder	gene	130187491	130188878	.	-	.	ID=Atsept7714^scaffold_1^-;Name="ORF type:5prime_partial (+),score=20.44"scaffold_1	transdecoder	mRNA	130187491	130188878	.	-	.	ID=Atsept7714.1.p1;Parent=Atsept7714^scaffold_1^-;Name="ORF type:5prime_partial (+),score=20.44"
Warning: unexpected tab character in last column, line truncated:
scaffold_1	transdecoder	gene	20321315	20335269	.	+	.	ID=Atsept7715^scaffold_1^+;Name="ORF type:complete (+),score=9.55"scaffold_1	transdecoder	mRNA	20321315	20335269	.	+	.	ID=Atsept7715.1.p2;Parent=Atsept7715^scaffold_1^+;Name="ORF type:complete (+),score=9.55"
Warning: unexpected tab character in last column, line truncated:
scaffold_1	transdecoder	gene	130665874	130667175	.	-	.	ID=Atsept7722^scaffold_1^-;Name="ORF type:complete (+),score=79.70"scaffold_1	transdecoder	mRNA	130665874	130667175	.	-	.	ID=Atsept7722.1.p3;Parent=Atsept7722^scaffold_1^-;Name="ORF type:complete (+),score=79.70"
Warning: unexpected tab character in last column, line truncated:
scaffold_1	transdecoder	gene	130935970	130940713	.	+	.	ID=Atsept7728^scaffold_1^+;Name="ORF type:complete (+),score=19.46"scaffold_1	transdecoder	mRNA	130935970	130940713	.	+	.	ID=Atsept7728.1.p1;Parent=Atsept7728^scaffold_1^+;Name="ORF type:complete (+),score=19.46"
Warning: unexpected tab character in last column, line truncated:
scaffold_1	transdecoder	gene	132786621	132787587	.	-	.	ID=Atsept7742^scaffold_1^-;Name="ORF type:5prime_partial (+),score=8.10"scaffold_1	transdecoder	mRNA	132786621	132787587	.	-	.	ID=Atsept7742.1.p4;Parent=Atsept7742^scaffold_1^-;Name="ORF type:5prime_partial (+),score=8.10"
Warning: unexpected tab character in last column, line truncated:
scaffold_1	transdecoder	gene	2011763	2017025	.	-	.	ID=Atsept7758^scaffold_1^-;Name="ORF type:complete (+),score=89.22"scaffold_1	transdecoder	mRNA	2011763	2017025	.	-	.	ID=Atsept7758.1.p1;Parent=Atsept7758^scaffold_1^-;Name="ORF type:complete (+),score=89.22"
Warning: unexpected tab character in last column, line truncated:
scaffold_1	transdecoder	gene	135390661	135399252	.	-	.	ID=Atsept7774^scaffold_1^-;Name="ORF type:complete (+),score=10.24"scaffold_1	transdecoder	mRNA	135390661	135399252	.	-	.	ID=Atsept7774.1.p1;Parent=Atsept7774^scaffold_1^-;Name="ORF type:complete (+),score=10.24"
Warning: unexpected tab character in last column, line truncated:
scaffold_1	transdecoder	gene	136524181	136533375	.	-	.	ID=Atsept7798^scaffold_1^-;Name="ORF type:complete (+),score=25.20"scaffold_1	transdecoder	mRNA	136524181	136533375	.	-	.	ID=Atsept7798.1.p2;Parent=Atsept7798^scaffold_1^-;Name="ORF type:complete (+),score=25.20"
Warning: unexpected tab character in last column, line truncated:
scaffold_1	transdecoder	gene	136536291	136538750	.	-	.	ID=Atsept7799^scaffold_1^-;Name="ORF type:5prime_partial (+),score=24.82"scaffold_1	transdecoder	mRNA	136536291	136538750	.	-	.	ID=Atsept7799.1.p2;Parent=Atsept7799^scaffold_1^-;Name="ORF type:5prime_partial (+),score=24.82"
Warning: unexpected tab character in last column, line truncated:
scaffold_1	transdecoder	gene	136871672	136873153	.	+	.	ID=Atsept7815^scaffold_1^+;Name="ORF type:complete (+),score=22.30"scaffold_1	transdecoder	mRNA	136871672	136873153	.	+	.	ID=Atsept7815.1.p1;Parent=Atsept7815^scaffold_1^+;Name="ORF type:complete (+),score=22.30"
Warning: unexpected tab character in last column, line truncated:
scaffold_1	transdecoder	gene	136896437	136897106	.	+	.	ID=Atsept7816^scaffold_1^+;Name="ORF type:complete (+),score=4.22"scaffold_1	transdecoder	mRNA	136896437	136897106	.	+	.	ID=Atsept7816.1.p4;Parent=Atsept7816^scaffold_1^+;Name="ORF type:complete (+),score=4.22"
Warning: unexpected tab character in last column, line truncated:
scaffold_1	transdecoder	gene	136988856	137002407	.	-	.	ID=Atsept7819^scaffold_1^-;Name="ORF type:complete (+),score=19.30"scaffold_1	transdecoder	mRNA	136988856	137002407	.	-	.	ID=Atsept7819.1.p1;Parent=Atsept7819^scaffold_1^-;Name="ORF type:complete (+),score=19.30"
Warning: unexpected tab character in last column, line truncated:
scaffold_1	transdecoder	gene	137602936	137612195	.	+	.	ID=Atsept7831^scaffold_1^+;Name="ORF type:5prime_partial (+),score=20.26"scaffold_1	transdecoder	mRNA	137602936	137612195	.	+	.	ID=Atsept7831.1.p3;Parent=Atsept7831^scaffold_1^+;Name="ORF type:5prime_partial (+),score=20.26"
Warning: unexpected tab character in last column, line truncated:
scaffold_1	transdecoder	gene	137642204	137643041	.	+	.	ID=Atsept7833^scaffold_1^+;Name="ORF type:complete (+),score=8.49"scaffold_1	transdecoder	mRNA	137642204	137643041	.	+	.	ID=Atsept7833.1.p1;Parent=Atsept7833^scaffold_1^+;Name="ORF type:complete (+),score=8.49"
Warning: unexpected tab character in last column, line truncated:
scaffold_1	transdecoder	gene	20626434	20632741	.	+	.	ID=Atsept7835^scaffold_1^+;Name="ORF type:complete (+),score=21.07"scaffold_1	transdecoder	mRNA	20626434	20632741	.	+	.	ID=Atsept7835.1.p1;Parent=Atsept7835^scaffold_1^+;Name="ORF type:complete (+),score=21.07"
Warning: unexpected tab character in last column, line truncated:
scaffold_1	transdecoder	gene	137804388	137807627	.	-	.	ID=Atsept7840^scaffold_1^-;Name="ORF type:complete (+),score=9.03"scaffold_1	transdecoder	mRNA	137804388	137807627	.	-	.	ID=Atsept7840.1.p3;Parent=Atsept7840^scaffold_1^-;Name="ORF type:complete (+),score=9.03"
Warning: unexpected tab character in last column, line truncated:
scaffold_1	transdecoder	gene	20718133	20720739	.	+	.	ID=Atsept7858^scaffold_1^+;Name="ORF type:complete (+),score=15.27"scaffold_1	transdecoder	mRNA	20718133	20720739	.	+	.	ID=Atsept7858.1.p1;Parent=Atsept7858^scaffold_1^+;Name="ORF type:complete (+),score=15.27"
Warning: unexpected tab character in last column, line truncated:
scaffold_1	transdecoder	gene	139293886	139300116	.	+	.	ID=Atsept7862^scaffold_1^+;Name="ORF type:complete (+),score=17.55"scaffold_1	transdecoder	mRNA	139293886	139300116	.	+	.	ID=Atsept7862.1.p1;Parent=Atsept7862^scaffold_1^+;Name="ORF type:complete (+),score=17.55"
Warning: unexpected tab character in last column, line truncated:
scaffold_1	transdecoder	gene	139387483	139415119	.	+	.	ID=Atsept7864^scaffold_1^+;Name="ORF type:complete (+),score=8.82"scaffold_1	transdecoder	mRNA	139387483	139415119	.	+	.	ID=Atsept7864.1.p3;Parent=Atsept7864^scaffold_1^+;Name="ORF type:complete (+),score=8.82"
Warning: unexpected tab character in last column, line truncated:
scaffold_1	transdecoder	gene	139489343	139491093	.	+	.	ID=Atsept7865^scaffold_1^+;Name="ORF type:complete (+),score=27.95"scaffold_1	transdecoder	mRNA	139489343	139491093	.	+	.	ID=Atsept7865.1.p1;Parent=Atsept7865^scaffold_1^+;Name="ORF type:complete (+),score=27.95"
Warning: unexpected tab character in last column, line truncated:
scaffold_1	transdecoder	gene	38654	43760	.	-	.	ID=Atsept7871^scaffold_1^-;Name="ORF type:5prime_partial (+),score=1.56"scaffold_1	transdecoder	mRNA	38654	43760	.	-	.	ID=Atsept7871.1.p4;Parent=Atsept7871^scaffold_1^-;Name="ORF type:5prime_partial (+),score=1.56"
Warning: unexpected tab character in last column, line truncated:
scaffold_1	transdecoder	gene	141471590	141489405	.	+	.	ID=Atsept7891^scaffold_1^+;Name="ORF type:5prime_partial (+),score=18.62"scaffold_1	transdecoder	mRNA	141471590	141489405	.	+	.	ID=Atsept7891.1.p1;Parent=Atsept7891^scaffold_1^+;Name="ORF type:5prime_partial (+),score=18.62"
Warning: unexpected tab character in last column, line truncated:
scaffold_1	transdecoder	gene	141283540	141288579	.	-	.	ID=Atsept7894^scaffold_1^-;Name="ORF type:complete (+),score=28.93"scaffold_1	transdecoder	mRNA	141283540	141288579	.	-	.	ID=Atsept7894.1.p1;Parent=Atsept7894^scaffold_1^-;Name="ORF type:complete (+),score=28.93"
Warning: unexpected tab character in last column, line truncated:
scaffold_1	transdecoder	gene	143691457	143696735	.	+	.	ID=Atsept7919^scaffold_1^+;Name="ORF type:complete (+),score=10.51"scaffold_1	transdecoder	mRNA	143691457	143696735	.	+	.	ID=Atsept7919.1.p1;Parent=Atsept7919^scaffold_1^+;Name="ORF type:complete (+),score=10.51"
Warning: unexpected tab character in last column, line truncated:
scaffold_1	transdecoder	gene	144728931	144738424	.	-	.	ID=Atsept7931^scaffold_1^-;Name="ORF type:complete (+),score=10.24"scaffold_1	transdecoder	mRNA	144728931	144738424	.	-	.	ID=Atsept7931.1.p2;Parent=Atsept7931^scaffold_1^-;Name="ORF type:complete (+),score=10.24"
Warning: unexpected tab character in last column, line truncated:
scaffold_1	transdecoder	gene	20760436	20761889	.	+	.	ID=Atsept7936^scaffold_1^+;Name="ORF type:5prime_partial (+),score=3.72"scaffold_1	transdecoder	mRNA	20760436	20761889	.	+	.	ID=Atsept7936.1.p2;Parent=Atsept7936^scaffold_1^+;Name="ORF type:5prime_partial (+),score=3.72"
Warning: unexpected tab character in last column, line truncated:
scaffold_1	transdecoder	gene	146044922	146052536	.	+	.	ID=Atsept7950^scaffold_1^+;Name="ORF type:complete (+),score=2.88"scaffold_1	transdecoder	mRNA	146044922	146052536	.	+	.	ID=Atsept7950.1.p6;Parent=Atsept7950^scaffold_1^+;Name="ORF type:complete (+),score=2.88"
Warning: unexpected tab character in last column, line truncated:
scaffold_1	transdecoder	gene	146076863	146080182	.	-	.	ID=Atsept7953^scaffold_1^-;Name="ORF type:5prime_partial (+),score=0.97"scaffold_1	transdecoder	mRNA	146076863	146080182	.	-	.	ID=Atsept7953.1.p4;Parent=Atsept7953^scaffold_1^-;Name="ORF type:5prime_partial (+),score=0.97"
Warning: unexpected tab character in last column, line truncated:
scaffold_1	transdecoder	gene	146182046	146186218	.	+	.	ID=Atsept7956^scaffold_1^+;Name="ORF type:complete (+),score=16.17"scaffold_1	transdecoder	mRNA	146182046	146186218	.	+	.	ID=Atsept7956.1.p1;Parent=Atsept7956^scaffold_1^+;Name="ORF type:complete (+),score=16.17"
Warning: unexpected tab character in last column, line truncated:
scaffold_1	transdecoder	gene	147695883	147699574	.	-	.	ID=Atsept7977^scaffold_1^-;Name="ORF type:complete (+),score=7.91"scaffold_1	transdecoder	mRNA	147695883	147699574	.	-	.	ID=Atsept7977.1.p4;Parent=Atsept7977^scaffold_1^-;Name="ORF type:complete (+),score=7.91"
Warning: unexpected tab character in last column, line truncated:
scaffold_1	transdecoder	gene	147874602	147905266	.	-	.	ID=Atsept7979^scaffold_1^-;Name="ORF type:complete (+),score=16.09"scaffold_1	transdecoder	mRNA	147874602	147905266	.	-	.	ID=Atsept7979.1.p1;Parent=Atsept7979^scaffold_1^-;Name="ORF type:complete (+),score=16.09"
Warning: unexpected tab character in last column, line truncated:
scaffold_1	transdecoder	gene	147922492	148246152	.	+	.	ID=Atsept7982^scaffold_1^+;Name="ORF type:5prime_partial (+),score=16.34"scaffold_1	transdecoder	mRNA	147922492	148246152	.	+	.	ID=Atsept7982.1.p3;Parent=Atsept7982^scaffold_1^+;Name="ORF type:5prime_partial (+),score=16.34"
Warning: unexpected tab character in last column, line truncated:
scaffold_1	transdecoder	gene	148437942	148448279	.	-	.	ID=Atsept7984^scaffold_1^-;Name="ORF type:complete (+),score=7.96"scaffold_1	transdecoder	mRNA	148437942	148448279	.	-	.	ID=Atsept7984.1.p2;Parent=Atsept7984^scaffold_1^-;Name="ORF type:complete (+),score=7.96"
Warning: unexpected tab character in last column, line truncated:
scaffold_1	transdecoder	gene	149554029	149602139	.	+	.	ID=Atsept7991^scaffold_1^+;Name="ORF type:complete (+),score=39.45"scaffold_1	transdecoder	mRNA	149554029	149602139	.	+	.	ID=Atsept7991.1.p2;Parent=Atsept7991^scaffold_1^+;Name="ORF type:complete (+),score=39.45"
Warning: unexpected tab character in last column, line truncated:
scaffold_1	transdecoder	gene	150288217	150291527	.	-	.	ID=Atsept8005^scaffold_1^-;Name="ORF type:complete (+),score=17.05"scaffold_1	transdecoder	mRNA	150288217	150291527	.	-	.	ID=Atsept8005.1.p1;Parent=Atsept8005^scaffold_1^-;Name="ORF type:complete (+),score=17.05"
Warning: unexpected tab character in last column, line truncated:
scaffold_1	transdecoder	gene	151394349	151416002	.	+	.	ID=Atsept8011^scaffold_1^+;Name="ORF type:complete (+),score=11.11"scaffold_1	transdecoder	mRNA	151394349	151416002	.	+	.	ID=Atsept8011.1.p1;Parent=Atsept8011^scaffold_1^+;Name="ORF type:complete (+),score=11.11"
Warning: unexpected tab character in last column, line truncated:
scaffold_1	transdecoder	gene	21298597	21303131	.	+	.	ID=Atsept8013^scaffold_1^+;Name="ORF type:complete (+),score=27.20"scaffold_1	transdecoder	mRNA	21298597	21303131	.	+	.	ID=Atsept8013.1.p2;Parent=Atsept8013^scaffold_1^+;Name="ORF type:complete (+),score=27.20"
Warning: unexpected tab character in last column, line truncated:
scaffold_1	transdecoder	gene	154145784	154157343	.	-	.	ID=Atsept8041^scaffold_1^-;Name="ORF type:5prime_partial (+),score=11.79"scaffold_1	transdecoder	mRNA	154145784	154157343	.	-	.	ID=Atsept8041.1.p1;Parent=Atsept8041^scaffold_1^-;Name="ORF type:5prime_partial (+),score=11.79"
Warning: unexpected tab character in last column, line truncated:
scaffold_1	transdecoder	gene	154199340	154205427	.	-	.	ID=Atsept8043^scaffold_1^-;Name="ORF type:complete (+),score=18.54"scaffold_1	transdecoder	mRNA	154199340	154205427	.	-	.	ID=Atsept8043.1.p1;Parent=Atsept8043^scaffold_1^-;Name="ORF type:complete (+),score=18.54"
Warning: unexpected tab character in last column, line truncated:
scaffold_1	transdecoder	gene	154411297	154412076	.	+	.	ID=Atsept8046^scaffold_1^+;Name="ORF type:complete (+),score=23.87"scaffold_1	transdecoder	mRNA	154411297	154412076	.	+	.	ID=Atsept8046.1.p2;Parent=Atsept8046^scaffold_1^+;Name="ORF type:complete (+),score=23.87"
Warning: unexpected tab character in last column, line truncated:
scaffold_1	transdecoder	gene	155591840	155594127	.	-	.	ID=Atsept8051^scaffold_1^-;Name="ORF type:complete (+),score=4.96"scaffold_1	transdecoder	mRNA	155591840	155594127	.	-	.	ID=Atsept8051.1.p4;Parent=Atsept8051^scaffold_1^-;Name="ORF type:complete (+),score=4.96"
Warning: unexpected tab character in last column, line truncated:
scaffold_1	transdecoder	gene	155912785	155920972	.	-	.	ID=Atsept8053^scaffold_1^-;Name="ORF type:complete (+),score=15.05"scaffold_1	transdecoder	mRNA	155912785	155920972	.	-	.	ID=Atsept8053.1.p2;Parent=Atsept8053^scaffold_1^-;Name="ORF type:complete (+),score=15.05"
Warning: unexpected tab character in last column, line truncated:
scaffold_1	transdecoder	gene	155975176	155997647	.	-	.	ID=Atsept8055^scaffold_1^-;Name="ORF type:complete (+),score=17.11"scaffold_1	transdecoder	mRNA	155975176	155997647	.	-	.	ID=Atsept8055.1.p1;Parent=Atsept8055^scaffold_1^-;Name="ORF type:complete (+),score=17.11"
Warning: unexpected tab character in last column, line truncated:
scaffold_1	transdecoder	gene	156781131	156798294	.	-	.	ID=Atsept8072^scaffold_1^-;Name="ORF type:complete (+),score=11.06"scaffold_1	transdecoder	mRNA	156781131	156798294	.	-	.	ID=Atsept8072.1.p1;Parent=Atsept8072^scaffold_1^-;Name="ORF type:complete (+),score=11.06"
Warning: unexpected tab character in last column, line truncated:
scaffold_1	transdecoder	gene	157516465	157524280	.	-	.	ID=Atsept8080^scaffold_1^-;Name="ORF type:5prime_partial (+),score=10.57"scaffold_1	transdecoder	mRNA	157516465	157524280	.	-	.	ID=Atsept8080.1.p1;Parent=Atsept8080^scaffold_1^-;Name="ORF type:5prime_partial (+),score=10.57"
Warning: unexpected tab character in last column, line truncated:
scaffold_1	transdecoder	gene	158465254	158468839	.	-	.	ID=Atsept8094^scaffold_1^-;Name="ORF type:complete (+),score=19.87"scaffold_1	transdecoder	mRNA	158465254	158468839	.	-	.	ID=Atsept8094.1.p1;Parent=Atsept8094^scaffold_1^-;Name="ORF type:complete (+),score=19.87"
Warning: unexpected tab character in last column, line truncated:
scaffold_1	transdecoder	gene	158500147	158527224	.	-	.	ID=Atsept8096^scaffold_1^-;Name="ORF type:complete (+),score=49.82"scaffold_1	transdecoder	mRNA	158500147	158527224	.	-	.	ID=Atsept8096.1.p1;Parent=Atsept8096^scaffold_1^-;Name="ORF type:complete (+),score=49.82"
Warning: unexpected tab character in last column, line truncated:
scaffold_1	transdecoder	gene	158668607	158684864	.	-	.	ID=Atsept8097^scaffold_1^-;Name="ORF type:5prime_partial (+),score=34.43"scaffold_1	transdecoder	mRNA	158668607	158684864	.	-	.	ID=Atsept8097.1.p1;Parent=Atsept8097^scaffold_1^-;Name="ORF type:5prime_partial (+),score=34.43"
Warning: unexpected tab character in last column, line truncated:
scaffold_1	transdecoder	gene	158841948	159050004	.	-	.	ID=Atsept8098^scaffold_1^-;Name="ORF type:5prime_partial (+),score=10.28"scaffold_1	transdecoder	mRNA	158841948	159050004	.	-	.	ID=Atsept8098.1.p1;Parent=Atsept8098^scaffold_1^-;Name="ORF type:5prime_partial (+),score=10.28"
Warning: unexpected tab character in last column, line truncated:
scaffold_1	transdecoder	gene	159602902	159606442	.	-	.	ID=Atsept8108^scaffold_1^-;Name="ORF type:5prime_partial (+),score=5.27"scaffold_1	transdecoder	mRNA	159602902	159606442	.	-	.	ID=Atsept8108.1.p5;Parent=Atsept8108^scaffold_1^-;Name="ORF type:5prime_partial (+),score=5.27"
Warning: unexpected tab character in last column, line truncated:
scaffold_1	transdecoder	gene	160558622	160561384	.	-	.	ID=Atsept8113^scaffold_1^-;Name="ORF type:complete (+),score=9.75"scaffold_1	transdecoder	mRNA	160558622	160561384	.	-	.	ID=Atsept8113.1.p3;Parent=Atsept8113^scaffold_1^-;Name="ORF type:complete (+),score=9.75"
Warning: unexpected tab character in last column, line truncated:
scaffold_1	transdecoder	gene	161463837	161477882	.	-	.	ID=Atsept8115^scaffold_1^-;Name="ORF type:complete (+),score=33.10"scaffold_1	transdecoder	mRNA	161463837	161477882	.	-	.	ID=Atsept8115.1.p1;Parent=Atsept8115^scaffold_1^-;Name="ORF type:complete (+),score=33.10"
Warning: unexpected tab character in last column, line truncated:
scaffold_1	transdecoder	gene	161741305	161747629	.	+	.	ID=Atsept8116^scaffold_1^+;Name="ORF type:complete (+),score=3.15"scaffold_1	transdecoder	mRNA	161741305	161747629	.	+	.	ID=Atsept8116.1.p3;Parent=Atsept8116^scaffold_1^+;Name="ORF type:complete (+),score=3.15"
Warning: unexpected tab character in last column, line truncated:
scaffold_1	transdecoder	gene	161737503	161751189	.	-	.	ID=Atsept8117^scaffold_1^-;Name="ORF type:complete (+),score=33.27"scaffold_1	transdecoder	mRNA	161737503	161751189	.	-	.	ID=Atsept8117.1.p2;Parent=Atsept8117^scaffold_1^-;Name="ORF type:complete (+),score=33.27"
Warning: unexpected tab character in last column, line truncated:
scaffold_1	transdecoder	gene	161808013	161811026	.	+	.	ID=Atsept8119^scaffold_1^+;Name="ORF type:complete (+),score=8.44"scaffold_1	transdecoder	mRNA	161808013	161811026	.	+	.	ID=Atsept8119.1.p2;Parent=Atsept8119^scaffold_1^+;Name="ORF type:complete (+),score=8.44"
Warning: unexpected tab character in last column, line truncated:
scaffold_1	transdecoder	gene	162199736	162200489	.	-	.	ID=Atsept8124^scaffold_1^-;Name="ORF type:complete (+),score=7.04"scaffold_1	transdecoder	mRNA	162199736	162200489	.	-	.	ID=Atsept8124.1.p1;Parent=Atsept8124^scaffold_1^-;Name="ORF type:complete (+),score=7.04"
Warning: unexpected tab character in last column, line truncated:
scaffold_1	transdecoder	gene	162532279	162533111	.	+	.	ID=Atsept8127^scaffold_1^+;Name="ORF type:complete (+),score=12.56"scaffold_1	transdecoder	mRNA	162532279	162533111	.	+	.	ID=Atsept8127.1.p3;Parent=Atsept8127^scaffold_1^+;Name="ORF type:complete (+),score=12.56"
Warning: unexpected tab character in last column, line truncated:
scaffold_1	transdecoder	gene	162696922	162709492	.	-	.	ID=Atsept8131^scaffold_1^-;Name="ORF type:complete (+),score=38.81"scaffold_1	transdecoder	mRNA	162696922	162709492	.	-	.	ID=Atsept8131.1.p2;Parent=Atsept8131^scaffold_1^-;Name="ORF type:complete (+),score=38.81"
Warning: unexpected tab character in last column, line truncated:
scaffold_1	transdecoder	gene	163004714	163007994	.	+	.	ID=Atsept8135^scaffold_1^+;Name="ORF type:complete (+),score=10.86"scaffold_1	transdecoder	mRNA	163004714	163007994	.	+	.	ID=Atsept8135.1.p4;Parent=Atsept8135^scaffold_1^+;Name="ORF type:complete (+),score=10.86"
Warning: unexpected tab character in last column, line truncated:
scaffold_1	transdecoder	gene	166525003	166535463	.	+	.	ID=Atsept8172^scaffold_1^+;Name="ORF type:complete (+),score=5.76"scaffold_1	transdecoder	mRNA	166525003	166535463	.	+	.	ID=Atsept8172.1.p1;Parent=Atsept8172^scaffold_1^+;Name="ORF type:complete (+),score=5.76"
Warning: unexpected tab character in last column, line truncated:
scaffold_1	transdecoder	gene	166792802	166803286	.	-	.	ID=Atsept8173^scaffold_1^-;Name="ORF type:complete (+),score=11.46"scaffold_1	transdecoder	mRNA	166792802	166803286	.	-	.	ID=Atsept8173.1.p2;Parent=Atsept8173^scaffold_1^-;Name="ORF type:complete (+),score=11.46"
Warning: unexpected tab character in last column, line truncated:
scaffold_1	transdecoder	gene	167312430	167330005	.	-	.	ID=Atsept8177^scaffold_1^-;Name="ORF type:complete (+),score=25.61"scaffold_1	transdecoder	mRNA	167312430	167330005	.	-	.	ID=Atsept8177.1.p2;Parent=Atsept8177^scaffold_1^-;Name="ORF type:complete (+),score=25.61"
Warning: unexpected tab character in last column, line truncated:
scaffold_1	transdecoder	gene	168155919	168174843	.	-	.	ID=Atsept8178^scaffold_1^-;Name="ORF type:complete (+),score=10.68"scaffold_1	transdecoder	mRNA	168155919	168174843	.	-	.	ID=Atsept8178.1.p1;Parent=Atsept8178^scaffold_1^-;Name="ORF type:complete (+),score=10.68"
Warning: unexpected tab character in last column, line truncated:
scaffold_1	transdecoder	gene	169176551	169180690	.	+	.	ID=Atsept8188^scaffold_1^+;Name="ORF type:complete (+),score=21.43"scaffold_1	transdecoder	mRNA	169176551	169180690	.	+	.	ID=Atsept8188.1.p1;Parent=Atsept8188^scaffold_1^+;Name="ORF type:complete (+),score=21.43"
Warning: unexpected tab character in last column, line truncated:
scaffold_1	transdecoder	gene	173031057	173032924	.	+	.	ID=Atsept8202^scaffold_1^+;Name="ORF type:complete (+),score=20.38"scaffold_1	transdecoder	mRNA	173031057	173032924	.	+	.	ID=Atsept8202.1.p1;Parent=Atsept8202^scaffold_1^+;Name="ORF type:complete (+),score=20.38"
Warning: unexpected tab character in last column, line truncated:
scaffold_1	transdecoder	gene	174212697	174216434	.	-	.	ID=Atsept8209^scaffold_1^-;Name="ORF type:complete (+),score=17.54"scaffold_1	transdecoder	mRNA	174212697	174216434	.	-	.	ID=Atsept8209.1.p1;Parent=Atsept8209^scaffold_1^-;Name="ORF type:complete (+),score=17.54"
Warning: unexpected tab character in last column, line truncated:
scaffold_1	transdecoder	gene	174252867	174320332	.	-	.	ID=Atsept8210^scaffold_1^-;Name="ORF type:complete (+),score=14.86"scaffold_1	transdecoder	mRNA	174252867	174320332	.	-	.	ID=Atsept8210.1.p2;Parent=Atsept8210^scaffold_1^-;Name="ORF type:complete (+),score=14.86"
Warning: unexpected tab character in last column, line truncated:
scaffold_1	transdecoder	gene	174407481	174435104	.	+	.	ID=Atsept8211^scaffold_1^+;Name="ORF type:complete (+),score=4.54"scaffold_1	transdecoder	mRNA	174407481	174435104	.	+	.	ID=Atsept8211.1.p4;Parent=Atsept8211^scaffold_1^+;Name="ORF type:complete (+),score=4.54"
Warning: unexpected tab character in last column, line truncated:
scaffold_1	transdecoder	gene	175693779	175713216	.	-	.	ID=Atsept8217^scaffold_1^-;Name="ORF type:5prime_partial (+),score=0.98"scaffold_1	transdecoder	mRNA	175693779	175713216	.	-	.	ID=Atsept8217.1.p6;Parent=Atsept8217^scaffold_1^-;Name="ORF type:5prime_partial (+),score=0.98"
Warning: unexpected tab character in last column, line truncated:
scaffold_1	transdecoder	gene	22285954	22310910	.	+	.	ID=Atsept8219^scaffold_1^+;Name="ORF type:5prime_partial (+),score=58.73"scaffold_1	transdecoder	mRNA	22285954	22310910	.	+	.	ID=Atsept8219.1.p1;Parent=Atsept8219^scaffold_1^+;Name="ORF type:5prime_partial (+),score=58.73"
Warning: unexpected tab character in last column, line truncated:
scaffold_1	transdecoder	gene	176808845	176836495	.	+	.	ID=Atsept8226^scaffold_1^+;Name="ORF type:complete (+),score=10.04"scaffold_1	transdecoder	mRNA	176808845	176836495	.	+	.	ID=Atsept8226.1.p2;Parent=Atsept8226^scaffold_1^+;Name="ORF type:complete (+),score=10.04"
Warning: unexpected tab character in last column, line truncated:
scaffold_1	transdecoder	gene	176970996	176972128	.	+	.	ID=Atsept8227^scaffold_1^+;Name="ORF type:5prime_partial (+),score=9.86"scaffold_1	transdecoder	mRNA	176970996	176972128	.	+	.	ID=Atsept8227.1.p1;Parent=Atsept8227^scaffold_1^+;Name="ORF type:5prime_partial (+),score=9.86"
Warning: unexpected tab character in last column, line truncated:
scaffold_1	transdecoder	gene	178932959	179008399	.	+	.	ID=Atsept8234^scaffold_1^+;Name="ORF type:complete (+),score=15.95"scaffold_1	transdecoder	mRNA	178932959	179008399	.	+	.	ID=Atsept8234.1.p2;Parent=Atsept8234^scaffold_1^+;Name="ORF type:complete (+),score=15.95"
Warning: unexpected tab character in last column, line truncated:
scaffold_1	transdecoder	gene	180251213	180352948	.	+	.	ID=Atsept8242^scaffold_1^+;Name="ORF type:complete (+),score=45.53"scaffold_1	transdecoder	mRNA	180251213	180352948	.	+	.	ID=Atsept8242.1.p1;Parent=Atsept8242^scaffold_1^+;Name="ORF type:complete (+),score=45.53"
Warning: unexpected tab character in last column, line truncated:
scaffold_1	transdecoder	gene	180870898	180874398	.	+	.	ID=Atsept8246^scaffold_1^+;Name="ORF type:5prime_partial (+),score=24.46"scaffold_1	transdecoder	mRNA	180870898	180874398	.	+	.	ID=Atsept8246.1.p2;Parent=Atsept8246^scaffold_1^+;Name="ORF type:5prime_partial (+),score=24.46"
Warning: unexpected tab character in last column, line truncated:
scaffold_1	transdecoder	gene	182011074	182027908	.	+	.	ID=Atsept8253^scaffold_1^+;Name="ORF type:complete (+),score=25.85"scaffold_1	transdecoder	mRNA	182011074	182027908	.	+	.	ID=Atsept8253.1.p1;Parent=Atsept8253^scaffold_1^+;Name="ORF type:complete (+),score=25.85"
Warning: unexpected tab character in last column, line truncated:
scaffold_1	transdecoder	gene	184641814	184654807	.	-	.	ID=Atsept8256^scaffold_1^-;Name="ORF type:complete (+),score=19.60"scaffold_1	transdecoder	mRNA	184641814	184654807	.	-	.	ID=Atsept8256.1.p1;Parent=Atsept8256^scaffold_1^-;Name="ORF type:complete (+),score=19.60"
Warning: unexpected tab character in last column, line truncated:
scaffold_1	transdecoder	gene	184699455	184700275	.	-	.	ID=Atsept8257^scaffold_1^-;Name="ORF type:5prime_partial (+),score=15.27"scaffold_1	transdecoder	mRNA	184699455	184700275	.	-	.	ID=Atsept8257.1.p1;Parent=Atsept8257^scaffold_1^-;Name="ORF type:5prime_partial (+),score=15.27"
Warning: unexpected tab character in last column, line truncated:
scaffold_1	transdecoder	gene	184704757	184707376	.	+	.	ID=Atsept8258^scaffold_1^+;Name="ORF type:complete (+),score=8.71"scaffold_1	transdecoder	mRNA	184704757	184707376	.	+	.	ID=Atsept8258.1.p2;Parent=Atsept8258^scaffold_1^+;Name="ORF type:complete (+),score=8.71"
Warning: unexpected tab character in last column, line truncated:
scaffold_1	transdecoder	gene	185303939	185306120	.	+	.	ID=Atsept8267^scaffold_1^+;Name="ORF type:complete (+),score=12.61"scaffold_1	transdecoder	mRNA	185303939	185306120	.	+	.	ID=Atsept8267.1.p3;Parent=Atsept8267^scaffold_1^+;Name="ORF type:complete (+),score=12.61"
Warning: unexpected tab character in last column, line truncated:
scaffold_1	transdecoder	gene	185545980	185546798	.	-	.	ID=Atsept8272^scaffold_1^-;Name="ORF type:complete (+),score=25.88"scaffold_1	transdecoder	mRNA	185545980	185546798	.	-	.	ID=Atsept8272.1.p1;Parent=Atsept8272^scaffold_1^-;Name="ORF type:complete (+),score=25.88"
Warning: unexpected tab character in last column, line truncated:
scaffold_1	transdecoder	gene	185571333	185572406	.	+	.	ID=Atsept8274^scaffold_1^+;Name="ORF type:complete (+),score=7.08"scaffold_1	transdecoder	mRNA	185571333	185572406	.	+	.	ID=Atsept8274.1.p1;Parent=Atsept8274^scaffold_1^+;Name="ORF type:complete (+),score=7.08"
Warning: unexpected tab character in last column, line truncated:
scaffold_1	transdecoder	gene	186495423	186501273	.	-	.	ID=Atsept8302^scaffold_1^-;Name="ORF type:complete (+),score=76.97"scaffold_1	transdecoder	mRNA	186495423	186501273	.	-	.	ID=Atsept8302.1.p1;Parent=Atsept8302^scaffold_1^-;Name="ORF type:complete (+),score=76.97"
Warning: unexpected tab character in last column, line truncated:
scaffold_1	transdecoder	gene	2758314	2765696	.	-	.	ID=Atsept8307^scaffold_1^-;Name="ORF type:complete (+),score=10.98"scaffold_1	transdecoder	mRNA	2758314	2765696	.	-	.	ID=Atsept8307.1.p2;Parent=Atsept8307^scaffold_1^-;Name="ORF type:complete (+),score=10.98"
Warning: unexpected tab character in last column, line truncated:
scaffold_1	transdecoder	gene	187315438	187386867	.	+	.	ID=Atsept8326^scaffold_1^+;Name="ORF type:5prime_partial (+),score=13.26"scaffold_1	transdecoder	mRNA	187315438	187386867	.	+	.	ID=Atsept8326.1.p4;Parent=Atsept8326^scaffold_1^+;Name="ORF type:5prime_partial (+),score=13.26"
Warning: unexpected tab character in last column, line truncated:
scaffold_1	transdecoder	gene	187420028	187423045	.	+	.	ID=Atsept8327^scaffold_1^+;Name="ORF type:complete (+),score=14.20"scaffold_1	transdecoder	mRNA	187420028	187423045	.	+	.	ID=Atsept8327.1.p1;Parent=Atsept8327^scaffold_1^+;Name="ORF type:complete (+),score=14.20"
Warning: unexpected tab character in last column, line truncated:
scaffold_1	transdecoder	gene	187764895	187771681	.	+	.	ID=Atsept8335^scaffold_1^+;Name="ORF type:complete (+),score=31.85"scaffold_1	transdecoder	mRNA	187764895	187771681	.	+	.	ID=Atsept8335.1.p2;Parent=Atsept8335^scaffold_1^+;Name="ORF type:complete (+),score=31.85"
Warning: unexpected tab character in last column, line truncated:
scaffold_1	transdecoder	gene	188197248	188200658	.	+	.	ID=Atsept8345^scaffold_1^+;Name="ORF type:complete (+),score=14.04"scaffold_1	transdecoder	mRNA	188197248	188200658	.	+	.	ID=Atsept8345.1.p1;Parent=Atsept8345^scaffold_1^+;Name="ORF type:complete (+),score=14.04"
Warning: unexpected tab character in last column, line truncated:
scaffold_1	transdecoder	gene	188429044	188436713	.	+	.	ID=Atsept8359^scaffold_1^+;Name="ORF type:complete (+),score=42.23"scaffold_1	transdecoder	mRNA	188429044	188436713	.	+	.	ID=Atsept8359.1.p1;Parent=Atsept8359^scaffold_1^+;Name="ORF type:complete (+),score=42.23"
Warning: unexpected tab character in last column, line truncated:
scaffold_1	transdecoder	gene	189128355	189130198	.	-	.	ID=Atsept8400^scaffold_1^-;Name="ORF type:complete (+),score=27.57"scaffold_1	transdecoder	mRNA	189128355	189130198	.	-	.	ID=Atsept8400.1.p2;Parent=Atsept8400^scaffold_1^-;Name="ORF type:complete (+),score=27.57"
Warning: unexpected tab character in last column, line truncated:
scaffold_1	transdecoder	gene	189132222	189133560	.	+	.	ID=Atsept8401^scaffold_1^+;Name="ORF type:complete (+),score=26.90"scaffold_1	transdecoder	mRNA	189132222	189133560	.	+	.	ID=Atsept8401.1.p2;Parent=Atsept8401^scaffold_1^+;Name="ORF type:complete (+),score=26.90"
Warning: unexpected tab character in last column, line truncated:
scaffold_1	transdecoder	gene	189144298	189148589	.	+	.	ID=Atsept8402^scaffold_1^+;Name="ORF type:complete (+),score=14.04"scaffold_1	transdecoder	mRNA	189144298	189148589	.	+	.	ID=Atsept8402.1.p3;Parent=Atsept8402^scaffold_1^+;Name="ORF type:complete (+),score=14.04"
Warning: unexpected tab character in last column, line truncated:
scaffold_1	transdecoder	gene	189147238	189148726	.	+	.	ID=Atsept8403^scaffold_1^+;Name="ORF type:complete (+),score=10.24"scaffold_1	transdecoder	mRNA	189147238	189148726	.	+	.	ID=Atsept8403.1.p3;Parent=Atsept8403^scaffold_1^+;Name="ORF type:complete (+),score=10.24"
Warning: unexpected tab character in last column, line truncated:
scaffold_1	transdecoder	gene	23202459	23232462	.	-	.	ID=Atsept8406^scaffold_1^-;Name="ORF type:5prime_partial (+),score=11.84"scaffold_1	transdecoder	mRNA	23202459	23232462	.	-	.	ID=Atsept8406.1.p3;Parent=Atsept8406^scaffold_1^-;Name="ORF type:5prime_partial (+),score=11.84"
Warning: unexpected tab character in last column, line truncated:
scaffold_1	transdecoder	gene	189285698	189297181	.	+	.	ID=Atsept8411^scaffold_1^+;Name="ORF type:complete (+),score=22.26"scaffold_1	transdecoder	mRNA	189285698	189297181	.	+	.	ID=Atsept8411.1.p2;Parent=Atsept8411^scaffold_1^+;Name="ORF type:complete (+),score=22.26"
Warning: unexpected tab character in last column, line truncated:
scaffold_1	transdecoder	gene	189398989	189405049	.	+	.	ID=Atsept8414^scaffold_1^+;Name="ORF type:complete (+),score=11.83"scaffold_1	transdecoder	mRNA	189398989	189405049	.	+	.	ID=Atsept8414.1.p2;Parent=Atsept8414^scaffold_1^+;Name="ORF type:complete (+),score=11.83"
Warning: unexpected tab character in last column, line truncated:
scaffold_1	transdecoder	gene	189494529	189507003	.	+	.	ID=Atsept8416^scaffold_1^+;Name="ORF type:complete (+),score=10.80"scaffold_1	transdecoder	mRNA	189494529	189507003	.	+	.	ID=Atsept8416.1.p1;Parent=Atsept8416^scaffold_1^+;Name="ORF type:complete (+),score=10.80"
Warning: unexpected tab character in last column, line truncated:
scaffold_1	transdecoder	gene	23320302	23381873	.	+	.	ID=Atsept8417^scaffold_1^+;Name="ORF type:complete (+),score=34.05"scaffold_1	transdecoder	mRNA	23320302	23381873	.	+	.	ID=Atsept8417.1.p2;Parent=Atsept8417^scaffold_1^+;Name="ORF type:complete (+),score=34.05"
Warning: unexpected tab character in last column, line truncated:
scaffold_1	transdecoder	gene	3209367	3221430	.	-	.	ID=Atsept8418^scaffold_1^-;Name="ORF type:complete (+),score=15.85"scaffold_1	transdecoder	mRNA	3209367	3221430	.	-	.	ID=Atsept8418.1.p1;Parent=Atsept8418^scaffold_1^-;Name="ORF type:complete (+),score=15.85"
Warning: unexpected tab character in last column, line truncated:
scaffold_1	transdecoder	gene	189489316	189497592	.	-	.	ID=Atsept8419^scaffold_1^-;Name="ORF type:5prime_partial (+),score=8.42"scaffold_1	transdecoder	mRNA	189489316	189497592	.	-	.	ID=Atsept8419.1.p1;Parent=Atsept8419^scaffold_1^-;Name="ORF type:5prime_partial (+),score=8.42"
Warning: unexpected tab character in last column, line truncated:
scaffold_1	transdecoder	gene	189620747	189627695	.	+	.	ID=Atsept8422^scaffold_1^+;Name="ORF type:complete (+),score=10.09"scaffold_1	transdecoder	mRNA	189620747	189627695	.	+	.	ID=Atsept8422.1.p1;Parent=Atsept8422^scaffold_1^+;Name="ORF type:complete (+),score=10.09"
Warning: unexpected tab character in last column, line truncated:
scaffold_1	transdecoder	gene	189788850	189796834	.	+	.	ID=Atsept8423^scaffold_1^+;Name="ORF type:complete (+),score=12.64"scaffold_1	transdecoder	mRNA	189788850	189796834	.	+	.	ID=Atsept8423.1.p2;Parent=Atsept8423^scaffold_1^+;Name="ORF type:complete (+),score=12.64"
Warning: unexpected tab character in last column, line truncated:
scaffold_1	transdecoder	gene	189734992	189738377	.	-	.	ID=Atsept8433^scaffold_1^-;Name="ORF type:5prime_partial (+),score=25.51"scaffold_1	transdecoder	mRNA	189734992	189738377	.	-	.	ID=Atsept8433.1.p1;Parent=Atsept8433^scaffold_1^-;Name="ORF type:5prime_partial (+),score=25.51"
Warning: unexpected tab character in last column, line truncated:
scaffold_1	transdecoder	gene	189964815	189969115	.	+	.	ID=Atsept8440^scaffold_1^+;Name="ORF type:5prime_partial (+),score=13.14"scaffold_1	transdecoder	mRNA	189964815	189969115	.	+	.	ID=Atsept8440.1.p1;Parent=Atsept8440^scaffold_1^+;Name="ORF type:5prime_partial (+),score=13.14"
Warning: unexpected tab character in last column, line truncated:
scaffold_1	transdecoder	gene	190108275	190121787	.	+	.	ID=Atsept8447^scaffold_1^+;Name="ORF type:complete (+),score=37.49"scaffold_1	transdecoder	mRNA	190108275	190121787	.	+	.	ID=Atsept8447.1.p1;Parent=Atsept8447^scaffold_1^+;Name="ORF type:complete (+),score=37.49"
Warning: unexpected tab character in last column, line truncated:
scaffold_1	transdecoder	gene	190268214	190281200	.	-	.	ID=Atsept8449^scaffold_1^-;Name="ORF type:complete (+),score=59.60"scaffold_1	transdecoder	mRNA	190268214	190281200	.	-	.	ID=Atsept8449.1.p1;Parent=Atsept8449^scaffold_1^-;Name="ORF type:complete (+),score=59.60"
Warning: unexpected tab character in last column, line truncated:
scaffold_1	transdecoder	gene	190300454	190312216	.	-	.	ID=Atsept8451^scaffold_1^-;Name="ORF type:complete (+),score=34.61"scaffold_1	transdecoder	mRNA	190300454	190312216	.	-	.	ID=Atsept8451.1.p1;Parent=Atsept8451^scaffold_1^-;Name="ORF type:complete (+),score=34.61"
Warning: unexpected tab character in last column, line truncated:
scaffold_1	transdecoder	gene	190334254	190386547	.	+	.	ID=Atsept8452^scaffold_1^+;Name="ORF type:complete (+),score=515.60"scaffold_1	transdecoder	mRNA	190334254	190386547	.	+	.	ID=Atsept8452.1.p1;Parent=Atsept8452^scaffold_1^+;Name="ORF type:complete (+),score=515.60"
Warning: unexpected tab character in last column, line truncated:
scaffold_1	transdecoder	gene	190325386	190334415	.	-	.	ID=Atsept8453^scaffold_1^-;Name="ORF type:complete (+),score=22.20"scaffold_1	transdecoder	mRNA	190325386	190334415	.	-	.	ID=Atsept8453.1.p1;Parent=Atsept8453^scaffold_1^-;Name="ORF type:complete (+),score=22.20"
Warning: unexpected tab character in last column, line truncated:
scaffold_1	transdecoder	gene	190381052	190388912	.	-	.	ID=Atsept8454^scaffold_1^-;Name="ORF type:complete (+),score=50.38"scaffold_1	transdecoder	mRNA	190381052	190388912	.	-	.	ID=Atsept8454.1.p1;Parent=Atsept8454^scaffold_1^-;Name="ORF type:complete (+),score=50.38"
Warning: unexpected tab character in last column, line truncated:
scaffold_1	transdecoder	gene	190451978	190456196	.	-	.	ID=Atsept8458^scaffold_1^-;Name="ORF type:complete (+),score=57.94"scaffold_1	transdecoder	mRNA	190451978	190456196	.	-	.	ID=Atsept8458.1.p1;Parent=Atsept8458^scaffold_1^-;Name="ORF type:complete (+),score=57.94"
Warning: unexpected tab character in last column, line truncated:
scaffold_1	transdecoder	gene	190468460	190473104	.	+	.	ID=Atsept8459^scaffold_1^+;Name="ORF type:complete (+),score=90.70"scaffold_1	transdecoder	mRNA	190468460	190473104	.	+	.	ID=Atsept8459.1.p1;Parent=Atsept8459^scaffold_1^+;Name="ORF type:complete (+),score=90.70"
Warning: unexpected tab character in last column, line truncated:
scaffold_1	transdecoder	gene	190462081	190468537	.	-	.	ID=Atsept8460^scaffold_1^-;Name="ORF type:complete (+),score=200.43"scaffold_1	transdecoder	mRNA	190462081	190468537	.	-	.	ID=Atsept8460.1.p1;Parent=Atsept8460^scaffold_1^-;Name="ORF type:complete (+),score=200.43"
Warning: unexpected tab character in last column, line truncated:
scaffold_1	transdecoder	gene	190698951	190706733	.	+	.	ID=Atsept8473^scaffold_1^+;Name="ORF type:complete (+),score=48.58"scaffold_1	transdecoder	mRNA	190698951	190706733	.	+	.	ID=Atsept8473.1.p1;Parent=Atsept8473^scaffold_1^+;Name="ORF type:complete (+),score=48.58"
Warning: unexpected tab character in last column, line truncated:
scaffold_1	transdecoder	gene	191049035	191053880	.	+	.	ID=Atsept8495^scaffold_1^+;Name="ORF type:complete (+),score=93.62"scaffold_1	transdecoder	mRNA	191049035	191053880	.	+	.	ID=Atsept8495.1.p1;Parent=Atsept8495^scaffold_1^+;Name="ORF type:complete (+),score=93.62"
Warning: unexpected tab character in last column, line truncated:
scaffold_1	transdecoder	gene	191120705	191121933	.	+	.	ID=Atsept8496^scaffold_1^+;Name="ORF type:3prime_partial (-),score=11.33"scaffold_1	transdecoder	mRNA	191120705	191121933	.	+	.	ID=Atsept8496.1.p6;Parent=Atsept8496^scaffold_1^+;Name="ORF type:3prime_partial (-),score=11.33"
Warning: unexpected tab character in last column, line truncated:
scaffold_1	transdecoder	gene	191120705	191121933	.	-	.	ID=Atsept8496^scaffold_1^-;Name="ORF type:complete (+),score=1.29"scaffold_1	transdecoder	mRNA	191120705	191121933	.	-	.	ID=Atsept8496.1.p1;Parent=Atsept8496^scaffold_1^-;Name="ORF type:complete (+),score=1.29"
Warning: unexpected tab character in last column, line truncated:
scaffold_1	transdecoder	gene	191136211	191142115	.	+	.	ID=Atsept8498^scaffold_1^+;Name="ORF type:complete (+),score=3.70"scaffold_1	transdecoder	mRNA	191136211	191142115	.	+	.	ID=Atsept8498.1.p1;Parent=Atsept8498^scaffold_1^+;Name="ORF type:complete (+),score=3.70"
Warning: unexpected tab character in last column, line truncated:
scaffold_1	transdecoder	gene	191175148	191179933	.	+	.	ID=Atsept8499^scaffold_1^+;Name="ORF type:complete (+),score=154.35"scaffold_1	transdecoder	mRNA	191175148	191179933	.	+	.	ID=Atsept8499.1.p1;Parent=Atsept8499^scaffold_1^+;Name="ORF type:complete (+),score=154.35"
Warning: unexpected tab character in last column, line truncated:
scaffold_1	transdecoder	gene	191193245	191203515	.	-	.	ID=Atsept8501^scaffold_1^-;Name="ORF type:5prime_partial (+),score=45.88"scaffold_1	transdecoder	mRNA	191193245	191203515	.	-	.	ID=Atsept8501.1.p1;Parent=Atsept8501^scaffold_1^-;Name="ORF type:5prime_partial (+),score=45.88"
Warning: unexpected tab character in last column, line truncated:
scaffold_1	transdecoder	gene	191355343	191359558	.	-	.	ID=Atsept8508^scaffold_1^-;Name="ORF type:complete (+),score=87.98"scaffold_1	transdecoder	mRNA	191355343	191359558	.	-	.	ID=Atsept8508.1.p1;Parent=Atsept8508^scaffold_1^-;Name="ORF type:complete (+),score=87.98"
Warning: unexpected tab character in last column, line truncated:
scaffold_1	transdecoder	gene	191362898	191364341	.	+	.	ID=Atsept8509^scaffold_1^+;Name="ORF type:complete (+),score=115.38"scaffold_1	transdecoder	mRNA	191362898	191364341	.	+	.	ID=Atsept8509.1.p1;Parent=Atsept8509^scaffold_1^+;Name="ORF type:complete (+),score=115.38"
Warning: unexpected tab character in last column, line truncated:
scaffold_1	transdecoder	gene	191371820	191380148	.	+	.	ID=Atsept8510^scaffold_1^+;Name="ORF type:complete (+),score=117.00"scaffold_1	transdecoder	mRNA	191371820	191380148	.	+	.	ID=Atsept8510.1.p1;Parent=Atsept8510^scaffold_1^+;Name="ORF type:complete (+),score=117.00"
Warning: unexpected tab character in last column, line truncated:
scaffold_1	transdecoder	gene	191580301	191586934	.	+	.	ID=Atsept8524^scaffold_1^+;Name="ORF type:complete (+),score=135.48"scaffold_1	transdecoder	mRNA	191580301	191586934	.	+	.	ID=Atsept8524.1.p1;Parent=Atsept8524^scaffold_1^+;Name="ORF type:complete (+),score=135.48"
Warning: unexpected tab character in last column, line truncated:
scaffold_1	transdecoder	gene	191591746	191602700	.	+	.	ID=Atsept8525^scaffold_1^+;Name="ORF type:complete (+),score=6.93"scaffold_1	transdecoder	mRNA	191591746	191602700	.	+	.	ID=Atsept8525.1.p11;Parent=Atsept8525^scaffold_1^+;Name="ORF type:complete (+),score=6.93"
Warning: unexpected tab character in last column, line truncated:
scaffold_1	transdecoder	gene	191624512	191629773	.	-	.	ID=Atsept8527^scaffold_1^-;Name="ORF type:complete (+),score=15.62"scaffold_1	transdecoder	mRNA	191624512	191629773	.	-	.	ID=Atsept8527.1.p3;Parent=Atsept8527^scaffold_1^-;Name="ORF type:complete (+),score=15.62"
Warning: unexpected tab character in last column, line truncated:
scaffold_1	transdecoder	gene	191647166	191653136	.	+	.	ID=Atsept8530^scaffold_1^+;Name="ORF type:complete (+),score=2.34"scaffold_1	transdecoder	mRNA	191647166	191653136	.	+	.	ID=Atsept8530.1.p8;Parent=Atsept8530^scaffold_1^+;Name="ORF type:complete (+),score=2.34"
Warning: unexpected tab character in last column, line truncated:
scaffold_1	transdecoder	gene	191653138	191661905	.	+	.	ID=Atsept8531^scaffold_1^+;Name="ORF type:5prime_partial (+),score=162.11"scaffold_1	transdecoder	mRNA	191653138	191661905	.	+	.	ID=Atsept8531.1.p1;Parent=Atsept8531^scaffold_1^+;Name="ORF type:5prime_partial (+),score=162.11"
Warning: unexpected tab character in last column, line truncated:
scaffold_1	transdecoder	gene	191673614	191674074	.	-	.	ID=Atsept8532^scaffold_1^-;Name="ORF type:complete (+),score=8.60"scaffold_1	transdecoder	mRNA	191673614	191674074	.	-	.	ID=Atsept8532.1.p1;Parent=Atsept8532^scaffold_1^-;Name="ORF type:complete (+),score=8.60"
Warning: unexpected tab character in last column, line truncated:
scaffold_1	transdecoder	gene	191692173	191693942	.	+	.	ID=Atsept8534^scaffold_1^+;Name="ORF type:complete (+),score=126.74"scaffold_1	transdecoder	mRNA	191692173	191693942	.	+	.	ID=Atsept8534.1.p1;Parent=Atsept8534^scaffold_1^+;Name="ORF type:complete (+),score=126.74"
Warning: unexpected tab character in last column, line truncated:
scaffold_1	transdecoder	gene	191716208	191740293	.	-	.	ID=Atsept8536^scaffold_1^-;Name="ORF type:5prime_partial (+),score=115.26"scaffold_1	transdecoder	mRNA	191716208	191740293	.	-	.	ID=Atsept8536.1.p1;Parent=Atsept8536^scaffold_1^-;Name="ORF type:5prime_partial (+),score=115.26"
Warning: unexpected tab character in last column, line truncated:
scaffold_1	transdecoder	gene	191740295	191748780	.	-	.	ID=Atsept8537^scaffold_1^-;Name="ORF type:complete (+),score=249.12"scaffold_1	transdecoder	mRNA	191740295	191748780	.	-	.	ID=Atsept8537.1.p1;Parent=Atsept8537^scaffold_1^-;Name="ORF type:complete (+),score=249.12"
Warning: unexpected tab character in last column, line truncated:
scaffold_1	transdecoder	gene	191795851	191800969	.	-	.	ID=Atsept8538^scaffold_1^-;Name="ORF type:complete (+),score=192.08"scaffold_1	transdecoder	mRNA	191795851	191800969	.	-	.	ID=Atsept8538.1.p1;Parent=Atsept8538^scaffold_1^-;Name="ORF type:complete (+),score=192.08"
Warning: unexpected tab character in last column, line truncated:
scaffold_1	transdecoder	gene	23803640	23807640	.	+	.	ID=Atsept8540^scaffold_1^+;Name="ORF type:complete (+),score=15.29"scaffold_1	transdecoder	mRNA	23803640	23807640	.	+	.	ID=Atsept8540.1.p2;Parent=Atsept8540^scaffold_1^+;Name="ORF type:complete (+),score=15.29"
Warning: unexpected tab character in last column, line truncated:
scaffold_1	transdecoder	gene	191892253	191896027	.	+	.	ID=Atsept8543^scaffold_1^+;Name="ORF type:complete (+),score=172.02"scaffold_1	transdecoder	mRNA	191892253	191896027	.	+	.	ID=Atsept8543.1.p1;Parent=Atsept8543^scaffold_1^+;Name="ORF type:complete (+),score=172.02"
Warning: unexpected tab character in last column, line truncated:
scaffold_1	transdecoder	gene	192388000	192397426	.	+	.	ID=Atsept8560^scaffold_1^+;Name="ORF type:complete (+),score=117.00"scaffold_1	transdecoder	mRNA	192388000	192397426	.	+	.	ID=Atsept8560.1.p1;Parent=Atsept8560^scaffold_1^+;Name="ORF type:complete (+),score=117.00"
Warning: unexpected tab character in last column, line truncated:
scaffold_1	transdecoder	gene	192467215	192476565	.	-	.	ID=Atsept8564^scaffold_1^-;Name="ORF type:5prime_partial (+),score=5.55"scaffold_1	transdecoder	mRNA	192467215	192476565	.	-	.	ID=Atsept8564.1.p9;Parent=Atsept8564^scaffold_1^-;Name="ORF type:5prime_partial (+),score=5.55"
Warning: unexpected tab character in last column, line truncated:
scaffold_1	transdecoder	gene	192482815	192514645	.	-	.	ID=Atsept8565^scaffold_1^-;Name="ORF type:complete (+),score=145.04"scaffold_1	transdecoder	mRNA	192482815	192514645	.	-	.	ID=Atsept8565.1.p1;Parent=Atsept8565^scaffold_1^-;Name="ORF type:complete (+),score=145.04"
Warning: unexpected tab character in last column, line truncated:
scaffold_1	transdecoder	gene	192496963	192498593	.	-	.	ID=Atsept8566^scaffold_1^-;Name="ORF type:complete (+),score=125.71"scaffold_1	transdecoder	mRNA	192496963	192498593	.	-	.	ID=Atsept8566.1.p1;Parent=Atsept8566^scaffold_1^-;Name="ORF type:complete (+),score=125.71"
Warning: unexpected tab character in last column, line truncated:
scaffold_1	transdecoder	gene	192531324	192533064	.	-	.	ID=Atsept8567^scaffold_1^-;Name="ORF type:complete (+),score=152.29"scaffold_1	transdecoder	mRNA	192531324	192533064	.	-	.	ID=Atsept8567.1.p1;Parent=Atsept8567^scaffold_1^-;Name="ORF type:complete (+),score=152.29"
Warning: unexpected tab character in last column, line truncated:
scaffold_1	transdecoder	gene	192569860	192572946	.	-	.	ID=Atsept8569^scaffold_1^-;Name="ORF type:complete (+),score=304.20"scaffold_1	transdecoder	mRNA	192569860	192572946	.	-	.	ID=Atsept8569.1.p1;Parent=Atsept8569^scaffold_1^-;Name="ORF type:complete (+),score=304.20"
Warning: unexpected tab character in last column, line truncated:
scaffold_1	transdecoder	gene	193025367	193032287	.	-	.	ID=Atsept8580^scaffold_1^-;Name="ORF type:3prime_partial (+),score=6.68"scaffold_1	transdecoder	mRNA	193025367	193032287	.	-	.	ID=Atsept8580.1.p14;Parent=Atsept8580^scaffold_1^-;Name="ORF type:3prime_partial (+),score=6.68"
Warning: unexpected tab character in last column, line truncated:
scaffold_1	transdecoder	gene	193066211	193073114	.	+	.	ID=Atsept8583^scaffold_1^+;Name="ORF type:complete (+),score=89.03"scaffold_1	transdecoder	mRNA	193066211	193073114	.	+	.	ID=Atsept8583.1.p1;Parent=Atsept8583^scaffold_1^+;Name="ORF type:complete (+),score=89.03"
Warning: unexpected tab character in last column, line truncated:
scaffold_1	transdecoder	gene	24278946	24283385	.	+	.	ID=Atsept8596^scaffold_1^+;Name="ORF type:complete (+),score=29.95"scaffold_1	transdecoder	mRNA	24278946	24283385	.	+	.	ID=Atsept8596.1.p1;Parent=Atsept8596^scaffold_1^+;Name="ORF type:complete (+),score=29.95"
Warning: unexpected tab character in last column, line truncated:
scaffold_1	transdecoder	gene	193748698	193751069	.	-	.	ID=Atsept8616^scaffold_1^-;Name="ORF type:complete (+),score=120.07"scaffold_1	transdecoder	mRNA	193748698	193751069	.	-	.	ID=Atsept8616.1.p1;Parent=Atsept8616^scaffold_1^-;Name="ORF type:complete (+),score=120.07"
Warning: unexpected tab character in last column, line truncated:
scaffold_1	transdecoder	gene	24500144	24501927	.	+	.	ID=Atsept8618^scaffold_1^+;Name="ORF type:complete (+),score=24.35"scaffold_1	transdecoder	mRNA	24500144	24501927	.	+	.	ID=Atsept8618.1.p1;Parent=Atsept8618^scaffold_1^+;Name="ORF type:complete (+),score=24.35"
Warning: unexpected tab character in last column, line truncated:
scaffold_1	transdecoder	gene	194830319	194847185	.	-	.	ID=Atsept8658^scaffold_1^-;Name="ORF type:complete (+),score=6.43"scaffold_1	transdecoder	mRNA	194830319	194847185	.	-	.	ID=Atsept8658.1.p2;Parent=Atsept8658^scaffold_1^-;Name="ORF type:complete (+),score=6.43"
Warning: unexpected tab character in last column, line truncated:
scaffold_1	transdecoder	gene	194961337	194974179	.	+	.	ID=Atsept8664^scaffold_1^+;Name="ORF type:complete (+),score=21.96"scaffold_1	transdecoder	mRNA	194961337	194974179	.	+	.	ID=Atsept8664.1.p1;Parent=Atsept8664^scaffold_1^+;Name="ORF type:complete (+),score=21.96"
Warning: unexpected tab character in last column, line truncated:
scaffold_1	transdecoder	gene	195306665	195310062	.	-	.	ID=Atsept8673^scaffold_1^-;Name="ORF type:complete (+),score=110.77"scaffold_1	transdecoder	mRNA	195306665	195310062	.	-	.	ID=Atsept8673.1.p1;Parent=Atsept8673^scaffold_1^-;Name="ORF type:complete (+),score=110.77"
Warning: unexpected tab character in last column, line truncated:
scaffold_1	transdecoder	gene	195878810	195884438	.	+	.	ID=Atsept8706^scaffold_1^+;Name="ORF type:complete (+),score=39.74"scaffold_1	transdecoder	mRNA	195878810	195884438	.	+	.	ID=Atsept8706.1.p1;Parent=Atsept8706^scaffold_1^+;Name="ORF type:complete (+),score=39.74"
Warning: unexpected tab character in last column, line truncated:
scaffold_1	transdecoder	gene	195888933	195896418	.	-	.	ID=Atsept8708^scaffold_1^-;Name="ORF type:complete (+),score=16.26"scaffold_1	transdecoder	mRNA	195888933	195896418	.	-	.	ID=Atsept8708.1.p1;Parent=Atsept8708^scaffold_1^-;Name="ORF type:complete (+),score=16.26"
Warning: unexpected tab character in last column, line truncated:
scaffold_1	transdecoder	gene	196006768	196009781	.	-	.	ID=Atsept8714^scaffold_1^-;Name="ORF type:complete (+),score=43.27"scaffold_1	transdecoder	mRNA	196006768	196009781	.	-	.	ID=Atsept8714.1.p1;Parent=Atsept8714^scaffold_1^-;Name="ORF type:complete (+),score=43.27"
Warning: unexpected tab character in last column, line truncated:
scaffold_1	transdecoder	gene	196424148	196433207	.	+	.	ID=Atsept8724^scaffold_1^+;Name="ORF type:complete (+),score=13.98"scaffold_1	transdecoder	mRNA	196424148	196433207	.	+	.	ID=Atsept8724.1.p3;Parent=Atsept8724^scaffold_1^+;Name="ORF type:complete (+),score=13.98"
Warning: unexpected tab character in last column, line truncated:
scaffold_1	transdecoder	gene	196619425	196623338	.	+	.	ID=Atsept8730^scaffold_1^+;Name="ORF type:complete (+),score=10.43"scaffold_1	transdecoder	mRNA	196619425	196623338	.	+	.	ID=Atsept8730.1.p1;Parent=Atsept8730^scaffold_1^+;Name="ORF type:complete (+),score=10.43"
Warning: unexpected tab character in last column, line truncated:
scaffold_1	transdecoder	gene	196761544	196763841	.	+	.	ID=Atsept8736^scaffold_1^+;Name="ORF type:complete (+),score=31.89"scaffold_1	transdecoder	mRNA	196761544	196763841	.	+	.	ID=Atsept8736.1.p2;Parent=Atsept8736^scaffold_1^+;Name="ORF type:complete (+),score=31.89"
Warning: unexpected tab character in last column, line truncated:
scaffold_1	transdecoder	gene	196808295	196811972	.	+	.	ID=Atsept8738^scaffold_1^+;Name="ORF type:complete (+),score=21.74"scaffold_1	transdecoder	mRNA	196808295	196811972	.	+	.	ID=Atsept8738.1.p1;Parent=Atsept8738^scaffold_1^+;Name="ORF type:complete (+),score=21.74"
Warning: unexpected tab character in last column, line truncated:
scaffold_1	transdecoder	gene	196777946	196780320	.	-	.	ID=Atsept8741^scaffold_1^-;Name="ORF type:complete (+),score=21.41"scaffold_1	transdecoder	mRNA	196777946	196780320	.	-	.	ID=Atsept8741.1.p2;Parent=Atsept8741^scaffold_1^-;Name="ORF type:complete (+),score=21.41"
Warning: unexpected tab character in last column, line truncated:
scaffold_1	transdecoder	gene	197009092	197012412	.	-	.	ID=Atsept8747^scaffold_1^-;Name="ORF type:complete (+),score=10.14"scaffold_1	transdecoder	mRNA	197009092	197012412	.	-	.	ID=Atsept8747.1.p3;Parent=Atsept8747^scaffold_1^-;Name="ORF type:complete (+),score=10.14"
Warning: unexpected tab character in last column, line truncated:
scaffold_1	transdecoder	gene	197200343	197206763	.	-	.	ID=Atsept8752^scaffold_1^-;Name="ORF type:complete (+),score=16.54"scaffold_1	transdecoder	mRNA	197200343	197206763	.	-	.	ID=Atsept8752.1.p1;Parent=Atsept8752^scaffold_1^-;Name="ORF type:complete (+),score=16.54"
Warning: unexpected tab character in last column, line truncated:
scaffold_1	transdecoder	gene	197223420	197234406	.	-	.	ID=Atsept8755^scaffold_1^-;Name="ORF type:complete (+),score=16.00"scaffold_1	transdecoder	mRNA	197223420	197234406	.	-	.	ID=Atsept8755.1.p1;Parent=Atsept8755^scaffold_1^-;Name="ORF type:complete (+),score=16.00"
Warning: unexpected tab character in last column, line truncated:
scaffold_1	transdecoder	gene	197264339	197265916	.	-	.	ID=Atsept8759^scaffold_1^-;Name="ORF type:complete (+),score=23.08"scaffold_1	transdecoder	mRNA	197264339	197265916	.	-	.	ID=Atsept8759.1.p2;Parent=Atsept8759^scaffold_1^-;Name="ORF type:complete (+),score=23.08"
Warning: unexpected tab character in last column, line truncated:
scaffold_1	transdecoder	gene	197432067	197436947	.	-	.	ID=Atsept8769^scaffold_1^-;Name="ORF type:complete (+),score=13.91"scaffold_1	transdecoder	mRNA	197432067	197436947	.	-	.	ID=Atsept8769.1.p4;Parent=Atsept8769^scaffold_1^-;Name="ORF type:complete (+),score=13.91"
Warning: unexpected tab character in last column, line truncated:
scaffold_1	transdecoder	gene	197532694	197549269	.	+	.	ID=Atsept8773^scaffold_1^+;Name="ORF type:complete (+),score=149.29"scaffold_1	transdecoder	mRNA	197532694	197549269	.	+	.	ID=Atsept8773.1.p1;Parent=Atsept8773^scaffold_1^+;Name="ORF type:complete (+),score=149.29"
Warning: unexpected tab character in last column, line truncated:
scaffold_1	transdecoder	gene	197588830	197589297	.	+	.	ID=Atsept8775^scaffold_1^+;Name="ORF type:complete (+),score=11.72"scaffold_1	transdecoder	mRNA	197588830	197589297	.	+	.	ID=Atsept8775.1.p1;Parent=Atsept8775^scaffold_1^+;Name="ORF type:complete (+),score=11.72"
Warning: unexpected tab character in last column, line truncated:
scaffold_1	transdecoder	gene	197577403	197586194	.	-	.	ID=Atsept8776^scaffold_1^-;Name="ORF type:complete (+),score=115.12"scaffold_1	transdecoder	mRNA	197577403	197586194	.	-	.	ID=Atsept8776.1.p1;Parent=Atsept8776^scaffold_1^-;Name="ORF type:complete (+),score=115.12"
Warning: unexpected tab character in last column, line truncated:
scaffold_1	transdecoder	gene	197603444	197626846	.	-	.	ID=Atsept8779^scaffold_1^-;Name="ORF type:complete (+),score=91.73"scaffold_1	transdecoder	mRNA	197603444	197626846	.	-	.	ID=Atsept8779.1.p1;Parent=Atsept8779^scaffold_1^-;Name="ORF type:complete (+),score=91.73"
Warning: unexpected tab character in last column, line truncated:
scaffold_1	transdecoder	gene	197775596	197778841	.	-	.	ID=Atsept8787^scaffold_1^-;Name="ORF type:complete (+),score=20.09"scaffold_1	transdecoder	mRNA	197775596	197778841	.	-	.	ID=Atsept8787.1.p1;Parent=Atsept8787^scaffold_1^-;Name="ORF type:complete (+),score=20.09"
Warning: unexpected tab character in last column, line truncated:
scaffold_1	transdecoder	gene	198128431	198155087	.	-	.	ID=Atsept8809^scaffold_1^-;Name="ORF type:complete (+),score=59.26"scaffold_1	transdecoder	mRNA	198128431	198155087	.	-	.	ID=Atsept8809.1.p1;Parent=Atsept8809^scaffold_1^-;Name="ORF type:complete (+),score=59.26"
Warning: unexpected tab character in last column, line truncated:
scaffold_1	transdecoder	gene	25935705	25940014	.	-	.	ID=Atsept8810^scaffold_1^-;Name="ORF type:complete (+),score=15.39"scaffold_1	transdecoder	mRNA	25935705	25940014	.	-	.	ID=Atsept8810.1.p2;Parent=Atsept8810^scaffold_1^-;Name="ORF type:complete (+),score=15.39"
Warning: unexpected tab character in last column, line truncated:
scaffold_1	transdecoder	gene	198179853	198185750	.	-	.	ID=Atsept8812^scaffold_1^-;Name="ORF type:complete (+),score=80.92"scaffold_1	transdecoder	mRNA	198179853	198185750	.	-	.	ID=Atsept8812.1.p1;Parent=Atsept8812^scaffold_1^-;Name="ORF type:complete (+),score=80.92"
Warning: unexpected tab character in last column, line truncated:
scaffold_1	transdecoder	gene	198346063	198348371	.	+	.	ID=Atsept8826^scaffold_1^+;Name="ORF type:complete (+),score=49.21"scaffold_1	transdecoder	mRNA	198346063	198348371	.	+	.	ID=Atsept8826.1.p1;Parent=Atsept8826^scaffold_1^+;Name="ORF type:complete (+),score=49.21"
Warning: unexpected tab character in last column, line truncated:
scaffold_1	transdecoder	gene	198390658	198393266	.	-	.	ID=Atsept8831^scaffold_1^-;Name="ORF type:3prime_partial (+),score=7.04"scaffold_1	transdecoder	mRNA	198390658	198393266	.	-	.	ID=Atsept8831.1.p2;Parent=Atsept8831^scaffold_1^-;Name="ORF type:3prime_partial (+),score=7.04"
Warning: unexpected tab character in last column, line truncated:
scaffold_1	transdecoder	gene	198490397	198490872	.	+	.	ID=Atsept8839^scaffold_1^+;Name="ORF type:complete (+),score=5.97"scaffold_1	transdecoder	mRNA	198490397	198490872	.	+	.	ID=Atsept8839.1.p1;Parent=Atsept8839^scaffold_1^+;Name="ORF type:complete (+),score=5.97"
Warning: unexpected tab character in last column, line truncated:
scaffold_1	transdecoder	gene	198490397	198490872	.	-	.	ID=Atsept8839^scaffold_1^-;Name="ORF type:5prime_partial (-),score=5.21"scaffold_1	transdecoder	mRNA	198490397	198490872	.	-	.	ID=Atsept8839.1.p2;Parent=Atsept8839^scaffold_1^-;Name="ORF type:5prime_partial (-),score=5.21"
Warning: unexpected tab character in last column, line truncated:
scaffold_1	transdecoder	gene	198533268	198540004	.	-	.	ID=Atsept8845^scaffold_1^-;Name="ORF type:complete (+),score=8.53"scaffold_1	transdecoder	mRNA	198533268	198540004	.	-	.	ID=Atsept8845.1.p9;Parent=Atsept8845^scaffold_1^-;Name="ORF type:complete (+),score=8.53"
Warning: unexpected tab character in last column, line truncated:
scaffold_1	transdecoder	gene	198723493	198728675	.	-	.	ID=Atsept8856^scaffold_1^-;Name="ORF type:5prime_partial (+),score=71.29"scaffold_1	transdecoder	mRNA	198723493	198728675	.	-	.	ID=Atsept8856.1.p1;Parent=Atsept8856^scaffold_1^-;Name="ORF type:5prime_partial (+),score=71.29"
Warning: unexpected tab character in last column, line truncated:
scaffold_1	transdecoder	gene	199352219	199355133	.	-	.	ID=Atsept8884^scaffold_1^-;Name="ORF type:complete (+),score=10.41"scaffold_1	transdecoder	mRNA	199352219	199355133	.	-	.	ID=Atsept8884.1.p8;Parent=Atsept8884^scaffold_1^-;Name="ORF type:complete (+),score=10.41"
Warning: unexpected tab character in last column, line truncated:
scaffold_1	transdecoder	gene	199619979	199628037	.	+	.	ID=Atsept8902^scaffold_1^+;Name="ORF type:complete (+),score=17.52"scaffold_1	transdecoder	mRNA	199619979	199628037	.	+	.	ID=Atsept8902.1.p4;Parent=Atsept8902^scaffold_1^+;Name="ORF type:complete (+),score=17.52"
Warning: unexpected tab character in last column, line truncated:
scaffold_1	transdecoder	gene	199771293	199778428	.	+	.	ID=Atsept8907^scaffold_1^+;Name="ORF type:complete (+),score=16.80"scaffold_1	transdecoder	mRNA	199771293	199778428	.	+	.	ID=Atsept8907.1.p2;Parent=Atsept8907^scaffold_1^+;Name="ORF type:complete (+),score=16.80"
Warning: unexpected tab character in last column, line truncated:
scaffold_1	transdecoder	gene	199876993	199877302	.	-	.	ID=Atsept8912^scaffold_1^-;Name="ORF type:complete (+),score=12.78"scaffold_1	transdecoder	mRNA	199876993	199877302	.	-	.	ID=Atsept8912.1.p1;Parent=Atsept8912^scaffold_1^-;Name="ORF type:complete (+),score=12.78"
Warning: unexpected tab character in last column, line truncated:
scaffold_1	transdecoder	gene	199883661	199884148	.	-	.	ID=Atsept8914^scaffold_1^-;Name="ORF type:complete (+),score=14.84"scaffold_1	transdecoder	mRNA	199883661	199884148	.	-	.	ID=Atsept8914.1.p1;Parent=Atsept8914^scaffold_1^-;Name="ORF type:complete (+),score=14.84"
Warning: unexpected tab character in last column, line truncated:
scaffold_1	transdecoder	gene	200125218	200134355	.	+	.	ID=Atsept8927^scaffold_1^+;Name="ORF type:complete (+),score=207.17"scaffold_1	transdecoder	mRNA	200125218	200134355	.	+	.	ID=Atsept8927.1.p1;Parent=Atsept8927^scaffold_1^+;Name="ORF type:complete (+),score=207.17"
Warning: unexpected tab character in last column, line truncated:
scaffold_1	transdecoder	gene	200139077	200140785	.	+	.	ID=Atsept8929^scaffold_1^+;Name="ORF type:complete (+),score=81.40"scaffold_1	transdecoder	mRNA	200139077	200140785	.	+	.	ID=Atsept8929.1.p1;Parent=Atsept8929^scaffold_1^+;Name="ORF type:complete (+),score=81.40"
Warning: unexpected tab character in last column, line truncated:
scaffold_1	transdecoder	gene	200139077	200140785	.	-	.	ID=Atsept8929^scaffold_1^-;Name="ORF type:complete (-),score=8.64"scaffold_1	transdecoder	mRNA	200139077	200140785	.	-	.	ID=Atsept8929.1.p4;Parent=Atsept8929^scaffold_1^-;Name="ORF type:complete (-),score=8.64"
Warning: unexpected tab character in last column, line truncated:
scaffold_1	transdecoder	gene	200159937	200165301	.	+	.	ID=Atsept8931^scaffold_1^+;Name="ORF type:complete (+),score=133.12"scaffold_1	transdecoder	mRNA	200159937	200165301	.	+	.	ID=Atsept8931.1.p1;Parent=Atsept8931^scaffold_1^+;Name="ORF type:complete (+),score=133.12"
Warning: unexpected tab character in last column, line truncated:
scaffold_1	transdecoder	gene	201373549	201384800	.	+	.	ID=Atsept9001^scaffold_1^+;Name="ORF type:5prime_partial (+),score=42.98"scaffold_1	transdecoder	mRNA	201373549	201384800	.	+	.	ID=Atsept9001.1.p1;Parent=Atsept9001^scaffold_1^+;Name="ORF type:5prime_partial (+),score=42.98"
Warning: unexpected tab character in last column, line truncated:
scaffold_1	transdecoder	gene	201721714	201723469	.	+	.	ID=Atsept9022^scaffold_1^+;Name="ORF type:complete (+),score=14.92"scaffold_1	transdecoder	mRNA	201721714	201723469	.	+	.	ID=Atsept9022.1.p1;Parent=Atsept9022^scaffold_1^+;Name="ORF type:complete (+),score=14.92"
Warning: unexpected tab character in last column, line truncated:
scaffold_1	transdecoder	gene	202180538	202190273	.	+	.	ID=Atsept9041^scaffold_1^+;Name="ORF type:5prime_partial (+),score=86.84"scaffold_1	transdecoder	mRNA	202180538	202190273	.	+	.	ID=Atsept9041.1.p1;Parent=Atsept9041^scaffold_1^+;Name="ORF type:5prime_partial (+),score=86.84"
Warning: unexpected tab character in last column, line truncated:
scaffold_1	transdecoder	gene	202312042	202332199	.	-	.	ID=Atsept9051^scaffold_1^-;Name="ORF type:complete (+),score=117.30"scaffold_1	transdecoder	mRNA	202312042	202332199	.	-	.	ID=Atsept9051.1.p1;Parent=Atsept9051^scaffold_1^-;Name="ORF type:complete (+),score=117.30"
Warning: unexpected tab character in last column, line truncated:
scaffold_1	transdecoder	gene	202426037	202435511	.	-	.	ID=Atsept9056^scaffold_1^-;Name="ORF type:complete (+),score=147.60"scaffold_1	transdecoder	mRNA	202426037	202435511	.	-	.	ID=Atsept9056.1.p1;Parent=Atsept9056^scaffold_1^-;Name="ORF type:complete (+),score=147.60"
Warning: unexpected tab character in last column, line truncated:
scaffold_1	transdecoder	gene	202443097	202452507	.	-	.	ID=Atsept9058^scaffold_1^-;Name="ORF type:complete (+),score=166.91"scaffold_1	transdecoder	mRNA	202443097	202452507	.	-	.	ID=Atsept9058.1.p1;Parent=Atsept9058^scaffold_1^-;Name="ORF type:complete (+),score=166.91"
Warning: unexpected tab character in last column, line truncated:
scaffold_1	transdecoder	gene	202954487	202971707	.	+	.	ID=Atsept9097^scaffold_1^+;Name="ORF type:complete (+),score=88.72"scaffold_1	transdecoder	mRNA	202954487	202971707	.	+	.	ID=Atsept9097.1.p2;Parent=Atsept9097^scaffold_1^+;Name="ORF type:complete (+),score=88.72"
Warning: unexpected tab character in last column, line truncated:
scaffold_1	transdecoder	gene	203193822	203199080	.	-	.	ID=Atsept9113^scaffold_1^-;Name="ORF type:complete (+),score=153.15"scaffold_1	transdecoder	mRNA	203193822	203199080	.	-	.	ID=Atsept9113.1.p1;Parent=Atsept9113^scaffold_1^-;Name="ORF type:complete (+),score=153.15"
Warning: unexpected tab character in last column, line truncated:
scaffold_1	transdecoder	gene	203407466	203421353	.	-	.	ID=Atsept9129^scaffold_1^-;Name="ORF type:complete (+),score=10.03"scaffold_1	transdecoder	mRNA	203407466	203421353	.	-	.	ID=Atsept9129.1.p3;Parent=Atsept9129^scaffold_1^-;Name="ORF type:complete (+),score=10.03"
Warning: unexpected tab character in last column, line truncated:
scaffold_1	transdecoder	gene	203536387	203542097	.	+	.	ID=Atsept9137^scaffold_1^+;Name="ORF type:complete (+),score=82.67"scaffold_1	transdecoder	mRNA	203536387	203542097	.	+	.	ID=Atsept9137.1.p1;Parent=Atsept9137^scaffold_1^+;Name="ORF type:complete (+),score=82.67"
Warning: unexpected tab character in last column, line truncated:
scaffold_1	transdecoder	gene	203920566	203942903	.	+	.	ID=Atsept9162^scaffold_1^+;Name="ORF type:5prime_partial (+),score=34.27"scaffold_1	transdecoder	mRNA	203920566	203942903	.	+	.	ID=Atsept9162.1.p1;Parent=Atsept9162^scaffold_1^+;Name="ORF type:5prime_partial (+),score=34.27"
Warning: unexpected tab character in last column, line truncated:
scaffold_1	transdecoder	gene	204027609	204032481	.	+	.	ID=Atsept9164^scaffold_1^+;Name="ORF type:5prime_partial (+),score=18.53"scaffold_1	transdecoder	mRNA	204027609	204032481	.	+	.	ID=Atsept9164.1.p1;Parent=Atsept9164^scaffold_1^+;Name="ORF type:5prime_partial (+),score=18.53"
Warning: unexpected tab character in last column, line truncated:
scaffold_1	transdecoder	gene	204330512	204332548	.	-	.	ID=Atsept9170^scaffold_1^-;Name="ORF type:complete (+),score=17.53"scaffold_1	transdecoder	mRNA	204330512	204332548	.	-	.	ID=Atsept9170.1.p2;Parent=Atsept9170^scaffold_1^-;Name="ORF type:complete (+),score=17.53"
Warning: unexpected tab character in last column, line truncated:
scaffold_1	transdecoder	gene	204706387	204726704	.	+	.	ID=Atsept9190^scaffold_1^+;Name="ORF type:5prime_partial (+),score=24.52"scaffold_1	transdecoder	mRNA	204706387	204726704	.	+	.	ID=Atsept9190.1.p1;Parent=Atsept9190^scaffold_1^+;Name="ORF type:5prime_partial (+),score=24.52"
Warning: unexpected tab character in last column, line truncated:
scaffold_1	transdecoder	gene	204726782	204728696	.	+	.	ID=Atsept9191^scaffold_1^+;Name="ORF type:complete (+),score=170.54"scaffold_1	transdecoder	mRNA	204726782	204728696	.	+	.	ID=Atsept9191.1.p1;Parent=Atsept9191^scaffold_1^+;Name="ORF type:complete (+),score=170.54"
Warning: unexpected tab character in last column, line truncated:
scaffold_1	transdecoder	gene	204729955	204745682	.	+	.	ID=Atsept9192^scaffold_1^+;Name="ORF type:complete (+),score=171.55"scaffold_1	transdecoder	mRNA	204729955	204745682	.	+	.	ID=Atsept9192.1.p1;Parent=Atsept9192^scaffold_1^+;Name="ORF type:complete (+),score=171.55"
Warning: unexpected tab character in last column, line truncated:
scaffold_1	transdecoder	gene	204745701	204748106	.	+	.	ID=Atsept9193^scaffold_1^+;Name="ORF type:complete (+),score=219.41"scaffold_1	transdecoder	mRNA	204745701	204748106	.	+	.	ID=Atsept9193.1.p1;Parent=Atsept9193^scaffold_1^+;Name="ORF type:complete (+),score=219.41"
Warning: unexpected tab character in last column, line truncated:
scaffold_1	transdecoder	gene	204772100	204775499	.	+	.	ID=Atsept9194^scaffold_1^+;Name="ORF type:complete (+),score=202.89"scaffold_1	transdecoder	mRNA	204772100	204775499	.	+	.	ID=Atsept9194.1.p1;Parent=Atsept9194^scaffold_1^+;Name="ORF type:complete (+),score=202.89"
Warning: unexpected tab character in last column, line truncated:
scaffold_1	transdecoder	gene	204782266	204783278	.	+	.	ID=Atsept9195^scaffold_1^+;Name="ORF type:complete (+),score=6.70"scaffold_1	transdecoder	mRNA	204782266	204783278	.	+	.	ID=Atsept9195.1.p3;Parent=Atsept9195^scaffold_1^+;Name="ORF type:complete (+),score=6.70"
Warning: unexpected tab character in last column, line truncated:
scaffold_1	transdecoder	gene	204853021	204862207	.	+	.	ID=Atsept9198^scaffold_1^+;Name="ORF type:complete (+),score=46.88"scaffold_1	transdecoder	mRNA	204853021	204862207	.	+	.	ID=Atsept9198.1.p1;Parent=Atsept9198^scaffold_1^+;Name="ORF type:complete (+),score=46.88"
Warning: unexpected tab character in last column, line truncated:
scaffold_1	transdecoder	gene	204877907	204878896	.	+	.	ID=Atsept9203^scaffold_1^+;Name="ORF type:complete (+),score=9.59"scaffold_1	transdecoder	mRNA	204877907	204878896	.	+	.	ID=Atsept9203.1.p3;Parent=Atsept9203^scaffold_1^+;Name="ORF type:complete (+),score=9.59"
Warning: unexpected tab character in last column, line truncated:
scaffold_1	transdecoder	gene	205225201	205229319	.	+	.	ID=Atsept9226^scaffold_1^+;Name="ORF type:5prime_partial (+),score=72.13"scaffold_1	transdecoder	mRNA	205225201	205229319	.	+	.	ID=Atsept9226.1.p1;Parent=Atsept9226^scaffold_1^+;Name="ORF type:5prime_partial (+),score=72.13"
Warning: unexpected tab character in last column, line truncated:
scaffold_1	transdecoder	gene	205212585	205225298	.	-	.	ID=Atsept9227^scaffold_1^-;Name="ORF type:complete (+),score=79.77"scaffold_1	transdecoder	mRNA	205212585	205225298	.	-	.	ID=Atsept9227.1.p1;Parent=Atsept9227^scaffold_1^-;Name="ORF type:complete (+),score=79.77"
Warning: unexpected tab character in last column, line truncated:
scaffold_1	transdecoder	gene	205596676	205599512	.	-	.	ID=Atsept9250^scaffold_1^-;Name="ORF type:complete (+),score=1.60"scaffold_1	transdecoder	mRNA	205596676	205599512	.	-	.	ID=Atsept9250.1.p1;Parent=Atsept9250^scaffold_1^-;Name="ORF type:complete (+),score=1.60"
Warning: unexpected tab character in last column, line truncated:
scaffold_1	transdecoder	gene	27498985	27509242	.	-	.	ID=Atsept9256^scaffold_1^-;Name="ORF type:5prime_partial (+),score=62.67"scaffold_1	transdecoder	mRNA	27498985	27509242	.	-	.	ID=Atsept9256.1.p2;Parent=Atsept9256^scaffold_1^-;Name="ORF type:5prime_partial (+),score=62.67"
Warning: unexpected tab character in last column, line truncated:
scaffold_1	transdecoder	gene	205924459	205925055	.	+	.	ID=Atsept9260^scaffold_1^+;Name="ORF type:complete (+),score=64.36"scaffold_1	transdecoder	mRNA	205924459	205925055	.	+	.	ID=Atsept9260.1.p2;Parent=Atsept9260^scaffold_1^+;Name="ORF type:complete (+),score=64.36"
Warning: unexpected tab character in last column, line truncated:
scaffold_1	transdecoder	gene	206195447	206195859	.	+	.	ID=Atsept9282^scaffold_1^+;Name="ORF type:complete (+),score=21.47"scaffold_1	transdecoder	mRNA	206195447	206195859	.	+	.	ID=Atsept9282.1.p1;Parent=Atsept9282^scaffold_1^+;Name="ORF type:complete (+),score=21.47"
Warning: unexpected tab character in last column, line truncated:
scaffold_1	transdecoder	gene	206494879	206497526	.	+	.	ID=Atsept9297^scaffold_1^+;Name="ORF type:complete (+),score=24.74"scaffold_1	transdecoder	mRNA	206494879	206497526	.	+	.	ID=Atsept9297.1.p1;Parent=Atsept9297^scaffold_1^+;Name="ORF type:complete (+),score=24.74"
Warning: unexpected tab character in last column, line truncated:
scaffold_1	transdecoder	gene	206506467	206509754	.	+	.	ID=Atsept9298^scaffold_1^+;Name="ORF type:complete (+),score=18.06"scaffold_1	transdecoder	mRNA	206506467	206509754	.	+	.	ID=Atsept9298.1.p1;Parent=Atsept9298^scaffold_1^+;Name="ORF type:complete (+),score=18.06"
Warning: unexpected tab character in last column, line truncated:
scaffold_1	transdecoder	gene	206532576	206545814	.	+	.	ID=Atsept9302^scaffold_1^+;Name="ORF type:complete (+),score=130.01"scaffold_1	transdecoder	mRNA	206532576	206545814	.	+	.	ID=Atsept9302.1.p1;Parent=Atsept9302^scaffold_1^+;Name="ORF type:complete (+),score=130.01"
Warning: unexpected tab character in last column, line truncated:
scaffold_1	transdecoder	gene	206744636	206751494	.	+	.	ID=Atsept9316^scaffold_1^+;Name="ORF type:complete (+),score=159.08"scaffold_1	transdecoder	mRNA	206744636	206751494	.	+	.	ID=Atsept9316.1.p1;Parent=Atsept9316^scaffold_1^+;Name="ORF type:complete (+),score=159.08"
Warning: unexpected tab character in last column, line truncated:
scaffold_1	transdecoder	gene	206978292	206985761	.	-	.	ID=Atsept9330^scaffold_1^-;Name="ORF type:complete (+),score=198.58"scaffold_1	transdecoder	mRNA	206978292	206985761	.	-	.	ID=Atsept9330.1.p1;Parent=Atsept9330^scaffold_1^-;Name="ORF type:complete (+),score=198.58"
Warning: unexpected tab character in last column, line truncated:
scaffold_1	transdecoder	gene	207049716	207065466	.	+	.	ID=Atsept9336^scaffold_1^+;Name="ORF type:complete (+),score=177.55"scaffold_1	transdecoder	mRNA	207049716	207065466	.	+	.	ID=Atsept9336.1.p1;Parent=Atsept9336^scaffold_1^+;Name="ORF type:complete (+),score=177.55"
Warning: unexpected tab character in last column, line truncated:
scaffold_1	transdecoder	gene	207092704	207103959	.	+	.	ID=Atsept9338^scaffold_1^+;Name="ORF type:5prime_partial (+),score=146.19"scaffold_1	transdecoder	mRNA	207092704	207103959	.	+	.	ID=Atsept9338.1.p1;Parent=Atsept9338^scaffold_1^+;Name="ORF type:5prime_partial (+),score=146.19"
Warning: unexpected tab character in last column, line truncated:
scaffold_1	transdecoder	gene	207109596	207123648	.	+	.	ID=Atsept9339^scaffold_1^+;Name="ORF type:complete (+),score=2.15"scaffold_1	transdecoder	mRNA	207109596	207123648	.	+	.	ID=Atsept9339.1.p13;Parent=Atsept9339^scaffold_1^+;Name="ORF type:complete (+),score=2.15"
Warning: unexpected tab character in last column, line truncated:
scaffold_1	transdecoder	gene	207150483	207160035	.	-	.	ID=Atsept9342^scaffold_1^-;Name="ORF type:complete (+),score=321.65"scaffold_1	transdecoder	mRNA	207150483	207160035	.	-	.	ID=Atsept9342.1.p1;Parent=Atsept9342^scaffold_1^-;Name="ORF type:complete (+),score=321.65"
Warning: unexpected tab character in last column, line truncated:
scaffold_1	transdecoder	gene	207166907	207186688	.	+	.	ID=Atsept9343^scaffold_1^+;Name="ORF type:complete (+),score=1.71"scaffold_1	transdecoder	mRNA	207166907	207186688	.	+	.	ID=Atsept9343.1.p15;Parent=Atsept9343^scaffold_1^+;Name="ORF type:complete (+),score=1.71"
Warning: unexpected tab character in last column, line truncated:
scaffold_1	transdecoder	gene	207232763	207240082	.	-	.	ID=Atsept9348^scaffold_1^-;Name="ORF type:5prime_partial (+),score=339.95"scaffold_1	transdecoder	mRNA	207232763	207240082	.	-	.	ID=Atsept9348.1.p1;Parent=Atsept9348^scaffold_1^-;Name="ORF type:5prime_partial (+),score=339.95"
Warning: unexpected tab character in last column, line truncated:
scaffold_1	transdecoder	gene	207243249	207245160	.	+	.	ID=Atsept9349^scaffold_1^+;Name="ORF type:5prime_partial (-),score=6.77"scaffold_1	transdecoder	mRNA	207243249	207245160	.	+	.	ID=Atsept9349.1.p4;Parent=Atsept9349^scaffold_1^+;Name="ORF type:5prime_partial (-),score=6.77"
Warning: unexpected tab character in last column, line truncated:
scaffold_1	transdecoder	gene	207243249	207245160	.	-	.	ID=Atsept9349^scaffold_1^-;Name="ORF type:complete (+),score=91.95"scaffold_1	transdecoder	mRNA	207243249	207245160	.	-	.	ID=Atsept9349.1.p1;Parent=Atsept9349^scaffold_1^-;Name="ORF type:complete (+),score=91.95"
Warning: unexpected tab character in last column, line truncated:
scaffold_1	transdecoder	gene	207288364	207293022	.	-	.	ID=Atsept9352^scaffold_1^-;Name="ORF type:complete (+),score=16.41"scaffold_1	transdecoder	mRNA	207288364	207293022	.	-	.	ID=Atsept9352.1.p12;Parent=Atsept9352^scaffold_1^-;Name="ORF type:complete (+),score=16.41"
Warning: unexpected tab character in last column, line truncated:
scaffold_1	transdecoder	gene	207310575	207312528	.	-	.	ID=Atsept9355^scaffold_1^-;Name="ORF type:complete (+),score=44.75"scaffold_1	transdecoder	mRNA	207310575	207312528	.	-	.	ID=Atsept9355.1.p1;Parent=Atsept9355^scaffold_1^-;Name="ORF type:complete (+),score=44.75"
Warning: unexpected tab character in last column, line truncated:
scaffold_1	transdecoder	gene	207405731	207412428	.	+	.	ID=Atsept9361^scaffold_1^+;Name="ORF type:3prime_partial (+),score=5.91"scaffold_1	transdecoder	mRNA	207405731	207412428	.	+	.	ID=Atsept9361.1.p10;Parent=Atsept9361^scaffold_1^+;Name="ORF type:3prime_partial (+),score=5.91"
Warning: unexpected tab character in last column, line truncated:
scaffold_1	transdecoder	gene	207441331	207446182	.	-	.	ID=Atsept9362^scaffold_1^-;Name="ORF type:complete (+),score=5.05"scaffold_1	transdecoder	mRNA	207441331	207446182	.	-	.	ID=Atsept9362.1.p6;Parent=Atsept9362^scaffold_1^-;Name="ORF type:complete (+),score=5.05"
Warning: unexpected tab character in last column, line truncated:
scaffold_1	transdecoder	gene	207450290	207472344	.	-	.	ID=Atsept9363^scaffold_1^-;Name="ORF type:5prime_partial (+),score=18.26"scaffold_1	transdecoder	mRNA	207450290	207472344	.	-	.	ID=Atsept9363.1.p12;Parent=Atsept9363^scaffold_1^-;Name="ORF type:5prime_partial (+),score=18.26"
Warning: unexpected tab character in last column, line truncated:
scaffold_1	transdecoder	gene	207466890	207467930	.	-	.	ID=Atsept9364^scaffold_1^-;Name="ORF type:complete (+),score=72.11"scaffold_1	transdecoder	mRNA	207466890	207467930	.	-	.	ID=Atsept9364.1.p1;Parent=Atsept9364^scaffold_1^-;Name="ORF type:complete (+),score=72.11"
Warning: unexpected tab character in last column, line truncated:
scaffold_1	transdecoder	gene	207496641	207499337	.	-	.	ID=Atsept9365^scaffold_1^-;Name="ORF type:complete (+),score=122.48"scaffold_1	transdecoder	mRNA	207496641	207499337	.	-	.	ID=Atsept9365.1.p1;Parent=Atsept9365^scaffold_1^-;Name="ORF type:complete (+),score=122.48"
Warning: unexpected tab character in last column, line truncated:
scaffold_1	transdecoder	gene	207542556	207552596	.	+	.	ID=Atsept9370^scaffold_1^+;Name="ORF type:complete (+),score=168.79"scaffold_1	transdecoder	mRNA	207542556	207552596	.	+	.	ID=Atsept9370.1.p1;Parent=Atsept9370^scaffold_1^+;Name="ORF type:complete (+),score=168.79"
Warning: unexpected tab character in last column, line truncated:
scaffold_1	transdecoder	gene	207574085	207590939	.	+	.	ID=Atsept9372^scaffold_1^+;Name="ORF type:complete (+),score=97.12"scaffold_1	transdecoder	mRNA	207574085	207590939	.	+	.	ID=Atsept9372.1.p2;Parent=Atsept9372^scaffold_1^+;Name="ORF type:complete (+),score=97.12"
Warning: unexpected tab character in last column, line truncated:
scaffold_1	transdecoder	gene	207590941	207593421	.	+	.	ID=Atsept9373^scaffold_1^+;Name="ORF type:complete (+),score=5.64"scaffold_1	transdecoder	mRNA	207590941	207593421	.	+	.	ID=Atsept9373.1.p6;Parent=Atsept9373^scaffold_1^+;Name="ORF type:complete (+),score=5.64"
Warning: unexpected tab character in last column, line truncated:
scaffold_1	transdecoder	gene	207606304	207615496	.	-	.	ID=Atsept9374^scaffold_1^-;Name="ORF type:5prime_partial (+),score=15.21"scaffold_1	transdecoder	mRNA	207606304	207615496	.	-	.	ID=Atsept9374.1.p6;Parent=Atsept9374^scaffold_1^-;Name="ORF type:5prime_partial (+),score=15.21"
Warning: unexpected tab character in last column, line truncated:
scaffold_1	transdecoder	gene	207623814	207633284	.	-	.	ID=Atsept9375^scaffold_1^-;Name="ORF type:complete (+),score=186.87"scaffold_1	transdecoder	mRNA	207623814	207633284	.	-	.	ID=Atsept9375.1.p1;Parent=Atsept9375^scaffold_1^-;Name="ORF type:complete (+),score=186.87"
Warning: unexpected tab character in last column, line truncated:
scaffold_1	transdecoder	gene	207683846	207684647	.	-	.	ID=Atsept9380^scaffold_1^-;Name="ORF type:complete (+),score=13.46"scaffold_1	transdecoder	mRNA	207683846	207684647	.	-	.	ID=Atsept9380.1.p1;Parent=Atsept9380^scaffold_1^-;Name="ORF type:complete (+),score=13.46"
Warning: unexpected tab character in last column, line truncated:
scaffold_1	transdecoder	gene	207707294	207710536	.	+	.	ID=Atsept9383^scaffold_1^+;Name="ORF type:complete (+),score=35.78"scaffold_1	transdecoder	mRNA	207707294	207710536	.	+	.	ID=Atsept9383.1.p1;Parent=Atsept9383^scaffold_1^+;Name="ORF type:complete (+),score=35.78"
Warning: unexpected tab character in last column, line truncated:
scaffold_1	transdecoder	gene	207819986	207826092	.	-	.	ID=Atsept9393^scaffold_1^-;Name="ORF type:5prime_partial (+),score=108.25"scaffold_1	transdecoder	mRNA	207819986	207826092	.	-	.	ID=Atsept9393.1.p1;Parent=Atsept9393^scaffold_1^-;Name="ORF type:5prime_partial (+),score=108.25"
Warning: unexpected tab character in last column, line truncated:
scaffold_1	transdecoder	gene	207840243	207845597	.	+	.	ID=Atsept9395^scaffold_1^+;Name="ORF type:complete (+),score=87.84"scaffold_1	transdecoder	mRNA	207840243	207845597	.	+	.	ID=Atsept9395.1.p1;Parent=Atsept9395^scaffold_1^+;Name="ORF type:complete (+),score=87.84"
Warning: unexpected tab character in last column, line truncated:
scaffold_1	transdecoder	gene	207847502	207853315	.	-	.	ID=Atsept9396^scaffold_1^-;Name="ORF type:complete (+),score=75.51"scaffold_1	transdecoder	mRNA	207847502	207853315	.	-	.	ID=Atsept9396.1.p1;Parent=Atsept9396^scaffold_1^-;Name="ORF type:complete (+),score=75.51"
Warning: unexpected tab character in last column, line truncated:
scaffold_1	transdecoder	gene	207870791	207874879	.	-	.	ID=Atsept9398^scaffold_1^-;Name="ORF type:complete (+),score=149.62"scaffold_1	transdecoder	mRNA	207870791	207874879	.	-	.	ID=Atsept9398.1.p1;Parent=Atsept9398^scaffold_1^-;Name="ORF type:complete (+),score=149.62"
Warning: unexpected tab character in last column, line truncated:
scaffold_1	transdecoder	gene	207902479	207914743	.	+	.	ID=Atsept9401^scaffold_1^+;Name="ORF type:complete (+),score=23.29"scaffold_1	transdecoder	mRNA	207902479	207914743	.	+	.	ID=Atsept9401.1.p1;Parent=Atsept9401^scaffold_1^+;Name="ORF type:complete (+),score=23.29"
Warning: unexpected tab character in last column, line truncated:
scaffold_1	transdecoder	gene	208009978	208032415	.	-	.	ID=Atsept9405^scaffold_1^-;Name="ORF type:complete (+),score=194.11"scaffold_1	transdecoder	mRNA	208009978	208032415	.	-	.	ID=Atsept9405.1.p1;Parent=Atsept9405^scaffold_1^-;Name="ORF type:complete (+),score=194.11"
Warning: unexpected tab character in last column, line truncated:
scaffold_1	transdecoder	gene	208041851	208048680	.	-	.	ID=Atsept9406^scaffold_1^-;Name="ORF type:complete (+),score=185.24"scaffold_1	transdecoder	mRNA	208041851	208048680	.	-	.	ID=Atsept9406.1.p1;Parent=Atsept9406^scaffold_1^-;Name="ORF type:complete (+),score=185.24"
Warning: unexpected tab character in last column, line truncated:
scaffold_1	transdecoder	gene	208066467	208074483	.	-	.	ID=Atsept9407^scaffold_1^-;Name="ORF type:5prime_partial (+),score=206.66"scaffold_1	transdecoder	mRNA	208066467	208074483	.	-	.	ID=Atsept9407.1.p1;Parent=Atsept9407^scaffold_1^-;Name="ORF type:5prime_partial (+),score=206.66"
Warning: unexpected tab character in last column, line truncated:
scaffold_1	transdecoder	gene	208093310	208100524	.	-	.	ID=Atsept9408^scaffold_1^-;Name="ORF type:complete (+),score=12.49"scaffold_1	transdecoder	mRNA	208093310	208100524	.	-	.	ID=Atsept9408.1.p11;Parent=Atsept9408^scaffold_1^-;Name="ORF type:complete (+),score=12.49"
Warning: unexpected tab character in last column, line truncated:
scaffold_1	transdecoder	gene	208104743	208107630	.	-	.	ID=Atsept9409^scaffold_1^-;Name="ORF type:complete (+),score=187.71"scaffold_1	transdecoder	mRNA	208104743	208107630	.	-	.	ID=Atsept9409.1.p1;Parent=Atsept9409^scaffold_1^-;Name="ORF type:complete (+),score=187.71"
Warning: unexpected tab character in last column, line truncated:
scaffold_1	transdecoder	gene	208107663	208111026	.	-	.	ID=Atsept9411^scaffold_1^-;Name="ORF type:complete (+),score=65.68"scaffold_1	transdecoder	mRNA	208107663	208111026	.	-	.	ID=Atsept9411.1.p1;Parent=Atsept9411^scaffold_1^-;Name="ORF type:complete (+),score=65.68"
Warning: unexpected tab character in last column, line truncated:
scaffold_1	transdecoder	gene	208116967	208120265	.	-	.	ID=Atsept9412^scaffold_1^-;Name="ORF type:complete (+),score=164.56"scaffold_1	transdecoder	mRNA	208116967	208120265	.	-	.	ID=Atsept9412.1.p1;Parent=Atsept9412^scaffold_1^-;Name="ORF type:complete (+),score=164.56"
Warning: unexpected tab character in last column, line truncated:
scaffold_1	transdecoder	gene	208129926	208135764	.	-	.	ID=Atsept9413^scaffold_1^-;Name="ORF type:5prime_partial (+),score=7.12"scaffold_1	transdecoder	mRNA	208129926	208135764	.	-	.	ID=Atsept9413.1.p3;Parent=Atsept9413^scaffold_1^-;Name="ORF type:5prime_partial (+),score=7.12"
Warning: unexpected tab character in last column, line truncated:
scaffold_1	transdecoder	gene	208150197	208161260	.	-	.	ID=Atsept9414^scaffold_1^-;Name="ORF type:complete (+),score=197.23"scaffold_1	transdecoder	mRNA	208150197	208161260	.	-	.	ID=Atsept9414.1.p1;Parent=Atsept9414^scaffold_1^-;Name="ORF type:complete (+),score=197.23"
Warning: unexpected tab character in last column, line truncated:
scaffold_1	transdecoder	gene	208167994	208170347	.	-	.	ID=Atsept9415^scaffold_1^-;Name="ORF type:3prime_partial (+),score=13.69"scaffold_1	transdecoder	mRNA	208167994	208170347	.	-	.	ID=Atsept9415.1.p9;Parent=Atsept9415^scaffold_1^-;Name="ORF type:3prime_partial (+),score=13.69"
Warning: unexpected tab character in last column, line truncated:
scaffold_1	transdecoder	gene	208205893	208212205	.	+	.	ID=Atsept9417^scaffold_1^+;Name="ORF type:complete (+),score=230.00"scaffold_1	transdecoder	mRNA	208205893	208212205	.	+	.	ID=Atsept9417.1.p1;Parent=Atsept9417^scaffold_1^+;Name="ORF type:complete (+),score=230.00"
Warning: unexpected tab character in last column, line truncated:
scaffold_1	transdecoder	gene	208217233	208234384	.	+	.	ID=Atsept9418^scaffold_1^+;Name="ORF type:complete (+),score=8.18"scaffold_1	transdecoder	mRNA	208217233	208234384	.	+	.	ID=Atsept9418.1.p9;Parent=Atsept9418^scaffold_1^+;Name="ORF type:complete (+),score=8.18"
Warning: unexpected tab character in last column, line truncated:
scaffold_1	transdecoder	gene	208279825	208282379	.	+	.	ID=Atsept9419^scaffold_1^+;Name="ORF type:complete (+),score=209.74"scaffold_1	transdecoder	mRNA	208279825	208282379	.	+	.	ID=Atsept9419.1.p1;Parent=Atsept9419^scaffold_1^+;Name="ORF type:complete (+),score=209.74"
Warning: unexpected tab character in last column, line truncated:
scaffold_1	transdecoder	gene	208292749	208299591	.	+	.	ID=Atsept9420^scaffold_1^+;Name="ORF type:complete (+),score=215.08"scaffold_1	transdecoder	mRNA	208292749	208299591	.	+	.	ID=Atsept9420.1.p1;Parent=Atsept9420^scaffold_1^+;Name="ORF type:complete (+),score=215.08"
Warning: unexpected tab character in last column, line truncated:
scaffold_1	transdecoder	gene	208321942	208324511	.	+	.	ID=Atsept9423^scaffold_1^+;Name="ORF type:complete (+),score=195.82"scaffold_1	transdecoder	mRNA	208321942	208324511	.	+	.	ID=Atsept9423.1.p1;Parent=Atsept9423^scaffold_1^+;Name="ORF type:complete (+),score=195.82"
Warning: unexpected tab character in last column, line truncated:
scaffold_1	transdecoder	gene	208383943	208385417	.	+	.	ID=Atsept9424^scaffold_1^+;Name="ORF type:complete (+),score=154.33"scaffold_1	transdecoder	mRNA	208383943	208385417	.	+	.	ID=Atsept9424.1.p1;Parent=Atsept9424^scaffold_1^+;Name="ORF type:complete (+),score=154.33"
Warning: unexpected tab character in last column, line truncated:
scaffold_1	transdecoder	gene	208407153	208408878	.	+	.	ID=Atsept9425^scaffold_1^+;Name="ORF type:complete (+),score=166.06"scaffold_1	transdecoder	mRNA	208407153	208408878	.	+	.	ID=Atsept9425.1.p1;Parent=Atsept9425^scaffold_1^+;Name="ORF type:complete (+),score=166.06"
Warning: unexpected tab character in last column, line truncated:
scaffold_1	transdecoder	gene	208437940	208443599	.	+	.	ID=Atsept9426^scaffold_1^+;Name="ORF type:complete (+),score=5.13"scaffold_1	transdecoder	mRNA	208437940	208443599	.	+	.	ID=Atsept9426.1.p7;Parent=Atsept9426^scaffold_1^+;Name="ORF type:complete (+),score=5.13"
Warning: unexpected tab character in last column, line truncated:
scaffold_1	transdecoder	gene	208499099	208500213	.	-	.	ID=Atsept9428^scaffold_1^-;Name="ORF type:3prime_partial (+),score=8.28"scaffold_1	transdecoder	mRNA	208499099	208500213	.	-	.	ID=Atsept9428.1.p8;Parent=Atsept9428^scaffold_1^-;Name="ORF type:3prime_partial (+),score=8.28"
Warning: unexpected tab character in last column, line truncated:
scaffold_1	transdecoder	gene	208654892	208655722	.	-	.	ID=Atsept9437^scaffold_1^-;Name="ORF type:complete (+),score=90.88"scaffold_1	transdecoder	mRNA	208654892	208655722	.	-	.	ID=Atsept9437.1.p2;Parent=Atsept9437^scaffold_1^-;Name="ORF type:complete (+),score=90.88"
Warning: unexpected tab character in last column, line truncated:
scaffold_1	transdecoder	gene	208778878	208780952	.	+	.	ID=Atsept9450^scaffold_1^+;Name="ORF type:5prime_partial (+),score=20.43"scaffold_1	transdecoder	mRNA	208778878	208780952	.	+	.	ID=Atsept9450.1.p1;Parent=Atsept9450^scaffold_1^+;Name="ORF type:5prime_partial (+),score=20.43"
Warning: unexpected tab character in last column, line truncated:
scaffold_1	transdecoder	gene	208897024	208898008	.	-	.	ID=Atsept9458^scaffold_1^-;Name="ORF type:complete (+),score=91.31"scaffold_1	transdecoder	mRNA	208897024	208898008	.	-	.	ID=Atsept9458.1.p2;Parent=Atsept9458^scaffold_1^-;Name="ORF type:complete (+),score=91.31"
Warning: unexpected tab character in last column, line truncated:
scaffold_1	transdecoder	gene	29264943	29266092	.	+	.	ID=Atsept9466^scaffold_1^+;Name="ORF type:complete (+),score=23.09"scaffold_1	transdecoder	mRNA	29264943	29266092	.	+	.	ID=Atsept9466.1.p1;Parent=Atsept9466^scaffold_1^+;Name="ORF type:complete (+),score=23.09"
Warning: unexpected tab character in last column, line truncated:
scaffold_1	transdecoder	gene	209318536	209321970	.	+	.	ID=Atsept9483^scaffold_1^+;Name="ORF type:complete (+),score=13.15"scaffold_1	transdecoder	mRNA	209318536	209321970	.	+	.	ID=Atsept9483.1.p2;Parent=Atsept9483^scaffold_1^+;Name="ORF type:complete (+),score=13.15"
Warning: unexpected tab character in last column, line truncated:
scaffold_1	transdecoder	gene	209757601	209761244	.	+	.	ID=Atsept9508^scaffold_1^+;Name="ORF type:complete (+),score=89.70"scaffold_1	transdecoder	mRNA	209757601	209761244	.	+	.	ID=Atsept9508.1.p1;Parent=Atsept9508^scaffold_1^+;Name="ORF type:complete (+),score=89.70"
Warning: unexpected tab character in last column, line truncated:
scaffold_1	transdecoder	gene	209763058	209768082	.	+	.	ID=Atsept9509^scaffold_1^+;Name="ORF type:complete (+),score=94.74"scaffold_1	transdecoder	mRNA	209763058	209768082	.	+	.	ID=Atsept9509.1.p1;Parent=Atsept9509^scaffold_1^+;Name="ORF type:complete (+),score=94.74"
Warning: unexpected tab character in last column, line truncated:
scaffold_1	transdecoder	gene	209861142	209863143	.	-	.	ID=Atsept9515^scaffold_1^-;Name="ORF type:5prime_partial (+),score=133.20"scaffold_1	transdecoder	mRNA	209861142	209863143	.	-	.	ID=Atsept9515.1.p1;Parent=Atsept9515^scaffold_1^-;Name="ORF type:5prime_partial (+),score=133.20"
Warning: unexpected tab character in last column, line truncated:
scaffold_1	transdecoder	gene	209863145	209881962	.	-	.	ID=Atsept9516^scaffold_1^-;Name="ORF type:complete (+),score=232.58"scaffold_1	transdecoder	mRNA	209863145	209881962	.	-	.	ID=Atsept9516.1.p1;Parent=Atsept9516^scaffold_1^-;Name="ORF type:complete (+),score=232.58"
Warning: unexpected tab character in last column, line truncated:
scaffold_1	transdecoder	gene	209885540	209898900	.	-	.	ID=Atsept9517^scaffold_1^-;Name="ORF type:5prime_partial (+),score=6.79"scaffold_1	transdecoder	mRNA	209885540	209898900	.	-	.	ID=Atsept9517.1.p7;Parent=Atsept9517^scaffold_1^-;Name="ORF type:5prime_partial (+),score=6.79"
Warning: unexpected tab character in last column, line truncated:
scaffold_1	transdecoder	gene	209889004	209902533	.	-	.	ID=Atsept9518^scaffold_1^-;Name="ORF type:complete (+),score=12.74"scaffold_1	transdecoder	mRNA	209889004	209902533	.	-	.	ID=Atsept9518.1.p1;Parent=Atsept9518^scaffold_1^-;Name="ORF type:complete (+),score=12.74"
Warning: unexpected tab character in last column, line truncated:
scaffold_1	transdecoder	gene	209909990	209915945	.	-	.	ID=Atsept9519^scaffold_1^-;Name="ORF type:complete (+),score=89.34"scaffold_1	transdecoder	mRNA	209909990	209915945	.	-	.	ID=Atsept9519.1.p1;Parent=Atsept9519^scaffold_1^-;Name="ORF type:complete (+),score=89.34"
Warning: unexpected tab character in last column, line truncated:
scaffold_1	transdecoder	gene	209921666	209936462	.	-	.	ID=Atsept9520^scaffold_1^-;Name="ORF type:complete (+),score=151.18"scaffold_1	transdecoder	mRNA	209921666	209936462	.	-	.	ID=Atsept9520.1.p1;Parent=Atsept9520^scaffold_1^-;Name="ORF type:complete (+),score=151.18"
Warning: unexpected tab character in last column, line truncated:
scaffold_1	transdecoder	gene	209936839	209949165	.	-	.	ID=Atsept9521^scaffold_1^-;Name="ORF type:complete (+),score=122.27"scaffold_1	transdecoder	mRNA	209936839	209949165	.	-	.	ID=Atsept9521.1.p1;Parent=Atsept9521^scaffold_1^-;Name="ORF type:complete (+),score=122.27"
Warning: unexpected tab character in last column, line truncated:
scaffold_1	transdecoder	gene	209973352	209994650	.	-	.	ID=Atsept9523^scaffold_1^-;Name="ORF type:complete (+),score=182.86"scaffold_1	transdecoder	mRNA	209973352	209994650	.	-	.	ID=Atsept9523.1.p1;Parent=Atsept9523^scaffold_1^-;Name="ORF type:complete (+),score=182.86"
Warning: unexpected tab character in last column, line truncated:
scaffold_1	transdecoder	gene	209994652	210003063	.	-	.	ID=Atsept9524^scaffold_1^-;Name="ORF type:complete (+),score=263.82"scaffold_1	transdecoder	mRNA	209994652	210003063	.	-	.	ID=Atsept9524.1.p1;Parent=Atsept9524^scaffold_1^-;Name="ORF type:complete (+),score=263.82"
Warning: unexpected tab character in last column, line truncated:
scaffold_1	transdecoder	gene	210004573	210064172	.	-	.	ID=Atsept9525^scaffold_1^-;Name="ORF type:complete (+),score=110.07"scaffold_1	transdecoder	mRNA	210004573	210064172	.	-	.	ID=Atsept9525.1.p1;Parent=Atsept9525^scaffold_1^-;Name="ORF type:complete (+),score=110.07"
Warning: unexpected tab character in last column, line truncated:
scaffold_1	transdecoder	gene	210051694	210056850	.	-	.	ID=Atsept9527^scaffold_1^-;Name="ORF type:complete (+),score=244.42"scaffold_1	transdecoder	mRNA	210051694	210056850	.	-	.	ID=Atsept9527.1.p1;Parent=Atsept9527^scaffold_1^-;Name="ORF type:complete (+),score=244.42"
Warning: unexpected tab character in last column, line truncated:
scaffold_1	transdecoder	gene	210097967	210106126	.	-	.	ID=Atsept9528^scaffold_1^-;Name="ORF type:complete (+),score=173.57"scaffold_1	transdecoder	mRNA	210097967	210106126	.	-	.	ID=Atsept9528.1.p1;Parent=Atsept9528^scaffold_1^-;Name="ORF type:complete (+),score=173.57"
Warning: unexpected tab character in last column, line truncated:
scaffold_1	transdecoder	gene	210138716	210150906	.	-	.	ID=Atsept9529^scaffold_1^-;Name="ORF type:complete (+),score=183.78"scaffold_1	transdecoder	mRNA	210138716	210150906	.	-	.	ID=Atsept9529.1.p1;Parent=Atsept9529^scaffold_1^-;Name="ORF type:complete (+),score=183.78"
Warning: unexpected tab character in last column, line truncated:
scaffold_1	transdecoder	gene	29690227	29695365	.	-	.	ID=Atsept9533^scaffold_1^-;Name="ORF type:5prime_partial (+),score=10.48"scaffold_1	transdecoder	mRNA	29690227	29695365	.	-	.	ID=Atsept9533.1.p5;Parent=Atsept9533^scaffold_1^-;Name="ORF type:5prime_partial (+),score=10.48"
Warning: unexpected tab character in last column, line truncated:
scaffold_1	transdecoder	gene	210272380	210274965	.	-	.	ID=Atsept9535^scaffold_1^-;Name="ORF type:5prime_partial (+),score=58.84"scaffold_1	transdecoder	mRNA	210272380	210274965	.	-	.	ID=Atsept9535.1.p1;Parent=Atsept9535^scaffold_1^-;Name="ORF type:5prime_partial (+),score=58.84"
Warning: unexpected tab character in last column, line truncated:
scaffold_1	transdecoder	gene	210306575	210307311	.	+	.	ID=Atsept9537^scaffold_1^+;Name="ORF type:complete (+),score=14.70"scaffold_1	transdecoder	mRNA	210306575	210307311	.	+	.	ID=Atsept9537.1.p1;Parent=Atsept9537^scaffold_1^+;Name="ORF type:complete (+),score=14.70"
Warning: unexpected tab character in last column, line truncated:
scaffold_1	transdecoder	gene	210810208	210818699	.	-	.	ID=Atsept9573^scaffold_1^-;Name="ORF type:complete (+),score=7.55"scaffold_1	transdecoder	mRNA	210810208	210818699	.	-	.	ID=Atsept9573.1.p8;Parent=Atsept9573^scaffold_1^-;Name="ORF type:complete (+),score=7.55"
Warning: unexpected tab character in last column, line truncated:
scaffold_1	transdecoder	gene	210820907	210827161	.	-	.	ID=Atsept9574^scaffold_1^-;Name="ORF type:complete (+),score=7.38"scaffold_1	transdecoder	mRNA	210820907	210827161	.	-	.	ID=Atsept9574.1.p7;Parent=Atsept9574^scaffold_1^-;Name="ORF type:complete (+),score=7.38"
Warning: unexpected tab character in last column, line truncated:
scaffold_1	transdecoder	gene	210847447	210856913	.	+	.	ID=Atsept9576^scaffold_1^+;Name="ORF type:complete (+),score=179.06"scaffold_1	transdecoder	mRNA	210847447	210856913	.	+	.	ID=Atsept9576.1.p1;Parent=Atsept9576^scaffold_1^+;Name="ORF type:complete (+),score=179.06"
Warning: unexpected tab character in last column, line truncated:
scaffold_1	transdecoder	gene	211076686	211079101	.	+	.	ID=Atsept9586^scaffold_1^+;Name="ORF type:5prime_partial (+),score=195.54"scaffold_1	transdecoder	mRNA	211076686	211079101	.	+	.	ID=Atsept9586.1.p1;Parent=Atsept9586^scaffold_1^+;Name="ORF type:5prime_partial (+),score=195.54"
Warning: unexpected tab character in last column, line truncated:
scaffold_1	transdecoder	gene	211082761	211089736	.	+	.	ID=Atsept9587^scaffold_1^+;Name="ORF type:complete (+),score=347.18"scaffold_1	transdecoder	mRNA	211082761	211089736	.	+	.	ID=Atsept9587.1.p1;Parent=Atsept9587^scaffold_1^+;Name="ORF type:complete (+),score=347.18"
Warning: unexpected tab character in last column, line truncated:
scaffold_1	transdecoder	gene	211113022	211114364	.	+	.	ID=Atsept9589^scaffold_1^+;Name="ORF type:complete (+),score=38.86"scaffold_1	transdecoder	mRNA	211113022	211114364	.	+	.	ID=Atsept9589.1.p1;Parent=Atsept9589^scaffold_1^+;Name="ORF type:complete (+),score=38.86"
Warning: unexpected tab character in last column, line truncated:
scaffold_1	transdecoder	gene	211115746	211121675	.	+	.	ID=Atsept9590^scaffold_1^+;Name="ORF type:complete (+),score=56.14"scaffold_1	transdecoder	mRNA	211115746	211121675	.	+	.	ID=Atsept9590.1.p1;Parent=Atsept9590^scaffold_1^+;Name="ORF type:complete (+),score=56.14"
Warning: unexpected tab character in last column, line truncated:
scaffold_1	transdecoder	gene	211143499	211158052	.	+	.	ID=Atsept9592^scaffold_1^+;Name="ORF type:complete (+),score=286.70"scaffold_1	transdecoder	mRNA	211143499	211158052	.	+	.	ID=Atsept9592.1.p1;Parent=Atsept9592^scaffold_1^+;Name="ORF type:complete (+),score=286.70"
Warning: unexpected tab character in last column, line truncated:
scaffold_1	transdecoder	gene	211167496	211175224	.	+	.	ID=Atsept9593^scaffold_1^+;Name="ORF type:complete (+),score=112.73"scaffold_1	transdecoder	mRNA	211167496	211175224	.	+	.	ID=Atsept9593.1.p1;Parent=Atsept9593^scaffold_1^+;Name="ORF type:complete (+),score=112.73"
Warning: unexpected tab character in last column, line truncated:
scaffold_1	transdecoder	gene	211187566	211196384	.	+	.	ID=Atsept9594^scaffold_1^+;Name="ORF type:complete (+),score=195.12"scaffold_1	transdecoder	mRNA	211187566	211196384	.	+	.	ID=Atsept9594.1.p1;Parent=Atsept9594^scaffold_1^+;Name="ORF type:complete (+),score=195.12"
Warning: unexpected tab character in last column, line truncated:
scaffold_1	transdecoder	gene	211195641	211197364	.	+	.	ID=Atsept9595^scaffold_1^+;Name="ORF type:5prime_partial (+),score=40.49"scaffold_1	transdecoder	mRNA	211195641	211197364	.	+	.	ID=Atsept9595.1.p2;Parent=Atsept9595^scaffold_1^+;Name="ORF type:5prime_partial (+),score=40.49"
Warning: unexpected tab character in last column, line truncated:
scaffold_1	transdecoder	gene	211223127	211227091	.	+	.	ID=Atsept9597^scaffold_1^+;Name="ORF type:complete (+),score=204.36"scaffold_1	transdecoder	mRNA	211223127	211227091	.	+	.	ID=Atsept9597.1.p1;Parent=Atsept9597^scaffold_1^+;Name="ORF type:complete (+),score=204.36"
Warning: unexpected tab character in last column, line truncated:
scaffold_1	transdecoder	gene	211270163	211272059	.	+	.	ID=Atsept9598^scaffold_1^+;Name="ORF type:5prime_partial (-),score=11.47"scaffold_1	transdecoder	mRNA	211270163	211272059	.	+	.	ID=Atsept9598.1.p8;Parent=Atsept9598^scaffold_1^+;Name="ORF type:5prime_partial (-),score=11.47"
Warning: unexpected tab character in last column, line truncated:
scaffold_1	transdecoder	gene	211270163	211272059	.	-	.	ID=Atsept9598^scaffold_1^-;Name="ORF type:complete (+),score=146.57"scaffold_1	transdecoder	mRNA	211270163	211272059	.	-	.	ID=Atsept9598.1.p1;Parent=Atsept9598^scaffold_1^-;Name="ORF type:complete (+),score=146.57"
Warning: unexpected tab character in last column, line truncated:
scaffold_1	transdecoder	gene	211288112	211294305	.	-	.	ID=Atsept9601^scaffold_1^-;Name="ORF type:complete (+),score=4.64"scaffold_1	transdecoder	mRNA	211288112	211294305	.	-	.	ID=Atsept9601.1.p9;Parent=Atsept9601^scaffold_1^-;Name="ORF type:complete (+),score=4.64"
Warning: unexpected tab character in last column, line truncated:
scaffold_1	transdecoder	gene	211298840	211306325	.	+	.	ID=Atsept9602^scaffold_1^+;Name="ORF type:complete (+),score=137.71"scaffold_1	transdecoder	mRNA	211298840	211306325	.	+	.	ID=Atsept9602.1.p1;Parent=Atsept9602^scaffold_1^+;Name="ORF type:complete (+),score=137.71"
Warning: unexpected tab character in last column, line truncated:
scaffold_1	transdecoder	gene	211350446	211363431	.	-	.	ID=Atsept9603^scaffold_1^-;Name="ORF type:complete (+),score=213.56"scaffold_1	transdecoder	mRNA	211350446	211363431	.	-	.	ID=Atsept9603.1.p1;Parent=Atsept9603^scaffold_1^-;Name="ORF type:complete (+),score=213.56"
Warning: unexpected tab character in last column, line truncated:
scaffold_1	transdecoder	gene	211365665	211375052	.	+	.	ID=Atsept9604^scaffold_1^+;Name="ORF type:complete (+),score=199.67"scaffold_1	transdecoder	mRNA	211365665	211375052	.	+	.	ID=Atsept9604.1.p1;Parent=Atsept9604^scaffold_1^+;Name="ORF type:complete (+),score=199.67"
Warning: unexpected tab character in last column, line truncated:
scaffold_1	transdecoder	gene	211380932	211387836	.	+	.	ID=Atsept9605^scaffold_1^+;Name="ORF type:complete (+),score=116.12"scaffold_1	transdecoder	mRNA	211380932	211387836	.	+	.	ID=Atsept9605.1.p2;Parent=Atsept9605^scaffold_1^+;Name="ORF type:complete (+),score=116.12"
Warning: unexpected tab character in last column, line truncated:
scaffold_1	transdecoder	gene	211424329	211425505	.	-	.	ID=Atsept9606^scaffold_1^-;Name="ORF type:complete (+),score=8.72"scaffold_1	transdecoder	mRNA	211424329	211425505	.	-	.	ID=Atsept9606.1.p2;Parent=Atsept9606^scaffold_1^-;Name="ORF type:complete (+),score=8.72"
Warning: unexpected tab character in last column, line truncated:
scaffold_1	transdecoder	gene	211559329	211566321	.	+	.	ID=Atsept9614^scaffold_1^+;Name="ORF type:5prime_partial (+),score=11.18"scaffold_1	transdecoder	mRNA	211559329	211566321	.	+	.	ID=Atsept9614.1.p9;Parent=Atsept9614^scaffold_1^+;Name="ORF type:5prime_partial (+),score=11.18"
Warning: unexpected tab character in last column, line truncated:
scaffold_1	transdecoder	gene	211579941	211639997	.	+	.	ID=Atsept9615^scaffold_1^+;Name="ORF type:complete (+),score=8.64"scaffold_1	transdecoder	mRNA	211579941	211639997	.	+	.	ID=Atsept9615.1.p3;Parent=Atsept9615^scaffold_1^+;Name="ORF type:complete (+),score=8.64"
Warning: unexpected tab character in last column, line truncated:
scaffold_1	transdecoder	gene	211589773	211591132	.	+	.	ID=Atsept9616^scaffold_1^+;Name="ORF type:complete (+),score=30.67"scaffold_1	transdecoder	mRNA	211589773	211591132	.	+	.	ID=Atsept9616.1.p3;Parent=Atsept9616^scaffold_1^+;Name="ORF type:complete (+),score=30.67"
Warning: unexpected tab character in last column, line truncated:
scaffold_1	transdecoder	gene	211601379	211611951	.	+	.	ID=Atsept9617^scaffold_1^+;Name="ORF type:internal (+),score=15.53"scaffold_1	transdecoder	mRNA	211601379	211611951	.	+	.	ID=Atsept9617.1.p1;Parent=Atsept9617^scaffold_1^+;Name="ORF type:internal (+),score=15.53"
Warning: unexpected tab character in last column, line truncated:
scaffold_1	transdecoder	gene	29856388	29860747	.	+	.	ID=Atsept9622^scaffold_1^+;Name="ORF type:complete (+),score=18.82"scaffold_1	transdecoder	mRNA	29856388	29860747	.	+	.	ID=Atsept9622.1.p2;Parent=Atsept9622^scaffold_1^+;Name="ORF type:complete (+),score=18.82"
Warning: unexpected tab character in last column, line truncated:
scaffold_1	transdecoder	gene	211902503	211909619	.	-	.	ID=Atsept9628^scaffold_1^-;Name="ORF type:complete (+),score=18.00"scaffold_1	transdecoder	mRNA	211902503	211909619	.	-	.	ID=Atsept9628.1.p1;Parent=Atsept9628^scaffold_1^-;Name="ORF type:complete (+),score=18.00"
Warning: unexpected tab character in last column, line truncated:
scaffold_1	transdecoder	gene	211937654	211937971	.	+	.	ID=Atsept9630^scaffold_1^+;Name="ORF type:complete (+),score=10.22"scaffold_1	transdecoder	mRNA	211937654	211937971	.	+	.	ID=Atsept9630.1.p1;Parent=Atsept9630^scaffold_1^+;Name="ORF type:complete (+),score=10.22"
Warning: unexpected tab character in last column, line truncated:
scaffold_1	transdecoder	gene	29898966	29903872	.	+	.	ID=Atsept9633^scaffold_1^+;Name="ORF type:complete (+),score=15.85"scaffold_1	transdecoder	mRNA	29898966	29903872	.	+	.	ID=Atsept9633.1.p1;Parent=Atsept9633^scaffold_1^+;Name="ORF type:complete (+),score=15.85"
Warning: unexpected tab character in last column, line truncated:
scaffold_1	transdecoder	gene	212817829	212818208	.	+	.	ID=Atsept9684^scaffold_1^+;Name="ORF type:5prime_partial (+),score=29.72"scaffold_1	transdecoder	mRNA	212817829	212818208	.	+	.	ID=Atsept9684.1.p1;Parent=Atsept9684^scaffold_1^+;Name="ORF type:5prime_partial (+),score=29.72"
Warning: unexpected tab character in last column, line truncated:
scaffold_1	transdecoder	gene	213062617	213068756	.	-	.	ID=Atsept9699^scaffold_1^-;Name="ORF type:5prime_partial (+),score=24.54"scaffold_1	transdecoder	mRNA	213062617	213068756	.	-	.	ID=Atsept9699.1.p2;Parent=Atsept9699^scaffold_1^-;Name="ORF type:5prime_partial (+),score=24.54"
Warning: unexpected tab character in last column, line truncated:
scaffold_1	transdecoder	gene	213330741	213335487	.	-	.	ID=Atsept9714^scaffold_1^-;Name="ORF type:complete (+),score=73.39"scaffold_1	transdecoder	mRNA	213330741	213335487	.	-	.	ID=Atsept9714.1.p1;Parent=Atsept9714^scaffold_1^-;Name="ORF type:complete (+),score=73.39"
Warning: unexpected tab character in last column, line truncated:
scaffold_1	transdecoder	gene	213336992	213340491	.	-	.	ID=Atsept9715^scaffold_1^-;Name="ORF type:complete (+),score=163.52"scaffold_1	transdecoder	mRNA	213336992	213340491	.	-	.	ID=Atsept9715.1.p1;Parent=Atsept9715^scaffold_1^-;Name="ORF type:complete (+),score=163.52"
Warning: unexpected tab character in last column, line truncated:
scaffold_1	transdecoder	gene	213349916	213352694	.	-	.	ID=Atsept9716^scaffold_1^-;Name="ORF type:complete (+),score=151.62"scaffold_1	transdecoder	mRNA	213349916	213352694	.	-	.	ID=Atsept9716.1.p1;Parent=Atsept9716^scaffold_1^-;Name="ORF type:complete (+),score=151.62"
Warning: unexpected tab character in last column, line truncated:
scaffold_1	transdecoder	gene	213366662	213382948	.	-	.	ID=Atsept9717^scaffold_1^-;Name="ORF type:complete (+),score=160.52"scaffold_1	transdecoder	mRNA	213366662	213382948	.	-	.	ID=Atsept9717.1.p1;Parent=Atsept9717^scaffold_1^-;Name="ORF type:complete (+),score=160.52"
Warning: unexpected tab character in last column, line truncated:
scaffold_1	transdecoder	gene	213441132	213446879	.	-	.	ID=Atsept9721^scaffold_1^-;Name="ORF type:complete (+),score=180.86"scaffold_1	transdecoder	mRNA	213441132	213446879	.	-	.	ID=Atsept9721.1.p1;Parent=Atsept9721^scaffold_1^-;Name="ORF type:complete (+),score=180.86"
Warning: unexpected tab character in last column, line truncated:
scaffold_1	transdecoder	gene	213461923	213467706	.	+	.	ID=Atsept9722^scaffold_1^+;Name="ORF type:complete (+),score=10.53"scaffold_1	transdecoder	mRNA	213461923	213467706	.	+	.	ID=Atsept9722.1.p7;Parent=Atsept9722^scaffold_1^+;Name="ORF type:complete (+),score=10.53"
Warning: unexpected tab character in last column, line truncated:
scaffold_1	transdecoder	gene	213502753	213503598	.	+	.	ID=Atsept9724^scaffold_1^+;Name="ORF type:complete (+),score=86.20"scaffold_1	transdecoder	mRNA	213502753	213503598	.	+	.	ID=Atsept9724.1.p1;Parent=Atsept9724^scaffold_1^+;Name="ORF type:complete (+),score=86.20"
Warning: unexpected tab character in last column, line truncated:
scaffold_1	transdecoder	gene	213555043	213558381	.	+	.	ID=Atsept9726^scaffold_1^+;Name="ORF type:complete (+),score=166.80"scaffold_1	transdecoder	mRNA	213555043	213558381	.	+	.	ID=Atsept9726.1.p1;Parent=Atsept9726^scaffold_1^+;Name="ORF type:complete (+),score=166.80"
Warning: unexpected tab character in last column, line truncated:
scaffold_1	transdecoder	gene	213579040	213589843	.	+	.	ID=Atsept9728^scaffold_1^+;Name="ORF type:complete (+),score=7.49"scaffold_1	transdecoder	mRNA	213579040	213589843	.	+	.	ID=Atsept9728.1.p6;Parent=Atsept9728^scaffold_1^+;Name="ORF type:complete (+),score=7.49"
Warning: unexpected tab character in last column, line truncated:
scaffold_1	transdecoder	gene	213594445	213599878	.	+	.	ID=Atsept9729^scaffold_1^+;Name="ORF type:complete (+),score=124.33"scaffold_1	transdecoder	mRNA	213594445	213599878	.	+	.	ID=Atsept9729.1.p1;Parent=Atsept9729^scaffold_1^+;Name="ORF type:complete (+),score=124.33"
Warning: unexpected tab character in last column, line truncated:
scaffold_1	transdecoder	gene	213608021	213620431	.	+	.	ID=Atsept9731^scaffold_1^+;Name="ORF type:5prime_partial (+),score=7.49"scaffold_1	transdecoder	mRNA	213608021	213620431	.	+	.	ID=Atsept9731.1.p7;Parent=Atsept9731^scaffold_1^+;Name="ORF type:5prime_partial (+),score=7.49"
Warning: unexpected tab character in last column, line truncated:
scaffold_1	transdecoder	gene	213981659	213990128	.	-	.	ID=Atsept9748^scaffold_1^-;Name="ORF type:complete (+),score=191.69"scaffold_1	transdecoder	mRNA	213981659	213990128	.	-	.	ID=Atsept9748.1.p1;Parent=Atsept9748^scaffold_1^-;Name="ORF type:complete (+),score=191.69"
Warning: unexpected tab character in last column, line truncated:
scaffold_1	transdecoder	gene	213994736	214003779	.	-	.	ID=Atsept9749^scaffold_1^-;Name="ORF type:complete (+),score=192.37"scaffold_1	transdecoder	mRNA	213994736	214003779	.	-	.	ID=Atsept9749.1.p1;Parent=Atsept9749^scaffold_1^-;Name="ORF type:complete (+),score=192.37"
Warning: unexpected tab character in last column, line truncated:
scaffold_1	transdecoder	gene	214024844	214027447	.	+	.	ID=Atsept9751^scaffold_1^+;Name="ORF type:complete (-),score=3.24"scaffold_1	transdecoder	mRNA	214024844	214027447	.	+	.	ID=Atsept9751.1.p6;Parent=Atsept9751^scaffold_1^+;Name="ORF type:complete (-),score=3.24"
Warning: unexpected tab character in last column, line truncated:
scaffold_1	transdecoder	gene	214024844	214027447	.	-	.	ID=Atsept9751^scaffold_1^-;Name="ORF type:complete (+),score=8.83"scaffold_1	transdecoder	mRNA	214024844	214027447	.	-	.	ID=Atsept9751.1.p12;Parent=Atsept9751^scaffold_1^-;Name="ORF type:complete (+),score=8.83"
Warning: unexpected tab character in last column, line truncated:
scaffold_1	transdecoder	gene	214037715	214057233	.	-	.	ID=Atsept9755^scaffold_1^-;Name="ORF type:complete (+),score=208.62"scaffold_1	transdecoder	mRNA	214037715	214057233	.	-	.	ID=Atsept9755.1.p1;Parent=Atsept9755^scaffold_1^-;Name="ORF type:complete (+),score=208.62"
Warning: unexpected tab character in last column, line truncated:
scaffold_1	transdecoder	gene	214063663	214065849	.	-	.	ID=Atsept9756^scaffold_1^-;Name="ORF type:complete (+),score=5.96"scaffold_1	transdecoder	mRNA	214063663	214065849	.	-	.	ID=Atsept9756.1.p6;Parent=Atsept9756^scaffold_1^-;Name="ORF type:complete (+),score=5.96"
Warning: unexpected tab character in last column, line truncated:
scaffold_1	transdecoder	gene	214084007	214091771	.	-	.	ID=Atsept9757^scaffold_1^-;Name="ORF type:complete (+),score=11.44"scaffold_1	transdecoder	mRNA	214084007	214091771	.	-	.	ID=Atsept9757.1.p2;Parent=Atsept9757^scaffold_1^-;Name="ORF type:complete (+),score=11.44"
Warning: unexpected tab character in last column, line truncated:
scaffold_1	transdecoder	gene	214113565	214117225	.	-	.	ID=Atsept9759^scaffold_1^-;Name="ORF type:5prime_partial (+),score=125.22"scaffold_1	transdecoder	mRNA	214113565	214117225	.	-	.	ID=Atsept9759.1.p1;Parent=Atsept9759^scaffold_1^-;Name="ORF type:5prime_partial (+),score=125.22"
Warning: unexpected tab character in last column, line truncated:
scaffold_1	transdecoder	gene	214222081	214227843	.	-	.	ID=Atsept9766^scaffold_1^-;Name="ORF type:5prime_partial (+),score=139.18"scaffold_1	transdecoder	mRNA	214222081	214227843	.	-	.	ID=Atsept9766.1.p1;Parent=Atsept9766^scaffold_1^-;Name="ORF type:5prime_partial (+),score=139.18"
Warning: unexpected tab character in last column, line truncated:
scaffold_1	transdecoder	gene	214475381	214502106	.	-	.	ID=Atsept9783^scaffold_1^-;Name="ORF type:complete (+),score=14.88"scaffold_1	transdecoder	mRNA	214475381	214502106	.	-	.	ID=Atsept9783.1.p1;Parent=Atsept9783^scaffold_1^-;Name="ORF type:complete (+),score=14.88"
Warning: unexpected tab character in last column, line truncated:
scaffold_1	transdecoder	gene	214552841	214568225	.	+	.	ID=Atsept9786^scaffold_1^+;Name="ORF type:5prime_partial (+),score=151.98"scaffold_1	transdecoder	mRNA	214552841	214568225	.	+	.	ID=Atsept9786.1.p1;Parent=Atsept9786^scaffold_1^+;Name="ORF type:5prime_partial (+),score=151.98"
Warning: unexpected tab character in last column, line truncated:
scaffold_1	transdecoder	gene	215126375	215140896	.	-	.	ID=Atsept9829^scaffold_1^-;Name="ORF type:5prime_partial (+),score=177.48"scaffold_1	transdecoder	mRNA	215126375	215140896	.	-	.	ID=Atsept9829.1.p1;Parent=Atsept9829^scaffold_1^-;Name="ORF type:5prime_partial (+),score=177.48"
Warning: unexpected tab character in last column, line truncated:
scaffold_1	transdecoder	gene	215201372	215212336	.	-	.	ID=Atsept9835^scaffold_1^-;Name="ORF type:complete (+),score=178.88"scaffold_1	transdecoder	mRNA	215201372	215212336	.	-	.	ID=Atsept9835.1.p1;Parent=Atsept9835^scaffold_1^-;Name="ORF type:complete (+),score=178.88"
Warning: unexpected tab character in last column, line truncated:
scaffold_1	transdecoder	gene	215236255	215239053	.	-	.	ID=Atsept9838^scaffold_1^-;Name="ORF type:complete (+),score=76.47"scaffold_1	transdecoder	mRNA	215236255	215239053	.	-	.	ID=Atsept9838.1.p1;Parent=Atsept9838^scaffold_1^-;Name="ORF type:complete (+),score=76.47"
Warning: unexpected tab character in last column, line truncated:
scaffold_1	transdecoder	gene	215308311	215308672	.	-	.	ID=Atsept9844^scaffold_1^-;Name="ORF type:complete (+),score=39.19"scaffold_1	transdecoder	mRNA	215308311	215308672	.	-	.	ID=Atsept9844.1.p2;Parent=Atsept9844^scaffold_1^-;Name="ORF type:complete (+),score=39.19"
Warning: unexpected tab character in last column, line truncated:
scaffold_1	transdecoder	gene	215348033	215364708	.	-	.	ID=Atsept9846^scaffold_1^-;Name="ORF type:complete (+),score=223.32"scaffold_1	transdecoder	mRNA	215348033	215364708	.	-	.	ID=Atsept9846.1.p1;Parent=Atsept9846^scaffold_1^-;Name="ORF type:complete (+),score=223.32"
Warning: unexpected tab character in last column, line truncated:
scaffold_1	transdecoder	gene	215376435	215379946	.	+	.	ID=Atsept9847^scaffold_1^+;Name="ORF type:complete (+),score=14.03"scaffold_1	transdecoder	mRNA	215376435	215379946	.	+	.	ID=Atsept9847.1.p3;Parent=Atsept9847^scaffold_1^+;Name="ORF type:complete (+),score=14.03"
Warning: unexpected tab character in last column, line truncated:
scaffold_1	transdecoder	gene	215376346	215387817	.	-	.	ID=Atsept9848^scaffold_1^-;Name="ORF type:complete (+),score=8.64"scaffold_1	transdecoder	mRNA	215376346	215387817	.	-	.	ID=Atsept9848.1.p12;Parent=Atsept9848^scaffold_1^-;Name="ORF type:complete (+),score=8.64"
Warning: unexpected tab character in last column, line truncated:
scaffold_1	transdecoder	gene	215431976	215432684	.	-	.	ID=Atsept9849^scaffold_1^-;Name="ORF type:complete (+),score=4.18"scaffold_1	transdecoder	mRNA	215431976	215432684	.	-	.	ID=Atsept9849.1.p1;Parent=Atsept9849^scaffold_1^-;Name="ORF type:complete (+),score=4.18"
Warning: unexpected tab character in last column, line truncated:
scaffold_1	transdecoder	gene	215443787	215450811	.	-	.	ID=Atsept9850^scaffold_1^-;Name="ORF type:complete (+),score=16.07"scaffold_1	transdecoder	mRNA	215443787	215450811	.	-	.	ID=Atsept9850.1.p3;Parent=Atsept9850^scaffold_1^-;Name="ORF type:complete (+),score=16.07"
Warning: unexpected tab character in last column, line truncated:
scaffold_1	transdecoder	gene	215478271	215484813	.	-	.	ID=Atsept9851^scaffold_1^-;Name="ORF type:complete (+),score=214.19"scaffold_1	transdecoder	mRNA	215478271	215484813	.	-	.	ID=Atsept9851.1.p1;Parent=Atsept9851^scaffold_1^-;Name="ORF type:complete (+),score=214.19"
Warning: unexpected tab character in last column, line truncated:
scaffold_1	transdecoder	gene	215490555	215491066	.	-	.	ID=Atsept9852^scaffold_1^-;Name="ORF type:complete (+),score=57.29"scaffold_1	transdecoder	mRNA	215490555	215491066	.	-	.	ID=Atsept9852.1.p2;Parent=Atsept9852^scaffold_1^-;Name="ORF type:complete (+),score=57.29"
Warning: unexpected tab character in last column, line truncated:
scaffold_1	transdecoder	gene	215506945	215522117	.	-	.	ID=Atsept9854^scaffold_1^-;Name="ORF type:complete (+),score=197.69"scaffold_1	transdecoder	mRNA	215506945	215522117	.	-	.	ID=Atsept9854.1.p1;Parent=Atsept9854^scaffold_1^-;Name="ORF type:complete (+),score=197.69"
Warning: unexpected tab character in last column, line truncated:
scaffold_1	transdecoder	gene	215533513	215535604	.	+	.	ID=Atsept9855^scaffold_1^+;Name="ORF type:complete (+),score=5.88"scaffold_1	transdecoder	mRNA	215533513	215535604	.	+	.	ID=Atsept9855.1.p5;Parent=Atsept9855^scaffold_1^+;Name="ORF type:complete (+),score=5.88"
Warning: unexpected tab character in last column, line truncated:
scaffold_1	transdecoder	gene	215648513	215659977	.	+	.	ID=Atsept9861^scaffold_1^+;Name="ORF type:complete (+),score=233.01"scaffold_1	transdecoder	mRNA	215648513	215659977	.	+	.	ID=Atsept9861.1.p1;Parent=Atsept9861^scaffold_1^+;Name="ORF type:complete (+),score=233.01"
Warning: unexpected tab character in last column, line truncated:
scaffold_1	transdecoder	gene	215663929	215671255	.	+	.	ID=Atsept9862^scaffold_1^+;Name="ORF type:complete (+),score=148.45"scaffold_1	transdecoder	mRNA	215663929	215671255	.	+	.	ID=Atsept9862.1.p1;Parent=Atsept9862^scaffold_1^+;Name="ORF type:complete (+),score=148.45"
Warning: unexpected tab character in last column, line truncated:
scaffold_1	transdecoder	gene	215674674	215682029	.	+	.	ID=Atsept9863^scaffold_1^+;Name="ORF type:complete (+),score=10.52"scaffold_1	transdecoder	mRNA	215674674	215682029	.	+	.	ID=Atsept9863.1.p10;Parent=Atsept9863^scaffold_1^+;Name="ORF type:complete (+),score=10.52"
Warning: unexpected tab character in last column, line truncated:
scaffold_1	transdecoder	gene	30550781	30554857	.	+	.	ID=Atsept9864^scaffold_1^+;Name="ORF type:5prime_partial (+),score=19.14"scaffold_1	transdecoder	mRNA	30550781	30554857	.	+	.	ID=Atsept9864.1.p1;Parent=Atsept9864^scaffold_1^+;Name="ORF type:5prime_partial (+),score=19.14"
Warning: unexpected tab character in last column, line truncated:
scaffold_1	transdecoder	gene	215685410	215692791	.	+	.	ID=Atsept9866^scaffold_1^+;Name="ORF type:complete (+),score=204.32"scaffold_1	transdecoder	mRNA	215685410	215692791	.	+	.	ID=Atsept9866.1.p1;Parent=Atsept9866^scaffold_1^+;Name="ORF type:complete (+),score=204.32"
Warning: unexpected tab character in last column, line truncated:
scaffold_1	transdecoder	gene	215840113	215845738	.	-	.	ID=Atsept9868^scaffold_1^-;Name="ORF type:complete (+),score=274.84"scaffold_1	transdecoder	mRNA	215840113	215845738	.	-	.	ID=Atsept9868.1.p1;Parent=Atsept9868^scaffold_1^-;Name="ORF type:complete (+),score=274.84"
Warning: unexpected tab character in last column, line truncated:
scaffold_1	transdecoder	gene	215943747	215948097	.	+	.	ID=Atsept9872^scaffold_1^+;Name="ORF type:5prime_partial (+),score=80.38"scaffold_1	transdecoder	mRNA	215943747	215948097	.	+	.	ID=Atsept9872.1.p1;Parent=Atsept9872^scaffold_1^+;Name="ORF type:5prime_partial (+),score=80.38"
Warning: unexpected tab character in last column, line truncated:
scaffold_1	transdecoder	gene	215950287	215960219	.	+	.	ID=Atsept9875^scaffold_1^+;Name="ORF type:complete (+),score=0.32"scaffold_1	transdecoder	mRNA	215950287	215960219	.	+	.	ID=Atsept9875.1.p15;Parent=Atsept9875^scaffold_1^+;Name="ORF type:complete (+),score=0.32"
Warning: unexpected tab character in last column, line truncated:
scaffold_1	transdecoder	gene	215988565	215989248	.	-	.	ID=Atsept9879^scaffold_1^-;Name="ORF type:complete (+),score=7.74"scaffold_1	transdecoder	mRNA	215988565	215989248	.	-	.	ID=Atsept9879.1.p1;Parent=Atsept9879^scaffold_1^-;Name="ORF type:complete (+),score=7.74"
Warning: unexpected tab character in last column, line truncated:
scaffold_1	transdecoder	gene	216031791	216032064	.	+	.	ID=Atsept9882^scaffold_1^+;Name="ORF type:complete (+),score=10.90"scaffold_1	transdecoder	mRNA	216031791	216032064	.	+	.	ID=Atsept9882.1.p2;Parent=Atsept9882^scaffold_1^+;Name="ORF type:complete (+),score=10.90"
Warning: unexpected tab character in last column, line truncated:
scaffold_1	transdecoder	gene	216036219	216049490	.	+	.	ID=Atsept9883^scaffold_1^+;Name="ORF type:5prime_partial (+),score=213.41"scaffold_1	transdecoder	mRNA	216036219	216049490	.	+	.	ID=Atsept9883.1.p1;Parent=Atsept9883^scaffold_1^+;Name="ORF type:5prime_partial (+),score=213.41"
Warning: unexpected tab character in last column, line truncated:
scaffold_1	transdecoder	gene	216053938	216059923	.	+	.	ID=Atsept9884^scaffold_1^+;Name="ORF type:complete (+),score=7.44"scaffold_1	transdecoder	mRNA	216053938	216059923	.	+	.	ID=Atsept9884.1.p9;Parent=Atsept9884^scaffold_1^+;Name="ORF type:complete (+),score=7.44"
Warning: unexpected tab character in last column, line truncated:
scaffold_1	transdecoder	gene	216070903	216084066	.	-	.	ID=Atsept9885^scaffold_1^-;Name="ORF type:complete (+),score=463.70"scaffold_1	transdecoder	mRNA	216070903	216084066	.	-	.	ID=Atsept9885.1.p1;Parent=Atsept9885^scaffold_1^-;Name="ORF type:complete (+),score=463.70"
Warning: unexpected tab character in last column, line truncated:
scaffold_1	transdecoder	gene	216091179	216097029	.	-	.	ID=Atsept9886^scaffold_1^-;Name="ORF type:5prime_partial (+),score=209.44"scaffold_1	transdecoder	mRNA	216091179	216097029	.	-	.	ID=Atsept9886.1.p1;Parent=Atsept9886^scaffold_1^-;Name="ORF type:5prime_partial (+),score=209.44"
Warning: unexpected tab character in last column, line truncated:
scaffold_1	transdecoder	gene	216097031	216101856	.	-	.	ID=Atsept9888^scaffold_1^-;Name="ORF type:complete (+),score=27.52"scaffold_1	transdecoder	mRNA	216097031	216101856	.	-	.	ID=Atsept9888.1.p1;Parent=Atsept9888^scaffold_1^-;Name="ORF type:complete (+),score=27.52"
Warning: unexpected tab character in last column, line truncated:
scaffold_1	transdecoder	gene	216158491	216159630	.	-	.	ID=Atsept9890^scaffold_1^-;Name="ORF type:complete (+),score=132.83"scaffold_1	transdecoder	mRNA	216158491	216159630	.	-	.	ID=Atsept9890.1.p1;Parent=Atsept9890^scaffold_1^-;Name="ORF type:complete (+),score=132.83"
Warning: unexpected tab character in last column, line truncated:
scaffold_1	transdecoder	gene	216189096	216189924	.	-	.	ID=Atsept9891^scaffold_1^-;Name="ORF type:complete (+),score=87.67"scaffold_1	transdecoder	mRNA	216189096	216189924	.	-	.	ID=Atsept9891.1.p1;Parent=Atsept9891^scaffold_1^-;Name="ORF type:complete (+),score=87.67"
Warning: unexpected tab character in last column, line truncated:
scaffold_1	transdecoder	gene	216276652	216278289	.	-	.	ID=Atsept9892^scaffold_1^-;Name="ORF type:complete (+),score=208.85"scaffold_1	transdecoder	mRNA	216276652	216278289	.	-	.	ID=Atsept9892.1.p1;Parent=Atsept9892^scaffold_1^-;Name="ORF type:complete (+),score=208.85"
Warning: unexpected tab character in last column, line truncated:
scaffold_1	transdecoder	gene	216390599	216394018	.	+	.	ID=Atsept9902^scaffold_1^+;Name="ORF type:5prime_partial (+),score=213.85"scaffold_1	transdecoder	mRNA	216390599	216394018	.	+	.	ID=Atsept9902.1.p1;Parent=Atsept9902^scaffold_1^+;Name="ORF type:5prime_partial (+),score=213.85"
Warning: unexpected tab character in last column, line truncated:
scaffold_1	transdecoder	gene	216390599	216394018	.	-	.	ID=Atsept9902^scaffold_1^-;Name="ORF type:complete (-),score=8.71"scaffold_1	transdecoder	mRNA	216390599	216394018	.	-	.	ID=Atsept9902.1.p6;Parent=Atsept9902^scaffold_1^-;Name="ORF type:complete (-),score=8.71"
Warning: unexpected tab character in last column, line truncated:
scaffold_1	transdecoder	gene	216418474	216421210	.	+	.	ID=Atsept9904^scaffold_1^+;Name="ORF type:3prime_partial (+),score=124.59"scaffold_1	transdecoder	mRNA	216418474	216421210	.	+	.	ID=Atsept9904.1.p1;Parent=Atsept9904^scaffold_1^+;Name="ORF type:3prime_partial (+),score=124.59"
Warning: unexpected tab character in last column, line truncated:
scaffold_1	transdecoder	gene	216465112	216468965	.	+	.	ID=Atsept9905^scaffold_1^+;Name="ORF type:complete (+),score=174.42"scaffold_1	transdecoder	mRNA	216465112	216468965	.	+	.	ID=Atsept9905.1.p1;Parent=Atsept9905^scaffold_1^+;Name="ORF type:complete (+),score=174.42"
Warning: unexpected tab character in last column, line truncated:
scaffold_1	transdecoder	gene	216544150	216545908	.	+	.	ID=Atsept9907^scaffold_1^+;Name="ORF type:5prime_partial (+),score=19.47"scaffold_1	transdecoder	mRNA	216544150	216545908	.	+	.	ID=Atsept9907.1.p1;Parent=Atsept9907^scaffold_1^+;Name="ORF type:5prime_partial (+),score=19.47"
Warning: unexpected tab character in last column, line truncated:
scaffold_1	transdecoder	gene	216647328	216650201	.	-	.	ID=Atsept9913^scaffold_1^-;Name="ORF type:complete (+),score=47.47"scaffold_1	transdecoder	mRNA	216647328	216650201	.	-	.	ID=Atsept9913.1.p2;Parent=Atsept9913^scaffold_1^-;Name="ORF type:complete (+),score=47.47"
Warning: unexpected tab character in last column, line truncated:
scaffold_1	transdecoder	gene	216745846	216749604	.	+	.	ID=Atsept9917^scaffold_1^+;Name="ORF type:complete (+),score=32.98"scaffold_1	transdecoder	mRNA	216745846	216749604	.	+	.	ID=Atsept9917.1.p2;Parent=Atsept9917^scaffold_1^+;Name="ORF type:complete (+),score=32.98"
Warning: unexpected tab character in last column, line truncated:
scaffold_1	transdecoder	gene	216795547	216803214	.	+	.	ID=Atsept9923^scaffold_1^+;Name="ORF type:complete (+),score=10.33"scaffold_1	transdecoder	mRNA	216795547	216803214	.	+	.	ID=Atsept9923.1.p10;Parent=Atsept9923^scaffold_1^+;Name="ORF type:complete (+),score=10.33"
Warning: unexpected tab character in last column, line truncated:
scaffold_1	transdecoder	gene	216821766	216824195	.	+	.	ID=Atsept9927^scaffold_1^+;Name="ORF type:complete (+),score=17.42"scaffold_1	transdecoder	mRNA	216821766	216824195	.	+	.	ID=Atsept9927.1.p1;Parent=Atsept9927^scaffold_1^+;Name="ORF type:complete (+),score=17.42"
Warning: unexpected tab character in last column, line truncated:
scaffold_1	transdecoder	gene	216880339	216882293	.	-	.	ID=Atsept9935^scaffold_1^-;Name="ORF type:complete (+),score=30.33"scaffold_1	transdecoder	mRNA	216880339	216882293	.	-	.	ID=Atsept9935.1.p3;Parent=Atsept9935^scaffold_1^-;Name="ORF type:complete (+),score=30.33"
Warning: unexpected tab character in last column, line truncated:
scaffold_1	transdecoder	gene	217378540	217389487	.	-	.	ID=Atsept9953^scaffold_1^-;Name="ORF type:complete (+),score=9.96"scaffold_1	transdecoder	mRNA	217378540	217389487	.	-	.	ID=Atsept9953.1.p9;Parent=Atsept9953^scaffold_1^-;Name="ORF type:complete (+),score=9.96"
Warning: unexpected tab character in last column, line truncated:
scaffold_1	transdecoder	gene	217574733	217617928	.	-	.	ID=Atsept9962^scaffold_1^-;Name="ORF type:5prime_partial (+),score=6.81"scaffold_1	transdecoder	mRNA	217574733	217617928	.	-	.	ID=Atsept9962.1.p5;Parent=Atsept9962^scaffold_1^-;Name="ORF type:5prime_partial (+),score=6.81"
Warning: unexpected tab character in last column, line truncated:
scaffold_1	transdecoder	gene	217725198	217727100	.	-	.	ID=Atsept9972^scaffold_1^-;Name="ORF type:complete (+),score=31.73"scaffold_1	transdecoder	mRNA	217725198	217727100	.	-	.	ID=Atsept9972.1.p3;Parent=Atsept9972^scaffold_1^-;Name="ORF type:complete (+),score=31.73"
Warning: unexpected tab character in last column, line truncated:
scaffold_1	transdecoder	gene	217757392	217758171	.	-	.	ID=Atsept9974^scaffold_1^-;Name="ORF type:complete (+),score=10.91"scaffold_1	transdecoder	mRNA	217757392	217758171	.	-	.	ID=Atsept9974.1.p3;Parent=Atsept9974^scaffold_1^-;Name="ORF type:complete (+),score=10.91"
Warning: unexpected tab character in last column, line truncated:
scaffold_1	transdecoder	gene	218005486	218009640	.	-	.	ID=Atsept9988^scaffold_1^-;Name="ORF type:complete (+),score=46.42"scaffold_1	transdecoder	mRNA	218005486	218009640	.	-	.	ID=Atsept9988.1.p2;Parent=Atsept9988^scaffold_1^-;Name="ORF type:complete (+),score=46.42"
Warning: unexpected tab character in last column, line truncated:
scaffold_1	transdecoder	gene	218274581	218277649	.	+	.	ID=Atsept9997^scaffold_1^+;Name="ORF type:5prime_partial (+),score=23.37"scaffold_1	transdecoder	mRNA	218274581	218277649	.	+	.	ID=Atsept9997.1.p3;Parent=Atsept9997^scaffold_1^+;Name="ORF type:5prime_partial (+),score=23.37"
Warning: unexpected tab character in last column, line truncated:
scaffold_1	transdecoder	gene	218490218	218493335	.	+	.	ID=Atsept10003^scaffold_1^+;Name="ORF type:3prime_partial (+),score=12.62"scaffold_1	transdecoder	mRNA	218490218	218493335	.	+	.	ID=Atsept10003.1.p4;Parent=Atsept10003^scaffold_1^+;Name="ORF type:3prime_partial (+),score=12.62"
Warning: unexpected tab character in last column, line truncated:
scaffold_1	transdecoder	gene	218927805	218933383	.	-	.	ID=Atsept10011^scaffold_1^-;Name="ORF type:complete (+),score=28.90"scaffold_1	transdecoder	mRNA	218927805	218933383	.	-	.	ID=Atsept10011.1.p2;Parent=Atsept10011^scaffold_1^-;Name="ORF type:complete (+),score=28.90"
Warning: unexpected tab character in last column, line truncated:
scaffold_1	transdecoder	gene	219001826	219004084	.	-	.	ID=Atsept10015^scaffold_1^-;Name="ORF type:complete (+),score=83.93"scaffold_1	transdecoder	mRNA	219001826	219004084	.	-	.	ID=Atsept10015.1.p1;Parent=Atsept10015^scaffold_1^-;Name="ORF type:complete (+),score=83.93"
Warning: unexpected tab character in last column, line truncated:
scaffold_1	transdecoder	gene	30883908	30885759	.	-	.	ID=Atsept10020^scaffold_1^-;Name="ORF type:complete (+),score=20.37"scaffold_1	transdecoder	mRNA	30883908	30885759	.	-	.	ID=Atsept10020.1.p1;Parent=Atsept10020^scaffold_1^-;Name="ORF type:complete (+),score=20.37"
Warning: unexpected tab character in last column, line truncated:
scaffold_1	transdecoder	gene	219104813	219106440	.	-	.	ID=Atsept10022^scaffold_1^-;Name="ORF type:5prime_partial (+),score=48.46"scaffold_1	transdecoder	mRNA	219104813	219106440	.	-	.	ID=Atsept10022.1.p2;Parent=Atsept10022^scaffold_1^-;Name="ORF type:5prime_partial (+),score=48.46"
Warning: unexpected tab character in last column, line truncated:
scaffold_1	transdecoder	gene	219164905	219170431	.	+	.	ID=Atsept10026^scaffold_1^+;Name="ORF type:complete (+),score=25.04"scaffold_1	transdecoder	mRNA	219164905	219170431	.	+	.	ID=Atsept10026.1.p2;Parent=Atsept10026^scaffold_1^+;Name="ORF type:complete (+),score=25.04"
Warning: unexpected tab character in last column, line truncated:
scaffold_1	transdecoder	gene	219970012	219982762	.	-	.	ID=Atsept10041^scaffold_1^-;Name="ORF type:complete (+),score=19.15"scaffold_1	transdecoder	mRNA	219970012	219982762	.	-	.	ID=Atsept10041.1.p1;Parent=Atsept10041^scaffold_1^-;Name="ORF type:complete (+),score=19.15"
Warning: unexpected tab character in last column, line truncated:
scaffold_1	transdecoder	gene	220660384	220663279	.	+	.	ID=Atsept10074^scaffold_1^+;Name="ORF type:complete (+),score=16.43"scaffold_1	transdecoder	mRNA	220660384	220663279	.	+	.	ID=Atsept10074.1.p2;Parent=Atsept10074^scaffold_1^+;Name="ORF type:complete (+),score=16.43"
Warning: unexpected tab character in last column, line truncated:
scaffold_1	transdecoder	gene	220691279	220694039	.	+	.	ID=Atsept10076^scaffold_1^+;Name="ORF type:complete (+),score=6.06"scaffold_1	transdecoder	mRNA	220691279	220694039	.	+	.	ID=Atsept10076.1.p4;Parent=Atsept10076^scaffold_1^+;Name="ORF type:complete (+),score=6.06"
Warning: unexpected tab character in last column, line truncated:
scaffold_1	transdecoder	gene	31044001	31047649	.	+	.	ID=Atsept10077^scaffold_1^+;Name="ORF type:complete (+),score=11.02"scaffold_1	transdecoder	mRNA	31044001	31047649	.	+	.	ID=Atsept10077.1.p2;Parent=Atsept10077^scaffold_1^+;Name="ORF type:complete (+),score=11.02"
Warning: unexpected tab character in last column, line truncated:
scaffold_1	transdecoder	gene	31014513	31026501	.	-	.	ID=Atsept10100^scaffold_1^-;Name="ORF type:complete (+),score=11.31"scaffold_1	transdecoder	mRNA	31014513	31026501	.	-	.	ID=Atsept10100.1.p3;Parent=Atsept10100^scaffold_1^-;Name="ORF type:complete (+),score=11.31"
Warning: unexpected tab character in last column, line truncated:
scaffold_1	transdecoder	gene	221759253	221760845	.	-	.	ID=Atsept10124^scaffold_1^-;Name="ORF type:complete (+),score=16.38"scaffold_1	transdecoder	mRNA	221759253	221760845	.	-	.	ID=Atsept10124.1.p1;Parent=Atsept10124^scaffold_1^-;Name="ORF type:complete (+),score=16.38"
Warning: unexpected tab character in last column, line truncated:
scaffold_1	transdecoder	gene	221799887	221806557	.	+	.	ID=Atsept10126^scaffold_1^+;Name="ORF type:complete (+),score=44.81"scaffold_1	transdecoder	mRNA	221799887	221806557	.	+	.	ID=Atsept10126.1.p1;Parent=Atsept10126^scaffold_1^+;Name="ORF type:complete (+),score=44.81"
Warning: unexpected tab character in last column, line truncated:
scaffold_1	transdecoder	gene	221811824	221818986	.	+	.	ID=Atsept10127^scaffold_1^+;Name="ORF type:complete (+),score=13.90"scaffold_1	transdecoder	mRNA	221811824	221818986	.	+	.	ID=Atsept10127.1.p3;Parent=Atsept10127^scaffold_1^+;Name="ORF type:complete (+),score=13.90"
Warning: unexpected tab character in last column, line truncated:
scaffold_1	transdecoder	gene	221897203	221899049	.	+	.	ID=Atsept10136^scaffold_1^+;Name="ORF type:complete (+),score=6.84"scaffold_1	transdecoder	mRNA	221897203	221899049	.	+	.	ID=Atsept10136.1.p2;Parent=Atsept10136^scaffold_1^+;Name="ORF type:complete (+),score=6.84"
Warning: unexpected tab character in last column, line truncated:
scaffold_1	transdecoder	gene	222461992	222465986	.	-	.	ID=Atsept10164^scaffold_1^-;Name="ORF type:complete (+),score=53.27"scaffold_1	transdecoder	mRNA	222461992	222465986	.	-	.	ID=Atsept10164.1.p2;Parent=Atsept10164^scaffold_1^-;Name="ORF type:complete (+),score=53.27"
Warning: unexpected tab character in last column, line truncated:
scaffold_1	transdecoder	gene	222638455	222641166	.	+	.	ID=Atsept10175^scaffold_1^+;Name="ORF type:complete (+),score=12.26"scaffold_1	transdecoder	mRNA	222638455	222641166	.	+	.	ID=Atsept10175.1.p17;Parent=Atsept10175^scaffold_1^+;Name="ORF type:complete (+),score=12.26"
Warning: unexpected tab character in last column, line truncated:
scaffold_1	transdecoder	gene	222770558	222775274	.	+	.	ID=Atsept10184^scaffold_1^+;Name="ORF type:5prime_partial (+),score=11.13"scaffold_1	transdecoder	mRNA	222770558	222775274	.	+	.	ID=Atsept10184.1.p3;Parent=Atsept10184^scaffold_1^+;Name="ORF type:5prime_partial (+),score=11.13"
Warning: unexpected tab character in last column, line truncated:
scaffold_1	transdecoder	gene	222846400	222850313	.	+	.	ID=Atsept10190^scaffold_1^+;Name="ORF type:complete (+),score=116.73"scaffold_1	transdecoder	mRNA	222846400	222850313	.	+	.	ID=Atsept10190.1.p1;Parent=Atsept10190^scaffold_1^+;Name="ORF type:complete (+),score=116.73"
Warning: unexpected tab character in last column, line truncated:
scaffold_1	transdecoder	gene	223414908	223451735	.	-	.	ID=Atsept10218^scaffold_1^-;Name="ORF type:complete (+),score=101.09"scaffold_1	transdecoder	mRNA	223414908	223451735	.	-	.	ID=Atsept10218.1.p3;Parent=Atsept10218^scaffold_1^-;Name="ORF type:complete (+),score=101.09"
Warning: unexpected tab character in last column, line truncated:
scaffold_1	transdecoder	gene	223604901	223606754	.	+	.	ID=Atsept10221^scaffold_1^+;Name="ORF type:5prime_partial (+),score=5.60"scaffold_1	transdecoder	mRNA	223604901	223606754	.	+	.	ID=Atsept10221.1.p1;Parent=Atsept10221^scaffold_1^+;Name="ORF type:5prime_partial (+),score=5.60"
Warning: unexpected tab character in last column, line truncated:
scaffold_1	transdecoder	gene	224008692	224010017	.	-	.	ID=Atsept10247^scaffold_1^-;Name="ORF type:complete (+),score=17.55"scaffold_1	transdecoder	mRNA	224008692	224010017	.	-	.	ID=Atsept10247.1.p3;Parent=Atsept10247^scaffold_1^-;Name="ORF type:complete (+),score=17.55"
Warning: unexpected tab character in last column, line truncated:
scaffold_1	transdecoder	gene	224065400	224068311	.	+	.	ID=Atsept10250^scaffold_1^+;Name="ORF type:complete (+),score=64.37"scaffold_1	transdecoder	mRNA	224065400	224068311	.	+	.	ID=Atsept10250.1.p1;Parent=Atsept10250^scaffold_1^+;Name="ORF type:complete (+),score=64.37"
Warning: unexpected tab character in last column, line truncated:
scaffold_1	transdecoder	gene	224113094	224117920	.	+	.	ID=Atsept10256^scaffold_1^+;Name="ORF type:complete (-),score=42.99"scaffold_1	transdecoder	mRNA	224113094	224117920	.	+	.	ID=Atsept10256.1.p3;Parent=Atsept10256^scaffold_1^+;Name="ORF type:complete (-),score=42.99"
Warning: unexpected tab character in last column, line truncated:
scaffold_1	transdecoder	gene	224113094	224117920	.	-	.	ID=Atsept10256^scaffold_1^-;Name="ORF type:5prime_partial (+),score=14.13"scaffold_1	transdecoder	mRNA	224113094	224117920	.	-	.	ID=Atsept10256.1.p11;Parent=Atsept10256^scaffold_1^-;Name="ORF type:5prime_partial (+),score=14.13"
Warning: unexpected tab character in last column, line truncated:
scaffold_1	transdecoder	gene	224248720	224255636	.	-	.	ID=Atsept10264^scaffold_1^-;Name="ORF type:complete (+),score=126.91"scaffold_1	transdecoder	mRNA	224248720	224255636	.	-	.	ID=Atsept10264.1.p1;Parent=Atsept10264^scaffold_1^-;Name="ORF type:complete (+),score=126.91"
Warning: unexpected tab character in last column, line truncated:
scaffold_1	transdecoder	gene	224547802	224552297	.	-	.	ID=Atsept10288^scaffold_1^-;Name="ORF type:complete (+),score=15.69"scaffold_1	transdecoder	mRNA	224547802	224552297	.	-	.	ID=Atsept10288.1.p11;Parent=Atsept10288^scaffold_1^-;Name="ORF type:complete (+),score=15.69"
Warning: unexpected tab character in last column, line truncated:
scaffold_1	transdecoder	gene	224609162	224611058	.	-	.	ID=Atsept10298^scaffold_1^-;Name="ORF type:complete (+),score=66.21"scaffold_1	transdecoder	mRNA	224609162	224611058	.	-	.	ID=Atsept10298.1.p2;Parent=Atsept10298^scaffold_1^-;Name="ORF type:complete (+),score=66.21"
Warning: unexpected tab character in last column, line truncated:
scaffold_1	transdecoder	gene	224646362	224651532	.	-	.	ID=Atsept10301^scaffold_1^-;Name="ORF type:complete (+),score=260.61"scaffold_1	transdecoder	mRNA	224646362	224651532	.	-	.	ID=Atsept10301.1.p1;Parent=Atsept10301^scaffold_1^-;Name="ORF type:complete (+),score=260.61"
Warning: unexpected tab character in last column, line truncated:
scaffold_1	transdecoder	gene	224675344	224683600	.	-	.	ID=Atsept10304^scaffold_1^-;Name="ORF type:complete (+),score=74.61"scaffold_1	transdecoder	mRNA	224675344	224683600	.	-	.	ID=Atsept10304.1.p1;Parent=Atsept10304^scaffold_1^-;Name="ORF type:complete (+),score=74.61"
Warning: unexpected tab character in last column, line truncated:
scaffold_1	transdecoder	gene	225551148	225554785	.	-	.	ID=Atsept10328^scaffold_1^-;Name="ORF type:complete (+),score=5.18"scaffold_1	transdecoder	mRNA	225551148	225554785	.	-	.	ID=Atsept10328.1.p11;Parent=Atsept10328^scaffold_1^-;Name="ORF type:complete (+),score=5.18"
Warning: unexpected tab character in last column, line truncated:
scaffold_1	transdecoder	gene	227037060	227077326	.	-	.	ID=Atsept10355^scaffold_1^-;Name="ORF type:complete (+),score=10.81"scaffold_1	transdecoder	mRNA	227037060	227077326	.	-	.	ID=Atsept10355.1.p4;Parent=Atsept10355^scaffold_1^-;Name="ORF type:complete (+),score=10.81"
Warning: unexpected tab character in last column, line truncated:
scaffold_1	transdecoder	gene	228438575	228494472	.	-	.	ID=Atsept10379^scaffold_1^-;Name="ORF type:complete (+),score=23.26"scaffold_1	transdecoder	mRNA	228438575	228494472	.	-	.	ID=Atsept10379.1.p1;Parent=Atsept10379^scaffold_1^-;Name="ORF type:complete (+),score=23.26"
Warning: unexpected tab character in last column, line truncated:
scaffold_1	transdecoder	gene	229293125	229298439	.	+	.	ID=Atsept10400^scaffold_1^+;Name="ORF type:complete (+),score=14.88"scaffold_1	transdecoder	mRNA	229293125	229298439	.	+	.	ID=Atsept10400.1.p3;Parent=Atsept10400^scaffold_1^+;Name="ORF type:complete (+),score=14.88"
Warning: unexpected tab character in last column, line truncated:
scaffold_1	transdecoder	gene	229403161	229405995	.	-	.	ID=Atsept10406^scaffold_1^-;Name="ORF type:5prime_partial (+),score=55.54"scaffold_1	transdecoder	mRNA	229403161	229405995	.	-	.	ID=Atsept10406.1.p2;Parent=Atsept10406^scaffold_1^-;Name="ORF type:5prime_partial (+),score=55.54"
Warning: unexpected tab character in last column, line truncated:
scaffold_1	transdecoder	gene	229445812	229449319	.	-	.	ID=Atsept10411^scaffold_1^-;Name="ORF type:complete (+),score=32.97"scaffold_1	transdecoder	mRNA	229445812	229449319	.	-	.	ID=Atsept10411.1.p1;Parent=Atsept10411^scaffold_1^-;Name="ORF type:complete (+),score=32.97"
Warning: unexpected tab character in last column, line truncated:
scaffold_1	transdecoder	gene	4932887	4937854	.	-	.	ID=Atsept10419^scaffold_1^-;Name="ORF type:5prime_partial (+),score=5.13"scaffold_1	transdecoder	mRNA	4932887	4937854	.	-	.	ID=Atsept10419.1.p3;Parent=Atsept10419^scaffold_1^-;Name="ORF type:5prime_partial (+),score=5.13"
Warning: unexpected tab character in last column, line truncated:
scaffold_1	transdecoder	gene	230587250	230598053	.	+	.	ID=Atsept10429^scaffold_1^+;Name="ORF type:complete (+),score=89.82"scaffold_1	transdecoder	mRNA	230587250	230598053	.	+	.	ID=Atsept10429.1.p2;Parent=Atsept10429^scaffold_1^+;Name="ORF type:complete (+),score=89.82"
Warning: unexpected tab character in last column, line truncated:
scaffold_1	transdecoder	gene	230675024	230682599	.	+	.	ID=Atsept10436^scaffold_1^+;Name="ORF type:complete (+),score=7.72"scaffold_1	transdecoder	mRNA	230675024	230682599	.	+	.	ID=Atsept10436.1.p4;Parent=Atsept10436^scaffold_1^+;Name="ORF type:complete (+),score=7.72"
Warning: unexpected tab character in last column, line truncated:
scaffold_1	transdecoder	gene	230910471	230911704	.	+	.	ID=Atsept10444^scaffold_1^+;Name="ORF type:complete (+),score=32.43"scaffold_1	transdecoder	mRNA	230910471	230911704	.	+	.	ID=Atsept10444.1.p1;Parent=Atsept10444^scaffold_1^+;Name="ORF type:complete (+),score=32.43"
Warning: unexpected tab character in last column, line truncated:
scaffold_1	transdecoder	gene	231835893	231837113	.	+	.	ID=Atsept10484^scaffold_1^+;Name="ORF type:complete (+),score=13.07"scaffold_1	transdecoder	mRNA	231835893	231837113	.	+	.	ID=Atsept10484.1.p1;Parent=Atsept10484^scaffold_1^+;Name="ORF type:complete (+),score=13.07"
Warning: unexpected tab character in last column, line truncated:
scaffold_1	transdecoder	gene	232629477	232633336	.	-	.	ID=Atsept10499^scaffold_1^-;Name="ORF type:complete (+),score=6.59"scaffold_1	transdecoder	mRNA	232629477	232633336	.	-	.	ID=Atsept10499.1.p7;Parent=Atsept10499^scaffold_1^-;Name="ORF type:complete (+),score=6.59"
Warning: unexpected tab character in last column, line truncated:
scaffold_1	transdecoder	gene	232997606	233000742	.	-	.	ID=Atsept10505^scaffold_1^-;Name="ORF type:complete (+),score=24.18"scaffold_1	transdecoder	mRNA	232997606	233000742	.	-	.	ID=Atsept10505.1.p1;Parent=Atsept10505^scaffold_1^-;Name="ORF type:complete (+),score=24.18"
Warning: unexpected tab character in last column, line truncated:
scaffold_1	transdecoder	gene	233472422	233473002	.	+	.	ID=Atsept10506^scaffold_1^+;Name="ORF type:complete (+),score=26.31"scaffold_1	transdecoder	mRNA	233472422	233473002	.	+	.	ID=Atsept10506.1.p5;Parent=Atsept10506^scaffold_1^+;Name="ORF type:complete (+),score=26.31"
Warning: unexpected tab character in last column, line truncated:
scaffold_1	transdecoder	gene	233472422	233473002	.	-	.	ID=Atsept10506^scaffold_1^-;Name="ORF type:5prime_partial (-),score=15.76"scaffold_1	transdecoder	mRNA	233472422	233473002	.	-	.	ID=Atsept10506.1.p7;Parent=Atsept10506^scaffold_1^-;Name="ORF type:5prime_partial (-),score=15.76"
Warning: unexpected tab character in last column, line truncated:
scaffold_1	transdecoder	gene	233232307	233234514	.	-	.	ID=Atsept10510^scaffold_1^-;Name="ORF type:complete (+),score=20.14"scaffold_1	transdecoder	mRNA	233232307	233234514	.	-	.	ID=Atsept10510.1.p1;Parent=Atsept10510^scaffold_1^-;Name="ORF type:complete (+),score=20.14"
Warning: unexpected tab character in last column, line truncated:
scaffold_1	transdecoder	gene	233990295	233993376	.	+	.	ID=Atsept10532^scaffold_1^+;Name="ORF type:complete (+),score=27.17"scaffold_1	transdecoder	mRNA	233990295	233993376	.	+	.	ID=Atsept10532.1.p2;Parent=Atsept10532^scaffold_1^+;Name="ORF type:complete (+),score=27.17"
Warning: unexpected tab character in last column, line truncated:
scaffold_1	transdecoder	gene	234746040	234752932	.	+	.	ID=Atsept10545^scaffold_1^+;Name="ORF type:complete (+),score=5.65"scaffold_1	transdecoder	mRNA	234746040	234752932	.	+	.	ID=Atsept10545.1.p3;Parent=Atsept10545^scaffold_1^+;Name="ORF type:complete (+),score=5.65"
Warning: unexpected tab character in last column, line truncated:
scaffold_1	transdecoder	gene	234753126	234758058	.	+	.	ID=Atsept10546^scaffold_1^+;Name="ORF type:complete (+),score=2.19"scaffold_1	transdecoder	mRNA	234753126	234758058	.	+	.	ID=Atsept10546.1.p1;Parent=Atsept10546^scaffold_1^+;Name="ORF type:complete (+),score=2.19"
Warning: unexpected tab character in last column, line truncated:
scaffold_1	transdecoder	gene	234769114	234771210	.	-	.	ID=Atsept10547^scaffold_1^-;Name="ORF type:complete (+),score=7.26"scaffold_1	transdecoder	mRNA	234769114	234771210	.	-	.	ID=Atsept10547.1.p3;Parent=Atsept10547^scaffold_1^-;Name="ORF type:complete (+),score=7.26"
Warning: unexpected tab character in last column, line truncated:
scaffold_1	transdecoder	gene	234781199	234788819	.	+	.	ID=Atsept10548^scaffold_1^+;Name="ORF type:complete (+),score=18.22"scaffold_1	transdecoder	mRNA	234781199	234788819	.	+	.	ID=Atsept10548.1.p8;Parent=Atsept10548^scaffold_1^+;Name="ORF type:complete (+),score=18.22"
Warning: unexpected tab character in last column, line truncated:
scaffold_1	transdecoder	gene	235285948	235287940	.	-	.	ID=Atsept10568^scaffold_1^-;Name="ORF type:complete (+),score=18.74"scaffold_1	transdecoder	mRNA	235285948	235287940	.	-	.	ID=Atsept10568.1.p3;Parent=Atsept10568^scaffold_1^-;Name="ORF type:complete (+),score=18.74"
Warning: unexpected tab character in last column, line truncated:
scaffold_1	transdecoder	gene	235370243	235371695	.	+	.	ID=Atsept10576^scaffold_1^+;Name="ORF type:complete (+),score=23.61"scaffold_1	transdecoder	mRNA	235370243	235371695	.	+	.	ID=Atsept10576.1.p2;Parent=Atsept10576^scaffold_1^+;Name="ORF type:complete (+),score=23.61"
Warning: unexpected tab character in last column, line truncated:
scaffold_1	transdecoder	gene	235372694	235375798	.	-	.	ID=Atsept10577^scaffold_1^-;Name="ORF type:5prime_partial (+),score=22.00"scaffold_1	transdecoder	mRNA	235372694	235375798	.	-	.	ID=Atsept10577.1.p1;Parent=Atsept10577^scaffold_1^-;Name="ORF type:5prime_partial (+),score=22.00"
Warning: unexpected tab character in last column, line truncated:
scaffold_1	transdecoder	gene	235455884	235466931	.	-	.	ID=Atsept10583^scaffold_1^-;Name="ORF type:complete (+),score=12.74"scaffold_1	transdecoder	mRNA	235455884	235466931	.	-	.	ID=Atsept10583.1.p2;Parent=Atsept10583^scaffold_1^-;Name="ORF type:complete (+),score=12.74"
Warning: unexpected tab character in last column, line truncated:
scaffold_1	transdecoder	gene	236511058	236512865	.	+	.	ID=Atsept10605^scaffold_1^+;Name="ORF type:complete (+),score=35.31"scaffold_1	transdecoder	mRNA	236511058	236512865	.	+	.	ID=Atsept10605.1.p2;Parent=Atsept10605^scaffold_1^+;Name="ORF type:complete (+),score=35.31"
Warning: unexpected tab character in last column, line truncated:
scaffold_1	transdecoder	gene	236542907	236549514	.	-	.	ID=Atsept10608^scaffold_1^-;Name="ORF type:complete (+),score=42.63"scaffold_1	transdecoder	mRNA	236542907	236549514	.	-	.	ID=Atsept10608.1.p2;Parent=Atsept10608^scaffold_1^-;Name="ORF type:complete (+),score=42.63"
Warning: unexpected tab character in last column, line truncated:
scaffold_1	transdecoder	gene	236553458	236563707	.	-	.	ID=Atsept10609^scaffold_1^-;Name="ORF type:complete (+),score=41.67"scaffold_1	transdecoder	mRNA	236553458	236563707	.	-	.	ID=Atsept10609.1.p2;Parent=Atsept10609^scaffold_1^-;Name="ORF type:complete (+),score=41.67"
Warning: unexpected tab character in last column, line truncated:
scaffold_1	transdecoder	gene	236564577	236570636	.	-	.	ID=Atsept10610^scaffold_1^-;Name="ORF type:complete (+),score=9.47"scaffold_1	transdecoder	mRNA	236564577	236570636	.	-	.	ID=Atsept10610.1.p9;Parent=Atsept10610^scaffold_1^-;Name="ORF type:complete (+),score=9.47"
Warning: unexpected tab character in last column, line truncated:
scaffold_1	transdecoder	gene	236937773	236942242	.	+	.	ID=Atsept10619^scaffold_1^+;Name="ORF type:complete (+),score=66.24"scaffold_1	transdecoder	mRNA	236937773	236942242	.	+	.	ID=Atsept10619.1.p2;Parent=Atsept10619^scaffold_1^+;Name="ORF type:complete (+),score=66.24"
Warning: unexpected tab character in last column, line truncated:
scaffold_1	transdecoder	gene	236996603	237003179	.	-	.	ID=Atsept10625^scaffold_1^-;Name="ORF type:5prime_partial (+),score=50.52"scaffold_1	transdecoder	mRNA	236996603	237003179	.	-	.	ID=Atsept10625.1.p2;Parent=Atsept10625^scaffold_1^-;Name="ORF type:5prime_partial (+),score=50.52"
Warning: unexpected tab character in last column, line truncated:
scaffold_1	transdecoder	gene	237153396	237158822	.	-	.	ID=Atsept10634^scaffold_1^-;Name="ORF type:complete (+),score=16.35"scaffold_1	transdecoder	mRNA	237153396	237158822	.	-	.	ID=Atsept10634.1.p1;Parent=Atsept10634^scaffold_1^-;Name="ORF type:complete (+),score=16.35"
Warning: unexpected tab character in last column, line truncated:
scaffold_1	transdecoder	gene	237159064	237159776	.	-	.	ID=Atsept10635^scaffold_1^-;Name="ORF type:complete (+),score=16.77"scaffold_1	transdecoder	mRNA	237159064	237159776	.	-	.	ID=Atsept10635.1.p1;Parent=Atsept10635^scaffold_1^-;Name="ORF type:complete (+),score=16.77"
Warning: unexpected tab character in last column, line truncated:
scaffold_1	transdecoder	gene	237178708	237185213	.	-	.	ID=Atsept10636^scaffold_1^-;Name="ORF type:complete (+),score=34.06"scaffold_1	transdecoder	mRNA	237178708	237185213	.	-	.	ID=Atsept10636.1.p1;Parent=Atsept10636^scaffold_1^-;Name="ORF type:complete (+),score=34.06"
Warning: unexpected tab character in last column, line truncated:
scaffold_1	transdecoder	gene	237185645	237189919	.	-	.	ID=Atsept10637^scaffold_1^-;Name="ORF type:complete (+),score=13.84"scaffold_1	transdecoder	mRNA	237185645	237189919	.	-	.	ID=Atsept10637.1.p1;Parent=Atsept10637^scaffold_1^-;Name="ORF type:complete (+),score=13.84"
Warning: unexpected tab character in last column, line truncated:
scaffold_1	transdecoder	gene	237199448	237207210	.	-	.	ID=Atsept10638^scaffold_1^-;Name="ORF type:complete (+),score=19.45"scaffold_1	transdecoder	mRNA	237199448	237207210	.	-	.	ID=Atsept10638.1.p2;Parent=Atsept10638^scaffold_1^-;Name="ORF type:complete (+),score=19.45"
Warning: unexpected tab character in last column, line truncated:
scaffold_1	transdecoder	gene	33274121	33276063	.	+	.	ID=Atsept10648^scaffold_1^+;Name="ORF type:complete (+),score=10.10"scaffold_1	transdecoder	mRNA	33274121	33276063	.	+	.	ID=Atsept10648.1.p2;Parent=Atsept10648^scaffold_1^+;Name="ORF type:complete (+),score=10.10"
Warning: unexpected tab character in last column, line truncated:
scaffold_1	transdecoder	gene	34546803	34559298	.	+	.	ID=Atsept10674^scaffold_1^+;Name="ORF type:complete (+),score=69.97"scaffold_1	transdecoder	mRNA	34546803	34559298	.	+	.	ID=Atsept10674.1.p1;Parent=Atsept10674^scaffold_1^+;Name="ORF type:complete (+),score=69.97"
Warning: unexpected tab character in last column, line truncated:
scaffold_1	transdecoder	gene	35132576	35141180	.	-	.	ID=Atsept10685^scaffold_1^-;Name="ORF type:complete (+),score=17.20"scaffold_1	transdecoder	mRNA	35132576	35141180	.	-	.	ID=Atsept10685.1.p1;Parent=Atsept10685^scaffold_1^-;Name="ORF type:complete (+),score=17.20"
Warning: unexpected tab character in last column, line truncated:
scaffold_1	transdecoder	gene	35736165	35741749	.	+	.	ID=Atsept10704^scaffold_1^+;Name="ORF type:complete (+),score=44.04"scaffold_1	transdecoder	mRNA	35736165	35741749	.	+	.	ID=Atsept10704.1.p1;Parent=Atsept10704^scaffold_1^+;Name="ORF type:complete (+),score=44.04"
Warning: unexpected tab character in last column, line truncated:
scaffold_1	transdecoder	gene	7393775	7395209	.	+	.	ID=Atsept10711^scaffold_1^+;Name="ORF type:5prime_partial (+),score=10.19"scaffold_1	transdecoder	mRNA	7393775	7395209	.	+	.	ID=Atsept10711.1.p3;Parent=Atsept10711^scaffold_1^+;Name="ORF type:5prime_partial (+),score=10.19"
Warning: unexpected tab character in last column, line truncated:
scaffold_1	transdecoder	gene	36024832	36033965	.	+	.	ID=Atsept10713^scaffold_1^+;Name="ORF type:complete (+),score=6.79"scaffold_1	transdecoder	mRNA	36024832	36033965	.	+	.	ID=Atsept10713.1.p1;Parent=Atsept10713^scaffold_1^+;Name="ORF type:complete (+),score=6.79"
Warning: unexpected tab character in last column, line truncated:
scaffold_1	transdecoder	gene	36343566	36532673	.	+	.	ID=Atsept10718^scaffold_1^+;Name="ORF type:5prime_partial (+),score=16.76"scaffold_1	transdecoder	mRNA	36343566	36532673	.	+	.	ID=Atsept10718.1.p2;Parent=Atsept10718^scaffold_1^+;Name="ORF type:5prime_partial (+),score=16.76"
Warning: unexpected tab character in last column, line truncated:
scaffold_1	transdecoder	gene	37294453	37296755	.	-	.	ID=Atsept10735^scaffold_1^-;Name="ORF type:5prime_partial (+),score=23.51"scaffold_1	transdecoder	mRNA	37294453	37296755	.	-	.	ID=Atsept10735.1.p1;Parent=Atsept10735^scaffold_1^-;Name="ORF type:5prime_partial (+),score=23.51"
Warning: unexpected tab character in last column, line truncated:
scaffold_1	transdecoder	gene	7465781	7532816	.	-	.	ID=Atsept10744^scaffold_1^-;Name="ORF type:complete (+),score=57.20"scaffold_1	transdecoder	mRNA	7465781	7532816	.	-	.	ID=Atsept10744.1.p1;Parent=Atsept10744^scaffold_1^-;Name="ORF type:complete (+),score=57.20"
Warning: unexpected tab character in last column, line truncated:
scaffold_1	transdecoder	gene	37922802	37923526	.	+	.	ID=Atsept10756^scaffold_1^+;Name="ORF type:internal (-),score=63.75"scaffold_1	transdecoder	mRNA	37922802	37923526	.	+	.	ID=Atsept10756.1.p1;Parent=Atsept10756^scaffold_1^+;Name="ORF type:internal (-),score=63.75"
Warning: unexpected tab character in last column, line truncated:
scaffold_1	transdecoder	gene	38010125	38165198	.	-	.	ID=Atsept10759^scaffold_1^-;Name="ORF type:complete (+),score=44.54"scaffold_1	transdecoder	mRNA	38010125	38165198	.	-	.	ID=Atsept10759.1.p2;Parent=Atsept10759^scaffold_1^-;Name="ORF type:complete (+),score=44.54"
Warning: unexpected tab character in last column, line truncated:
scaffold_1	transdecoder	gene	7798572	7799347	.	+	.	ID=Atsept10765^scaffold_1^+;Name="ORF type:complete (+),score=9.53"scaffold_1	transdecoder	mRNA	7798572	7799347	.	+	.	ID=Atsept10765.1.p1;Parent=Atsept10765^scaffold_1^+;Name="ORF type:complete (+),score=9.53"
Warning: unexpected tab character in last column, line truncated:
scaffold_1	transdecoder	gene	38774653	38830029	.	+	.	ID=Atsept10786^scaffold_1^+;Name="ORF type:3prime_partial (+),score=10.68"scaffold_1	transdecoder	mRNA	38774653	38830029	.	+	.	ID=Atsept10786.1.p4;Parent=Atsept10786^scaffold_1^+;Name="ORF type:3prime_partial (+),score=10.68"
Warning: unexpected tab character in last column, line truncated:
scaffold_1	transdecoder	gene	8030406	8493312	.	-	.	ID=Atsept10787^scaffold_1^-;Name="ORF type:complete (+),score=17.34"scaffold_1	transdecoder	mRNA	8030406	8493312	.	-	.	ID=Atsept10787.1.p2;Parent=Atsept10787^scaffold_1^-;Name="ORF type:complete (+),score=17.34"
Warning: unexpected tab character in last column, line truncated:
scaffold_1	transdecoder	gene	8469265	8471237	.	-	.	ID=Atsept10798^scaffold_1^-;Name="ORF type:complete (+),score=7.67"scaffold_1	transdecoder	mRNA	8469265	8471237	.	-	.	ID=Atsept10798.1.p3;Parent=Atsept10798^scaffold_1^-;Name="ORF type:complete (+),score=7.67"
Warning: unexpected tab character in last column, line truncated:
scaffold_1	transdecoder	gene	39075597	39119378	.	+	.	ID=Atsept10799^scaffold_1^+;Name="ORF type:complete (+),score=12.21"scaffold_1	transdecoder	mRNA	39075597	39119378	.	+	.	ID=Atsept10799.1.p5;Parent=Atsept10799^scaffold_1^+;Name="ORF type:complete (+),score=12.21"
Warning: unexpected tab character in last column, line truncated:
scaffold_1	transdecoder	gene	40316183	40318118	.	-	.	ID=Atsept10827^scaffold_1^-;Name="ORF type:complete (+),score=10.73"scaffold_1	transdecoder	mRNA	40316183	40318118	.	-	.	ID=Atsept10827.1.p1;Parent=Atsept10827^scaffold_1^-;Name="ORF type:complete (+),score=10.73"
Warning: unexpected tab character in last column, line truncated:
scaffold_1	transdecoder	gene	40469209	40474725	.	-	.	ID=Atsept10830^scaffold_1^-;Name="ORF type:complete (+),score=17.27"scaffold_1	transdecoder	mRNA	40469209	40474725	.	-	.	ID=Atsept10830.1.p3;Parent=Atsept10830^scaffold_1^-;Name="ORF type:complete (+),score=17.27"
Warning: unexpected tab character in last column, line truncated:
scaffold_1	transdecoder	gene	41137790	41138989	.	+	.	ID=Atsept10847^scaffold_1^+;Name="ORF type:complete (+),score=25.66"scaffold_1	transdecoder	mRNA	41137790	41138989	.	+	.	ID=Atsept10847.1.p1;Parent=Atsept10847^scaffold_1^+;Name="ORF type:complete (+),score=25.66"
Warning: unexpected tab character in last column, line truncated:
scaffold_1	transdecoder	gene	41209191	41235918	.	+	.	ID=Atsept10849^scaffold_1^+;Name="ORF type:complete (+),score=20.74"scaffold_1	transdecoder	mRNA	41209191	41235918	.	+	.	ID=Atsept10849.1.p2;Parent=Atsept10849^scaffold_1^+;Name="ORF type:complete (+),score=20.74"
Warning: unexpected tab character in last column, line truncated:
scaffold_1	transdecoder	gene	41404696	41415297	.	-	.	ID=Atsept10858^scaffold_1^-;Name="ORF type:complete (+),score=41.35"scaffold_1	transdecoder	mRNA	41404696	41415297	.	-	.	ID=Atsept10858.1.p1;Parent=Atsept10858^scaffold_1^-;Name="ORF type:complete (+),score=41.35"
Warning: unexpected tab character in last column, line truncated:
scaffold_1	transdecoder	gene	10238627	10257216	.	-	.	ID=Atsept10876^scaffold_1^-;Name="ORF type:complete (+),score=26.56"scaffold_1	transdecoder	mRNA	10238627	10257216	.	-	.	ID=Atsept10876.1.p1;Parent=Atsept10876^scaffold_1^-;Name="ORF type:complete (+),score=26.56"
Warning: unexpected tab character in last column, line truncated:
scaffold_1	transdecoder	gene	42320447	42344489	.	+	.	ID=Atsept10892^scaffold_1^+;Name="ORF type:complete (+),score=16.96"scaffold_1	transdecoder	mRNA	42320447	42344489	.	+	.	ID=Atsept10892.1.p5;Parent=Atsept10892^scaffold_1^+;Name="ORF type:complete (+),score=16.96"
Warning: unexpected tab character in last column, line truncated:
scaffold_1	transdecoder	gene	455587	468961	.	-	.	ID=Atsept10922^scaffold_1^-;Name="ORF type:complete (+),score=16.14"scaffold_1	transdecoder	mRNA	455587	468961	.	-	.	ID=Atsept10922.1.p1;Parent=Atsept10922^scaffold_1^-;Name="ORF type:complete (+),score=16.14"
Warning: unexpected tab character in last column, line truncated:
scaffold_1	transdecoder	gene	43597713	43633789	.	-	.	ID=Atsept10936^scaffold_1^-;Name="ORF type:complete (+),score=8.13"scaffold_1	transdecoder	mRNA	43597713	43633789	.	-	.	ID=Atsept10936.1.p7;Parent=Atsept10936^scaffold_1^-;Name="ORF type:complete (+),score=8.13"
Warning: unexpected tab character in last column, line truncated:
scaffold_1	transdecoder	gene	43776920	43782853	.	+	.	ID=Atsept10939^scaffold_1^+;Name="ORF type:complete (+),score=52.66"scaffold_1	transdecoder	mRNA	43776920	43782853	.	+	.	ID=Atsept10939.1.p1;Parent=Atsept10939^scaffold_1^+;Name="ORF type:complete (+),score=52.66"
Warning: unexpected tab character in last column, line truncated:
scaffold_1	transdecoder	gene	44106070	44108084	.	-	.	ID=Atsept10950^scaffold_1^-;Name="ORF type:complete (+),score=21.58"scaffold_1	transdecoder	mRNA	44106070	44108084	.	-	.	ID=Atsept10950.1.p1;Parent=Atsept10950^scaffold_1^-;Name="ORF type:complete (+),score=21.58"
Warning: unexpected tab character in last column, line truncated:
scaffold_1	transdecoder	gene	44753638	44762569	.	-	.	ID=Atsept10960^scaffold_1^-;Name="ORF type:complete (+),score=13.01"scaffold_1	transdecoder	mRNA	44753638	44762569	.	-	.	ID=Atsept10960.1.p1;Parent=Atsept10960^scaffold_1^-;Name="ORF type:complete (+),score=13.01"
Warning: unexpected tab character in last column, line truncated:
scaffold_1	transdecoder	gene	44872341	44873705	.	+	.	ID=Atsept10961^scaffold_1^+;Name="ORF type:complete (+),score=14.45"scaffold_1	transdecoder	mRNA	44872341	44873705	.	+	.	ID=Atsept10961.1.p1;Parent=Atsept10961^scaffold_1^+;Name="ORF type:complete (+),score=14.45"
Warning: unexpected tab character in last column, line truncated:
scaffold_1	transdecoder	gene	44912512	44986418	.	+	.	ID=Atsept10962^scaffold_1^+;Name="ORF type:complete (+),score=16.49"scaffold_1	transdecoder	mRNA	44912512	44986418	.	+	.	ID=Atsept10962.1.p3;Parent=Atsept10962^scaffold_1^+;Name="ORF type:complete (+),score=16.49"
Warning: unexpected tab character in last column, line truncated:
scaffold_1	transdecoder	gene	44991406	45006820	.	-	.	ID=Atsept10964^scaffold_1^-;Name="ORF type:complete (+),score=5.90"scaffold_1	transdecoder	mRNA	44991406	45006820	.	-	.	ID=Atsept10964.1.p1;Parent=Atsept10964^scaffold_1^-;Name="ORF type:complete (+),score=5.90"
Warning: unexpected tab character in last column, line truncated:
scaffold_1	transdecoder	gene	45742214	45747382	.	+	.	ID=Atsept10974^scaffold_1^+;Name="ORF type:5prime_partial (+),score=4.09"scaffold_1	transdecoder	mRNA	45742214	45747382	.	+	.	ID=Atsept10974.1.p3;Parent=Atsept10974^scaffold_1^+;Name="ORF type:5prime_partial (+),score=4.09"
Warning: unexpected tab character in last column, line truncated:
scaffold_1	transdecoder	gene	45780121	45782353	.	+	.	ID=Atsept10975^scaffold_1^+;Name="ORF type:complete (+),score=10.91"scaffold_1	transdecoder	mRNA	45780121	45782353	.	+	.	ID=Atsept10975.1.p8;Parent=Atsept10975^scaffold_1^+;Name="ORF type:complete (+),score=10.91"
Warning: unexpected tab character in last column, line truncated:
scaffold_1	transdecoder	gene	46054142	46055092	.	+	.	ID=Atsept10982^scaffold_1^+;Name="ORF type:complete (+),score=7.76"scaffold_1	transdecoder	mRNA	46054142	46055092	.	+	.	ID=Atsept10982.1.p2;Parent=Atsept10982^scaffold_1^+;Name="ORF type:complete (+),score=7.76"
Warning: unexpected tab character in last column, line truncated:
scaffold_1	transdecoder	gene	46882683	46894778	.	-	.	ID=Atsept10987^scaffold_1^-;Name="ORF type:complete (+),score=21.38"scaffold_1	transdecoder	mRNA	46882683	46894778	.	-	.	ID=Atsept10987.1.p1;Parent=Atsept10987^scaffold_1^-;Name="ORF type:complete (+),score=21.38"
Warning: unexpected tab character in last column, line truncated:
scaffold_1	transdecoder	gene	11035394	11049616	.	-	.	ID=Atsept10988^scaffold_1^-;Name="ORF type:complete (+),score=19.05"scaffold_1	transdecoder	mRNA	11035394	11049616	.	-	.	ID=Atsept10988.1.p2;Parent=Atsept10988^scaffold_1^-;Name="ORF type:complete (+),score=19.05"
Warning: unexpected tab character in last column, line truncated:
scaffold_1	transdecoder	gene	47323313	47324624	.	-	.	ID=Atsept10991^scaffold_1^-;Name="ORF type:complete (+),score=35.56"scaffold_1	transdecoder	mRNA	47323313	47324624	.	-	.	ID=Atsept10991.1.p1;Parent=Atsept10991^scaffold_1^-;Name="ORF type:complete (+),score=35.56"
Warning: unexpected tab character in last column, line truncated:
scaffold_1	transdecoder	gene	47446153	47459727	.	+	.	ID=Atsept10994^scaffold_1^+;Name="ORF type:complete (+),score=15.82"scaffold_1	transdecoder	mRNA	47446153	47459727	.	+	.	ID=Atsept10994.1.p1;Parent=Atsept10994^scaffold_1^+;Name="ORF type:complete (+),score=15.82"
Warning: unexpected tab character in last column, line truncated:
scaffold_1	transdecoder	gene	11065591	11070505	.	+	.	ID=Atsept10999^scaffold_1^+;Name="ORF type:5prime_partial (+),score=55.56"scaffold_1	transdecoder	mRNA	11065591	11070505	.	+	.	ID=Atsept10999.1.p2;Parent=Atsept10999^scaffold_1^+;Name="ORF type:5prime_partial (+),score=55.56"
Warning: unexpected tab character in last column, line truncated:
scaffold_1	transdecoder	gene	47959664	47960505	.	+	.	ID=Atsept11006^scaffold_1^+;Name="ORF type:complete (+),score=6.96"scaffold_1	transdecoder	mRNA	47959664	47960505	.	+	.	ID=Atsept11006.1.p1;Parent=Atsept11006^scaffold_1^+;Name="ORF type:complete (+),score=6.96"
Warning: unexpected tab character in last column, line truncated:
scaffold_1	transdecoder	gene	48529792	48663121	.	-	.	ID=Atsept11016^scaffold_1^-;Name="ORF type:complete (+),score=21.80"scaffold_1	transdecoder	mRNA	48529792	48663121	.	-	.	ID=Atsept11016.1.p2;Parent=Atsept11016^scaffold_1^-;Name="ORF type:complete (+),score=21.80"
Warning: unexpected tab character in last column, line truncated:
scaffold_1	transdecoder	gene	49019429	49020019	.	+	.	ID=Atsept11025^scaffold_1^+;Name="ORF type:complete (+),score=18.81"scaffold_1	transdecoder	mRNA	49019429	49020019	.	+	.	ID=Atsept11025.1.p2;Parent=Atsept11025^scaffold_1^+;Name="ORF type:complete (+),score=18.81"
Warning: unexpected tab character in last column, line truncated:
scaffold_1	transdecoder	gene	11086489	11088167	.	+	.	ID=Atsept11031^scaffold_1^+;Name="ORF type:5prime_partial (+),score=44.05"scaffold_1	transdecoder	mRNA	11086489	11088167	.	+	.	ID=Atsept11031.1.p1;Parent=Atsept11031^scaffold_1^+;Name="ORF type:5prime_partial (+),score=44.05"
Warning: unexpected tab character in last column, line truncated:
scaffold_1	transdecoder	gene	546163	548917	.	+	.	ID=Atsept11032^scaffold_1^+;Name="ORF type:complete (+),score=21.13"scaffold_1	transdecoder	mRNA	546163	548917	.	+	.	ID=Atsept11032.1.p2;Parent=Atsept11032^scaffold_1^+;Name="ORF type:complete (+),score=21.13"
Warning: unexpected tab character in last column, line truncated:
scaffold_1	transdecoder	gene	546163	548917	.	-	.	ID=Atsept11032^scaffold_1^-;Name="ORF type:complete (-),score=7.98"scaffold_1	transdecoder	mRNA	546163	548917	.	-	.	ID=Atsept11032.1.p5;Parent=Atsept11032^scaffold_1^-;Name="ORF type:complete (-),score=7.98"
Warning: unexpected tab character in last column, line truncated:
scaffold_1	transdecoder	gene	49425074	49439878	.	+	.	ID=Atsept11036^scaffold_1^+;Name="ORF type:complete (+),score=15.09"scaffold_1	transdecoder	mRNA	49425074	49439878	.	+	.	ID=Atsept11036.1.p1;Parent=Atsept11036^scaffold_1^+;Name="ORF type:complete (+),score=15.09"
Warning: unexpected tab character in last column, line truncated:
scaffold_1	transdecoder	gene	49531653	49539115	.	-	.	ID=Atsept11040^scaffold_1^-;Name="ORF type:complete (+),score=31.07"scaffold_1	transdecoder	mRNA	49531653	49539115	.	-	.	ID=Atsept11040.1.p1;Parent=Atsept11040^scaffold_1^-;Name="ORF type:complete (+),score=31.07"
Warning: unexpected tab character in last column, line truncated:
scaffold_1	transdecoder	gene	11115905	11117663	.	+	.	ID=Atsept11044^scaffold_1^+;Name="ORF type:complete (+),score=6.06"scaffold_1	transdecoder	mRNA	11115905	11117663	.	+	.	ID=Atsept11044.1.p1;Parent=Atsept11044^scaffold_1^+;Name="ORF type:complete (+),score=6.06"
Warning: unexpected tab character in last column, line truncated:
scaffold_1	transdecoder	gene	49763943	49764312	.	-	.	ID=Atsept11046^scaffold_1^-;Name="ORF type:complete (+),score=11.56"scaffold_1	transdecoder	mRNA	49763943	49764312	.	-	.	ID=Atsept11046.1.p1;Parent=Atsept11046^scaffold_1^-;Name="ORF type:complete (+),score=11.56"
Warning: unexpected tab character in last column, line truncated:
scaffold_1	transdecoder	gene	50474319	50535454	.	+	.	ID=Atsept11058^scaffold_1^+;Name="ORF type:complete (+),score=24.97"scaffold_1	transdecoder	mRNA	50474319	50535454	.	+	.	ID=Atsept11058.1.p1;Parent=Atsept11058^scaffold_1^+;Name="ORF type:complete (+),score=24.97"
Warning: unexpected tab character in last column, line truncated:
scaffold_1	transdecoder	gene	51317067	51320577	.	-	.	ID=Atsept11070^scaffold_1^-;Name="ORF type:complete (+),score=14.08"scaffold_1	transdecoder	mRNA	51317067	51320577	.	-	.	ID=Atsept11070.1.p1;Parent=Atsept11070^scaffold_1^-;Name="ORF type:complete (+),score=14.08"
Warning: unexpected tab character in last column, line truncated:
scaffold_1	transdecoder	gene	11139507	11140991	.	+	.	ID=Atsept11076^scaffold_1^+;Name="ORF type:5prime_partial (+),score=17.24"scaffold_1	transdecoder	mRNA	11139507	11140991	.	+	.	ID=Atsept11076.1.p1;Parent=Atsept11076^scaffold_1^+;Name="ORF type:5prime_partial (+),score=17.24"
Warning: unexpected tab character in last column, line truncated:
scaffold_1	transdecoder	gene	51944733	51952974	.	-	.	ID=Atsept11080^scaffold_1^-;Name="ORF type:complete (+),score=19.27"scaffold_1	transdecoder	mRNA	51944733	51952974	.	-	.	ID=Atsept11080.1.p2;Parent=Atsept11080^scaffold_1^-;Name="ORF type:complete (+),score=19.27"
Warning: unexpected tab character in last column, line truncated:
scaffold_1	transdecoder	gene	51996187	51997111	.	-	.	ID=Atsept11081^scaffold_1^-;Name="ORF type:complete (+),score=17.81"scaffold_1	transdecoder	mRNA	51996187	51997111	.	-	.	ID=Atsept11081.1.p1;Parent=Atsept11081^scaffold_1^-;Name="ORF type:complete (+),score=17.81"
Warning: unexpected tab character in last column, line truncated:
scaffold_1	transdecoder	gene	52009001	52015976	.	-	.	ID=Atsept11082^scaffold_1^-;Name="ORF type:complete (+),score=19.60"scaffold_1	transdecoder	mRNA	52009001	52015976	.	-	.	ID=Atsept11082.1.p1;Parent=Atsept11082^scaffold_1^-;Name="ORF type:complete (+),score=19.60"
Warning: unexpected tab character in last column, line truncated:
scaffold_1	transdecoder	gene	52139773	52140782	.	+	.	ID=Atsept11088^scaffold_1^+;Name="ORF type:complete (+),score=7.36"scaffold_1	transdecoder	mRNA	52139773	52140782	.	+	.	ID=Atsept11088.1.p1;Parent=Atsept11088^scaffold_1^+;Name="ORF type:complete (+),score=7.36"
Warning: unexpected tab character in last column, line truncated:
scaffold_1	transdecoder	gene	52147829	52148241	.	-	.	ID=Atsept11090^scaffold_1^-;Name="ORF type:complete (+),score=2.92"scaffold_1	transdecoder	mRNA	52147829	52148241	.	-	.	ID=Atsept11090.1.p3;Parent=Atsept11090^scaffold_1^-;Name="ORF type:complete (+),score=2.92"
Warning: unexpected tab character in last column, line truncated:
scaffold_1	transdecoder	gene	52174524	52177201	.	+	.	ID=Atsept11092^scaffold_1^+;Name="ORF type:3prime_partial (+),score=8.88"scaffold_1	transdecoder	mRNA	52174524	52177201	.	+	.	ID=Atsept11092.1.p1;Parent=Atsept11092^scaffold_1^+;Name="ORF type:3prime_partial (+),score=8.88"
Warning: unexpected tab character in last column, line truncated:
scaffold_1	transdecoder	gene	52632103	52651563	.	-	.	ID=Atsept11097^scaffold_1^-;Name="ORF type:complete (+),score=9.97"scaffold_1	transdecoder	mRNA	52632103	52651563	.	-	.	ID=Atsept11097.1.p1;Parent=Atsept11097^scaffold_1^-;Name="ORF type:complete (+),score=9.97"
Warning: unexpected tab character in last column, line truncated:
scaffold_1	transdecoder	gene	53912016	53915093	.	-	.	ID=Atsept11117^scaffold_1^-;Name="ORF type:complete (+),score=13.75"scaffold_1	transdecoder	mRNA	53912016	53915093	.	-	.	ID=Atsept11117.1.p1;Parent=Atsept11117^scaffold_1^-;Name="ORF type:complete (+),score=13.75"
Warning: unexpected tab character in last column, line truncated:
scaffold_1	transdecoder	gene	11311429	11324288	.	+	.	ID=Atsept11120^scaffold_1^+;Name="ORF type:3prime_partial (+),score=3.29"scaffold_1	transdecoder	mRNA	11311429	11324288	.	+	.	ID=Atsept11120.1.p5;Parent=Atsept11120^scaffold_1^+;Name="ORF type:3prime_partial (+),score=3.29"
Warning: unexpected tab character in last column, line truncated:
scaffold_1	transdecoder	gene	54169836	54170701	.	-	.	ID=Atsept11121^scaffold_1^-;Name="ORF type:complete (+),score=21.05"scaffold_1	transdecoder	mRNA	54169836	54170701	.	-	.	ID=Atsept11121.1.p1;Parent=Atsept11121^scaffold_1^-;Name="ORF type:complete (+),score=21.05"
Warning: unexpected tab character in last column, line truncated:
scaffold_1	transdecoder	gene	54588161	54601601	.	-	.	ID=Atsept11130^scaffold_1^-;Name="ORF type:complete (+),score=11.83"scaffold_1	transdecoder	mRNA	54588161	54601601	.	-	.	ID=Atsept11130.1.p3;Parent=Atsept11130^scaffold_1^-;Name="ORF type:complete (+),score=11.83"
Warning: unexpected tab character in last column, line truncated:
scaffold_1	transdecoder	gene	54618836	54640097	.	-	.	ID=Atsept11132^scaffold_1^-;Name="ORF type:complete (+),score=13.67"scaffold_1	transdecoder	mRNA	54618836	54640097	.	-	.	ID=Atsept11132.1.p2;Parent=Atsept11132^scaffold_1^-;Name="ORF type:complete (+),score=13.67"
Warning: unexpected tab character in last column, line truncated:
scaffold_1	transdecoder	gene	55865627	55872247	.	+	.	ID=Atsept11162^scaffold_1^+;Name="ORF type:3prime_partial (+),score=7.55"scaffold_1	transdecoder	mRNA	55865627	55872247	.	+	.	ID=Atsept11162.1.p6;Parent=Atsept11162^scaffold_1^+;Name="ORF type:3prime_partial (+),score=7.55"
Warning: unexpected tab character in last column, line truncated:
scaffold_1	transdecoder	gene	58241978	58242897	.	-	.	ID=Atsept11235^scaffold_1^-;Name="ORF type:complete (+),score=16.44"scaffold_1	transdecoder	mRNA	58241978	58242897	.	-	.	ID=Atsept11235.1.p1;Parent=Atsept11235^scaffold_1^-;Name="ORF type:complete (+),score=16.44"
Warning: unexpected tab character in last column, line truncated:
scaffold_1	transdecoder	gene	58765026	58775279	.	-	.	ID=Atsept11246^scaffold_1^-;Name="ORF type:complete (+),score=6.49"scaffold_1	transdecoder	mRNA	58765026	58775279	.	-	.	ID=Atsept11246.1.p1;Parent=Atsept11246^scaffold_1^-;Name="ORF type:complete (+),score=6.49"
Warning: unexpected tab character in last column, line truncated:
scaffold_20	transdecoder	gene	3458756	3461719	.	+	.	ID=Atsept11264^scaffold_20^+;Name="ORF type:complete (+),score=75.73"scaffold_20	transdecoder	mRNA	3458756	3461719	.	+	.	ID=Atsept11264.1.p2;Parent=Atsept11264^scaffold_20^+;Name="ORF type:complete (+),score=75.73"
Warning: unexpected tab character in last column, line truncated:
scaffold_20	transdecoder	gene	4158966	4161610	.	+	.	ID=Atsept11278^scaffold_20^+;Name="ORF type:complete (+),score=12.00"scaffold_20	transdecoder	mRNA	4158966	4161610	.	+	.	ID=Atsept11278.1.p1;Parent=Atsept11278^scaffold_20^+;Name="ORF type:complete (+),score=12.00"
Warning: unexpected tab character in last column, line truncated:
scaffold_20	transdecoder	gene	4402343	4409460	.	+	.	ID=Atsept11284^scaffold_20^+;Name="ORF type:complete (+),score=53.55"scaffold_20	transdecoder	mRNA	4402343	4409460	.	+	.	ID=Atsept11284.1.p1;Parent=Atsept11284^scaffold_20^+;Name="ORF type:complete (+),score=53.55"
Warning: unexpected tab character in last column, line truncated:
scaffold_20	transdecoder	gene	4999593	5016095	.	+	.	ID=Atsept11286^scaffold_20^+;Name="ORF type:5prime_partial (+),score=50.41"scaffold_20	transdecoder	mRNA	4999593	5016095	.	+	.	ID=Atsept11286.1.p2;Parent=Atsept11286^scaffold_20^+;Name="ORF type:5prime_partial (+),score=50.41"
Warning: unexpected tab character in last column, line truncated:
scaffold_20	transdecoder	gene	5853836	5905384	.	-	.	ID=Atsept11289^scaffold_20^-;Name="ORF type:complete (+),score=28.39"scaffold_20	transdecoder	mRNA	5853836	5905384	.	-	.	ID=Atsept11289.1.p5;Parent=Atsept11289^scaffold_20^-;Name="ORF type:complete (+),score=28.39"
Warning: unexpected tab character in last column, line truncated:
scaffold_20	transdecoder	gene	6469713	6477899	.	-	.	ID=Atsept11312^scaffold_20^-;Name="ORF type:complete (+),score=128.50"scaffold_20	transdecoder	mRNA	6469713	6477899	.	-	.	ID=Atsept11312.1.p1;Parent=Atsept11312^scaffold_20^-;Name="ORF type:complete (+),score=128.50"
Warning: unexpected tab character in last column, line truncated:
scaffold_20	transdecoder	gene	6851811	6852913	.	-	.	ID=Atsept11321^scaffold_20^-;Name="ORF type:complete (+),score=20.52"scaffold_20	transdecoder	mRNA	6851811	6852913	.	-	.	ID=Atsept11321.1.p1;Parent=Atsept11321^scaffold_20^-;Name="ORF type:complete (+),score=20.52"
Warning: unexpected tab character in last column, line truncated:
scaffold_20	transdecoder	gene	7844112	7846082	.	+	.	ID=Atsept11325^scaffold_20^+;Name="ORF type:complete (+),score=14.92"scaffold_20	transdecoder	mRNA	7844112	7846082	.	+	.	ID=Atsept11325.1.p1;Parent=Atsept11325^scaffold_20^+;Name="ORF type:complete (+),score=14.92"
Warning: unexpected tab character in last column, line truncated:
scaffold_20	transdecoder	gene	8839069	8848722	.	-	.	ID=Atsept11349^scaffold_20^-;Name="ORF type:complete (+),score=13.26"scaffold_20	transdecoder	mRNA	8839069	8848722	.	-	.	ID=Atsept11349.1.p2;Parent=Atsept11349^scaffold_20^-;Name="ORF type:complete (+),score=13.26"
Warning: unexpected tab character in last column, line truncated:
scaffold_20	transdecoder	gene	9296478	9303531	.	-	.	ID=Atsept11361^scaffold_20^-;Name="ORF type:complete (+),score=22.80"scaffold_20	transdecoder	mRNA	9296478	9303531	.	-	.	ID=Atsept11361.1.p3;Parent=Atsept11361^scaffold_20^-;Name="ORF type:complete (+),score=22.80"
Warning: unexpected tab character in last column, line truncated:
scaffold_20	transdecoder	gene	9926496	9968171	.	-	.	ID=Atsept11390^scaffold_20^-;Name="ORF type:5prime_partial (+),score=16.72"scaffold_20	transdecoder	mRNA	9926496	9968171	.	-	.	ID=Atsept11390.1.p1;Parent=Atsept11390^scaffold_20^-;Name="ORF type:5prime_partial (+),score=16.72"
Warning: unexpected tab character in last column, line truncated:
scaffold_20	transdecoder	gene	10166564	10168144	.	-	.	ID=Atsept11399^scaffold_20^-;Name="ORF type:5prime_partial (+),score=18.04"scaffold_20	transdecoder	mRNA	10166564	10168144	.	-	.	ID=Atsept11399.1.p2;Parent=Atsept11399^scaffold_20^-;Name="ORF type:5prime_partial (+),score=18.04"
Warning: unexpected tab character in last column, line truncated:
scaffold_20	transdecoder	gene	10544760	10545101	.	+	.	ID=Atsept11415^scaffold_20^+;Name="ORF type:5prime_partial (+),score=11.39"scaffold_20	transdecoder	mRNA	10544760	10545101	.	+	.	ID=Atsept11415.1.p2;Parent=Atsept11415^scaffold_20^+;Name="ORF type:5prime_partial (+),score=11.39"
Warning: unexpected tab character in last column, line truncated:
scaffold_20	transdecoder	gene	10821596	10827620	.	+	.	ID=Atsept11428^scaffold_20^+;Name="ORF type:complete (+),score=16.59"scaffold_20	transdecoder	mRNA	10821596	10827620	.	+	.	ID=Atsept11428.1.p3;Parent=Atsept11428^scaffold_20^+;Name="ORF type:complete (+),score=16.59"
Warning: unexpected tab character in last column, line truncated:
scaffold_20	transdecoder	gene	1088040	1105316	.	+	.	ID=Atsept11430^scaffold_20^+;Name="ORF type:5prime_partial (+),score=23.48"scaffold_20	transdecoder	mRNA	1088040	1105316	.	+	.	ID=Atsept11430.1.p3;Parent=Atsept11430^scaffold_20^+;Name="ORF type:5prime_partial (+),score=23.48"
Warning: unexpected tab character in last column, line truncated:
scaffold_20	transdecoder	gene	11760006	11769286	.	-	.	ID=Atsept11440^scaffold_20^-;Name="ORF type:complete (+),score=15.24"scaffold_20	transdecoder	mRNA	11760006	11769286	.	-	.	ID=Atsept11440.1.p4;Parent=Atsept11440^scaffold_20^-;Name="ORF type:complete (+),score=15.24"
Warning: unexpected tab character in last column, line truncated:
scaffold_20	transdecoder	gene	12059755	12063549	.	-	.	ID=Atsept11451^scaffold_20^-;Name="ORF type:complete (+),score=17.90"scaffold_20	transdecoder	mRNA	12059755	12063549	.	-	.	ID=Atsept11451.1.p1;Parent=Atsept11451^scaffold_20^-;Name="ORF type:complete (+),score=17.90"
Warning: unexpected tab character in last column, line truncated:
scaffold_20	transdecoder	gene	1136597	1148471	.	+	.	ID=Atsept11463^scaffold_20^+;Name="ORF type:complete (+),score=38.44"scaffold_20	transdecoder	mRNA	1136597	1148471	.	+	.	ID=Atsept11463.1.p1;Parent=Atsept11463^scaffold_20^+;Name="ORF type:complete (+),score=38.44"
Warning: unexpected tab character in last column, line truncated:
scaffold_20	transdecoder	gene	372795	377444	.	+	.	ID=Atsept11475^scaffold_20^+;Name="ORF type:5prime_partial (+),score=13.57"scaffold_20	transdecoder	mRNA	372795	377444	.	+	.	ID=Atsept11475.1.p4;Parent=Atsept11475^scaffold_20^+;Name="ORF type:5prime_partial (+),score=13.57"
Warning: unexpected tab character in last column, line truncated:
scaffold_20	transdecoder	gene	14567653	14570530	.	+	.	ID=Atsept11499^scaffold_20^+;Name="ORF type:complete (+),score=8.66"scaffold_20	transdecoder	mRNA	14567653	14570530	.	+	.	ID=Atsept11499.1.p8;Parent=Atsept11499^scaffold_20^+;Name="ORF type:complete (+),score=8.66"
Warning: unexpected tab character in last column, line truncated:
scaffold_20	transdecoder	gene	15822343	15836863	.	+	.	ID=Atsept11538^scaffold_20^+;Name="ORF type:complete (+),score=80.24"scaffold_20	transdecoder	mRNA	15822343	15836863	.	+	.	ID=Atsept11538.1.p2;Parent=Atsept11538^scaffold_20^+;Name="ORF type:complete (+),score=80.24"
Warning: unexpected tab character in last column, line truncated:
scaffold_20	transdecoder	gene	16447778	16463489	.	-	.	ID=Atsept11549^scaffold_20^-;Name="ORF type:complete (+),score=19.11"scaffold_20	transdecoder	mRNA	16447778	16463489	.	-	.	ID=Atsept11549.1.p3;Parent=Atsept11549^scaffold_20^-;Name="ORF type:complete (+),score=19.11"
Warning: unexpected tab character in last column, line truncated:
scaffold_20	transdecoder	gene	16531854	16536388	.	-	.	ID=Atsept11556^scaffold_20^-;Name="ORF type:complete (+),score=12.61"scaffold_20	transdecoder	mRNA	16531854	16536388	.	-	.	ID=Atsept11556.1.p3;Parent=Atsept11556^scaffold_20^-;Name="ORF type:complete (+),score=12.61"
Warning: unexpected tab character in last column, line truncated:
scaffold_20	transdecoder	gene	16715231	16716545	.	+	.	ID=Atsept11561^scaffold_20^+;Name="ORF type:complete (+),score=34.93"scaffold_20	transdecoder	mRNA	16715231	16716545	.	+	.	ID=Atsept11561.1.p2;Parent=Atsept11561^scaffold_20^+;Name="ORF type:complete (+),score=34.93"
Warning: unexpected tab character in last column, line truncated:
scaffold_20	transdecoder	gene	16753149	16756962	.	+	.	ID=Atsept11570^scaffold_20^+;Name="ORF type:complete (+),score=48.38"scaffold_20	transdecoder	mRNA	16753149	16756962	.	+	.	ID=Atsept11570.1.p2;Parent=Atsept11570^scaffold_20^+;Name="ORF type:complete (+),score=48.38"
Warning: unexpected tab character in last column, line truncated:
scaffold_20	transdecoder	gene	16758661	16759645	.	-	.	ID=Atsept11572^scaffold_20^-;Name="ORF type:complete (+),score=22.82"scaffold_20	transdecoder	mRNA	16758661	16759645	.	-	.	ID=Atsept11572.1.p3;Parent=Atsept11572^scaffold_20^-;Name="ORF type:complete (+),score=22.82"
Warning: unexpected tab character in last column, line truncated:
scaffold_20	transdecoder	gene	16781941	16783054	.	-	.	ID=Atsept11575^scaffold_20^-;Name="ORF type:complete (+),score=37.16"scaffold_20	transdecoder	mRNA	16781941	16783054	.	-	.	ID=Atsept11575.1.p3;Parent=Atsept11575^scaffold_20^-;Name="ORF type:complete (+),score=37.16"
Warning: unexpected tab character in last column, line truncated:
scaffold_20	transdecoder	gene	16799392	16800209	.	+	.	ID=Atsept11577^scaffold_20^+;Name="ORF type:5prime_partial (+),score=20.84"scaffold_20	transdecoder	mRNA	16799392	16800209	.	+	.	ID=Atsept11577.1.p2;Parent=Atsept11577^scaffold_20^+;Name="ORF type:5prime_partial (+),score=20.84"
Warning: unexpected tab character in last column, line truncated:
scaffold_20	transdecoder	gene	16862021	16863173	.	+	.	ID=Atsept11583^scaffold_20^+;Name="ORF type:3prime_partial (+),score=8.32"scaffold_20	transdecoder	mRNA	16862021	16863173	.	+	.	ID=Atsept11583.1.p5;Parent=Atsept11583^scaffold_20^+;Name="ORF type:3prime_partial (+),score=8.32"
Warning: unexpected tab character in last column, line truncated:
scaffold_20	transdecoder	gene	16865801	16866573	.	+	.	ID=Atsept11586^scaffold_20^+;Name="ORF type:5prime_partial (+),score=6.24"scaffold_20	transdecoder	mRNA	16865801	16866573	.	+	.	ID=Atsept11586.1.p1;Parent=Atsept11586^scaffold_20^+;Name="ORF type:5prime_partial (+),score=6.24"
Warning: unexpected tab character in last column, line truncated:
scaffold_20	transdecoder	gene	17058429	17060320	.	+	.	ID=Atsept11598^scaffold_20^+;Name="ORF type:complete (+),score=42.03"scaffold_20	transdecoder	mRNA	17058429	17060320	.	+	.	ID=Atsept11598.1.p2;Parent=Atsept11598^scaffold_20^+;Name="ORF type:complete (+),score=42.03"
Warning: unexpected tab character in last column, line truncated:
scaffold_20	transdecoder	gene	17022867	17023855	.	-	.	ID=Atsept11599^scaffold_20^-;Name="ORF type:complete (+),score=9.14"scaffold_20	transdecoder	mRNA	17022867	17023855	.	-	.	ID=Atsept11599.1.p5;Parent=Atsept11599^scaffold_20^-;Name="ORF type:complete (+),score=9.14"
Warning: unexpected tab character in last column, line truncated:
scaffold_20	transdecoder	gene	17221598	17222268	.	-	.	ID=Atsept11615^scaffold_20^-;Name="ORF type:complete (+),score=13.82"scaffold_20	transdecoder	mRNA	17221598	17222268	.	-	.	ID=Atsept11615.1.p4;Parent=Atsept11615^scaffold_20^-;Name="ORF type:complete (+),score=13.82"
Warning: unexpected tab character in last column, line truncated:
scaffold_20	transdecoder	gene	17236295	17237666	.	-	.	ID=Atsept11616^scaffold_20^-;Name="ORF type:complete (+),score=22.35"scaffold_20	transdecoder	mRNA	17236295	17237666	.	-	.	ID=Atsept11616.1.p2;Parent=Atsept11616^scaffold_20^-;Name="ORF type:complete (+),score=22.35"
Warning: unexpected tab character in last column, line truncated:
scaffold_20	transdecoder	gene	1746215	1759172	.	+	.	ID=Atsept11631^scaffold_20^+;Name="ORF type:complete (+),score=75.07"scaffold_20	transdecoder	mRNA	1746215	1759172	.	+	.	ID=Atsept11631.1.p2;Parent=Atsept11631^scaffold_20^+;Name="ORF type:complete (+),score=75.07"
Warning: unexpected tab character in last column, line truncated:
scaffold_20	transdecoder	gene	2482507	2487083	.	+	.	ID=Atsept11655^scaffold_20^+;Name="ORF type:complete (+),score=9.54"scaffold_20	transdecoder	mRNA	2482507	2487083	.	+	.	ID=Atsept11655.1.p5;Parent=Atsept11655^scaffold_20^+;Name="ORF type:complete (+),score=9.54"
Warning: unexpected tab character in last column, line truncated:
scaffold_20	transdecoder	gene	2551951	2554370	.	+	.	ID=Atsept11661^scaffold_20^+;Name="ORF type:complete (+),score=69.84"scaffold_20	transdecoder	mRNA	2551951	2554370	.	+	.	ID=Atsept11661.1.p1;Parent=Atsept11661^scaffold_20^+;Name="ORF type:complete (+),score=69.84"
Warning: unexpected tab character in last column, line truncated:
scaffold_20	transdecoder	gene	3030283	3035788	.	-	.	ID=Atsept11673^scaffold_20^-;Name="ORF type:complete (+),score=11.31"scaffold_20	transdecoder	mRNA	3030283	3035788	.	-	.	ID=Atsept11673.1.p2;Parent=Atsept11673^scaffold_20^-;Name="ORF type:complete (+),score=11.31"
Warning: unexpected tab character in last column, line truncated:
scaffold_21	transdecoder	gene	5360674	5363171	.	+	.	ID=Atsept11696^scaffold_21^+;Name="ORF type:complete (+),score=42.39"scaffold_21	transdecoder	mRNA	5360674	5363171	.	+	.	ID=Atsept11696.1.p1;Parent=Atsept11696^scaffold_21^+;Name="ORF type:complete (+),score=42.39"
Warning: unexpected tab character in last column, line truncated:
scaffold_21	transdecoder	gene	5368360	5370390	.	+	.	ID=Atsept11697^scaffold_21^+;Name="ORF type:5prime_partial (+),score=67.81"scaffold_21	transdecoder	mRNA	5368360	5370390	.	+	.	ID=Atsept11697.1.p1;Parent=Atsept11697^scaffold_21^+;Name="ORF type:5prime_partial (+),score=67.81"
Warning: unexpected tab character in last column, line truncated:
scaffold_21	transdecoder	gene	5481238	5485129	.	-	.	ID=Atsept11701^scaffold_21^-;Name="ORF type:complete (+),score=42.38"scaffold_21	transdecoder	mRNA	5481238	5485129	.	-	.	ID=Atsept11701.1.p2;Parent=Atsept11701^scaffold_21^-;Name="ORF type:complete (+),score=42.38"
Warning: unexpected tab character in last column, line truncated:
scaffold_21	transdecoder	gene	5810318	5812813	.	+	.	ID=Atsept11713^scaffold_21^+;Name="ORF type:complete (-),score=2.33"scaffold_21	transdecoder	mRNA	5810318	5812813	.	+	.	ID=Atsept11713.1.p9;Parent=Atsept11713^scaffold_21^+;Name="ORF type:complete (-),score=2.33"
Warning: unexpected tab character in last column, line truncated:
scaffold_21	transdecoder	gene	5810318	5812813	.	-	.	ID=Atsept11713^scaffold_21^-;Name="ORF type:complete (+),score=18.23"scaffold_21	transdecoder	mRNA	5810318	5812813	.	-	.	ID=Atsept11713.1.p7;Parent=Atsept11713^scaffold_21^-;Name="ORF type:complete (+),score=18.23"
Warning: unexpected tab character in last column, line truncated:
scaffold_21	transdecoder	gene	5981452	5982095	.	+	.	ID=Atsept11724^scaffold_21^+;Name="ORF type:complete (+),score=16.15"scaffold_21	transdecoder	mRNA	5981452	5982095	.	+	.	ID=Atsept11724.1.p1;Parent=Atsept11724^scaffold_21^+;Name="ORF type:complete (+),score=16.15"
Warning: unexpected tab character in last column, line truncated:
scaffold_21	transdecoder	gene	6079992	6101025	.	+	.	ID=Atsept11732^scaffold_21^+;Name="ORF type:complete (+),score=38.52"scaffold_21	transdecoder	mRNA	6079992	6101025	.	+	.	ID=Atsept11732.1.p2;Parent=Atsept11732^scaffold_21^+;Name="ORF type:complete (+),score=38.52"
Warning: unexpected tab character in last column, line truncated:
scaffold_21	transdecoder	gene	6194222	6203730	.	-	.	ID=Atsept11739^scaffold_21^-;Name="ORF type:complete (+),score=19.86"scaffold_21	transdecoder	mRNA	6194222	6203730	.	-	.	ID=Atsept11739.1.p1;Parent=Atsept11739^scaffold_21^-;Name="ORF type:complete (+),score=19.86"
Warning: unexpected tab character in last column, line truncated:
scaffold_21	transdecoder	gene	6286012	6299106	.	-	.	ID=Atsept11743^scaffold_21^-;Name="ORF type:5prime_partial (+),score=2.52"scaffold_21	transdecoder	mRNA	6286012	6299106	.	-	.	ID=Atsept11743.1.p6;Parent=Atsept11743^scaffold_21^-;Name="ORF type:5prime_partial (+),score=2.52"
Warning: unexpected tab character in last column, line truncated:
scaffold_21	transdecoder	gene	6504985	6516413	.	-	.	ID=Atsept11753^scaffold_21^-;Name="ORF type:complete (+),score=19.61"scaffold_21	transdecoder	mRNA	6504985	6516413	.	-	.	ID=Atsept11753.1.p2;Parent=Atsept11753^scaffold_21^-;Name="ORF type:complete (+),score=19.61"
Warning: unexpected tab character in last column, line truncated:
scaffold_21	transdecoder	gene	6700842	6715164	.	+	.	ID=Atsept11761^scaffold_21^+;Name="ORF type:5prime_partial (+),score=9.69"scaffold_21	transdecoder	mRNA	6700842	6715164	.	+	.	ID=Atsept11761.1.p6;Parent=Atsept11761^scaffold_21^+;Name="ORF type:5prime_partial (+),score=9.69"
Warning: unexpected tab character in last column, line truncated:
scaffold_21	transdecoder	gene	6866273	6869417	.	-	.	ID=Atsept11772^scaffold_21^-;Name="ORF type:complete (+),score=12.77"scaffold_21	transdecoder	mRNA	6866273	6869417	.	-	.	ID=Atsept11772.1.p1;Parent=Atsept11772^scaffold_21^-;Name="ORF type:complete (+),score=12.77"
Warning: unexpected tab character in last column, line truncated:
scaffold_21	transdecoder	gene	7098598	7101342	.	-	.	ID=Atsept11791^scaffold_21^-;Name="ORF type:complete (+),score=15.94"scaffold_21	transdecoder	mRNA	7098598	7101342	.	-	.	ID=Atsept11791.1.p1;Parent=Atsept11791^scaffold_21^-;Name="ORF type:complete (+),score=15.94"
Warning: unexpected tab character in last column, line truncated:
scaffold_21	transdecoder	gene	7881595	7887256	.	+	.	ID=Atsept11803^scaffold_21^+;Name="ORF type:5prime_partial (+),score=26.82"scaffold_21	transdecoder	mRNA	7881595	7887256	.	+	.	ID=Atsept11803.1.p2;Parent=Atsept11803^scaffold_21^+;Name="ORF type:5prime_partial (+),score=26.82"
Warning: unexpected tab character in last column, line truncated:
scaffold_21	transdecoder	gene	7905095	7907901	.	+	.	ID=Atsept11805^scaffold_21^+;Name="ORF type:internal (+),score=21.47"scaffold_21	transdecoder	mRNA	7905095	7907901	.	+	.	ID=Atsept11805.1.p1;Parent=Atsept11805^scaffold_21^+;Name="ORF type:internal (+),score=21.47"
Warning: unexpected tab character in last column, line truncated:
scaffold_21	transdecoder	gene	946740	947979	.	+	.	ID=Atsept11808^scaffold_21^+;Name="ORF type:complete (+),score=37.05"scaffold_21	transdecoder	mRNA	946740	947979	.	+	.	ID=Atsept11808.1.p2;Parent=Atsept11808^scaffold_21^+;Name="ORF type:complete (+),score=37.05"
Warning: unexpected tab character in last column, line truncated:
scaffold_21	transdecoder	gene	1077026	1080073	.	+	.	ID=Atsept11830^scaffold_21^+;Name="ORF type:complete (+),score=201.13"scaffold_21	transdecoder	mRNA	1077026	1080073	.	+	.	ID=Atsept11830.1.p1;Parent=Atsept11830^scaffold_21^+;Name="ORF type:complete (+),score=201.13"
Warning: unexpected tab character in last column, line truncated:
scaffold_21	transdecoder	gene	8627941	8633037	.	-	.	ID=Atsept11846^scaffold_21^-;Name="ORF type:complete (+),score=49.23"scaffold_21	transdecoder	mRNA	8627941	8633037	.	-	.	ID=Atsept11846.1.p1;Parent=Atsept11846^scaffold_21^-;Name="ORF type:complete (+),score=49.23"
Warning: unexpected tab character in last column, line truncated:
scaffold_21	transdecoder	gene	8639176	8643852	.	-	.	ID=Atsept11847^scaffold_21^-;Name="ORF type:complete (+),score=35.58"scaffold_21	transdecoder	mRNA	8639176	8643852	.	-	.	ID=Atsept11847.1.p1;Parent=Atsept11847^scaffold_21^-;Name="ORF type:complete (+),score=35.58"
Warning: unexpected tab character in last column, line truncated:
scaffold_21	transdecoder	gene	8681662	8683875	.	-	.	ID=Atsept11853^scaffold_21^-;Name="ORF type:complete (+),score=22.46"scaffold_21	transdecoder	mRNA	8681662	8683875	.	-	.	ID=Atsept11853.1.p3;Parent=Atsept11853^scaffold_21^-;Name="ORF type:complete (+),score=22.46"
Warning: unexpected tab character in last column, line truncated:
scaffold_21	transdecoder	gene	8805814	8809610	.	+	.	ID=Atsept11856^scaffold_21^+;Name="ORF type:complete (+),score=16.34"scaffold_21	transdecoder	mRNA	8805814	8809610	.	+	.	ID=Atsept11856.1.p3;Parent=Atsept11856^scaffold_21^+;Name="ORF type:complete (+),score=16.34"
Warning: unexpected tab character in last column, line truncated:
scaffold_21	transdecoder	gene	8820087	8824742	.	+	.	ID=Atsept11857^scaffold_21^+;Name="ORF type:complete (+),score=12.90"scaffold_21	transdecoder	mRNA	8820087	8824742	.	+	.	ID=Atsept11857.1.p6;Parent=Atsept11857^scaffold_21^+;Name="ORF type:complete (+),score=12.90"
Warning: unexpected tab character in last column, line truncated:
scaffold_21	transdecoder	gene	8748601	8800767	.	-	.	ID=Atsept11859^scaffold_21^-;Name="ORF type:complete (+),score=18.76"scaffold_21	transdecoder	mRNA	8748601	8800767	.	-	.	ID=Atsept11859.1.p9;Parent=Atsept11859^scaffold_21^-;Name="ORF type:complete (+),score=18.76"
Warning: unexpected tab character in last column, line truncated:
scaffold_21	transdecoder	gene	1198095	1202690	.	+	.	ID=Atsept11875^scaffold_21^+;Name="ORF type:complete (+),score=10.46"scaffold_21	transdecoder	mRNA	1198095	1202690	.	+	.	ID=Atsept11875.1.p1;Parent=Atsept11875^scaffold_21^+;Name="ORF type:complete (+),score=10.46"
Warning: unexpected tab character in last column, line truncated:
scaffold_21	transdecoder	gene	9383844	9391466	.	+	.	ID=Atsept11882^scaffold_21^+;Name="ORF type:complete (+),score=46.63"scaffold_21	transdecoder	mRNA	9383844	9391466	.	+	.	ID=Atsept11882.1.p2;Parent=Atsept11882^scaffold_21^+;Name="ORF type:complete (+),score=46.63"
Warning: unexpected tab character in last column, line truncated:
scaffold_21	transdecoder	gene	9434014	9440852	.	-	.	ID=Atsept11885^scaffold_21^-;Name="ORF type:complete (+),score=9.90"scaffold_21	transdecoder	mRNA	9434014	9440852	.	-	.	ID=Atsept11885.1.p4;Parent=Atsept11885^scaffold_21^-;Name="ORF type:complete (+),score=9.90"
Warning: unexpected tab character in last column, line truncated:
scaffold_21	transdecoder	gene	9971413	9973923	.	-	.	ID=Atsept11892^scaffold_21^-;Name="ORF type:complete (+),score=33.55"scaffold_21	transdecoder	mRNA	9971413	9973923	.	-	.	ID=Atsept11892.1.p2;Parent=Atsept11892^scaffold_21^-;Name="ORF type:complete (+),score=33.55"
Warning: unexpected tab character in last column, line truncated:
scaffold_21	transdecoder	gene	10320945	10325648	.	+	.	ID=Atsept11905^scaffold_21^+;Name="ORF type:complete (+),score=13.62"scaffold_21	transdecoder	mRNA	10320945	10325648	.	+	.	ID=Atsept11905.1.p2;Parent=Atsept11905^scaffold_21^+;Name="ORF type:complete (+),score=13.62"
Warning: unexpected tab character in last column, line truncated:
scaffold_21	transdecoder	gene	10324089	10329191	.	-	.	ID=Atsept11909^scaffold_21^-;Name="ORF type:complete (+),score=28.74"scaffold_21	transdecoder	mRNA	10324089	10329191	.	-	.	ID=Atsept11909.1.p3;Parent=Atsept11909^scaffold_21^-;Name="ORF type:complete (+),score=28.74"
Warning: unexpected tab character in last column, line truncated:
scaffold_21	transdecoder	gene	10347881	10353789	.	+	.	ID=Atsept11910^scaffold_21^+;Name="ORF type:complete (+),score=30.92"scaffold_21	transdecoder	mRNA	10347881	10353789	.	+	.	ID=Atsept11910.1.p2;Parent=Atsept11910^scaffold_21^+;Name="ORF type:complete (+),score=30.92"
Warning: unexpected tab character in last column, line truncated:
scaffold_21	transdecoder	gene	10578287	10584404	.	+	.	ID=Atsept11925^scaffold_21^+;Name="ORF type:5prime_partial (+),score=13.90"scaffold_21	transdecoder	mRNA	10578287	10584404	.	+	.	ID=Atsept11925.1.p2;Parent=Atsept11925^scaffold_21^+;Name="ORF type:5prime_partial (+),score=13.90"
Warning: unexpected tab character in last column, line truncated:
scaffold_21	transdecoder	gene	10674389	10682393	.	-	.	ID=Atsept11932^scaffold_21^-;Name="ORF type:complete (+),score=34.09"scaffold_21	transdecoder	mRNA	10674389	10682393	.	-	.	ID=Atsept11932.1.p3;Parent=Atsept11932^scaffold_21^-;Name="ORF type:complete (+),score=34.09"
Warning: unexpected tab character in last column, line truncated:
scaffold_21	transdecoder	gene	10914667	10916084	.	+	.	ID=Atsept11943^scaffold_21^+;Name="ORF type:complete (+),score=104.25"scaffold_21	transdecoder	mRNA	10914667	10916084	.	+	.	ID=Atsept11943.1.p1;Parent=Atsept11943^scaffold_21^+;Name="ORF type:complete (+),score=104.25"
Warning: unexpected tab character in last column, line truncated:
scaffold_21	transdecoder	gene	11524277	11533829	.	-	.	ID=Atsept11964^scaffold_21^-;Name="ORF type:complete (+),score=17.97"scaffold_21	transdecoder	mRNA	11524277	11533829	.	-	.	ID=Atsept11964.1.p4;Parent=Atsept11964^scaffold_21^-;Name="ORF type:complete (+),score=17.97"
Warning: unexpected tab character in last column, line truncated:
scaffold_21	transdecoder	gene	1418654	1464785	.	-	.	ID=Atsept11984^scaffold_21^-;Name="ORF type:complete (+),score=6.39"scaffold_21	transdecoder	mRNA	1418654	1464785	.	-	.	ID=Atsept11984.1.p2;Parent=Atsept11984^scaffold_21^-;Name="ORF type:complete (+),score=6.39"
Warning: unexpected tab character in last column, line truncated:
scaffold_21	transdecoder	gene	11912248	11922628	.	-	.	ID=Atsept11986^scaffold_21^-;Name="ORF type:complete (+),score=17.80"scaffold_21	transdecoder	mRNA	11912248	11922628	.	-	.	ID=Atsept11986.1.p2;Parent=Atsept11986^scaffold_21^-;Name="ORF type:complete (+),score=17.80"
Warning: unexpected tab character in last column, line truncated:
scaffold_21	transdecoder	gene	12045288	12077626	.	+	.	ID=Atsept11992^scaffold_21^+;Name="ORF type:complete (+),score=25.99"scaffold_21	transdecoder	mRNA	12045288	12077626	.	+	.	ID=Atsept11992.1.p5;Parent=Atsept11992^scaffold_21^+;Name="ORF type:complete (+),score=25.99"
Warning: unexpected tab character in last column, line truncated:
scaffold_21	transdecoder	gene	1468851	1473144	.	+	.	ID=Atsept11995^scaffold_21^+;Name="ORF type:complete (+),score=22.53"scaffold_21	transdecoder	mRNA	1468851	1473144	.	+	.	ID=Atsept11995.1.p1;Parent=Atsept11995^scaffold_21^+;Name="ORF type:complete (+),score=22.53"
Warning: unexpected tab character in last column, line truncated:
scaffold_21	transdecoder	gene	12235682	12240212	.	-	.	ID=Atsept12003^scaffold_21^-;Name="ORF type:complete (+),score=23.12"scaffold_21	transdecoder	mRNA	12235682	12240212	.	-	.	ID=Atsept12003.1.p2;Parent=Atsept12003^scaffold_21^-;Name="ORF type:complete (+),score=23.12"
Warning: unexpected tab character in last column, line truncated:
scaffold_21	transdecoder	gene	12261516	12290517	.	+	.	ID=Atsept12005^scaffold_21^+;Name="ORF type:complete (+),score=11.33"scaffold_21	transdecoder	mRNA	12261516	12290517	.	+	.	ID=Atsept12005.1.p1;Parent=Atsept12005^scaffold_21^+;Name="ORF type:complete (+),score=11.33"
Warning: unexpected tab character in last column, line truncated:
scaffold_21	transdecoder	gene	12421148	12429536	.	-	.	ID=Atsept12022^scaffold_21^-;Name="ORF type:complete (+),score=13.80"scaffold_21	transdecoder	mRNA	12421148	12429536	.	-	.	ID=Atsept12022.1.p6;Parent=Atsept12022^scaffold_21^-;Name="ORF type:complete (+),score=13.80"
Warning: unexpected tab character in last column, line truncated:
scaffold_21	transdecoder	gene	12462717	12464733	.	-	.	ID=Atsept12025^scaffold_21^-;Name="ORF type:complete (+),score=1.30"scaffold_21	transdecoder	mRNA	12462717	12464733	.	-	.	ID=Atsept12025.1.p3;Parent=Atsept12025^scaffold_21^-;Name="ORF type:complete (+),score=1.30"
Warning: unexpected tab character in last column, line truncated:
scaffold_21	transdecoder	gene	12476185	12478048	.	-	.	ID=Atsept12027^scaffold_21^-;Name="ORF type:complete (+),score=30.95"scaffold_21	transdecoder	mRNA	12476185	12478048	.	-	.	ID=Atsept12027.1.p2;Parent=Atsept12027^scaffold_21^-;Name="ORF type:complete (+),score=30.95"
Warning: unexpected tab character in last column, line truncated:
scaffold_21	transdecoder	gene	12478710	12481523	.	-	.	ID=Atsept12028^scaffold_21^-;Name="ORF type:5prime_partial (+),score=16.62"scaffold_21	transdecoder	mRNA	12478710	12481523	.	-	.	ID=Atsept12028.1.p4;Parent=Atsept12028^scaffold_21^-;Name="ORF type:5prime_partial (+),score=16.62"
Warning: unexpected tab character in last column, line truncated:
scaffold_21	transdecoder	gene	12592364	12594591	.	-	.	ID=Atsept12038^scaffold_21^-;Name="ORF type:5prime_partial (+),score=7.25"scaffold_21	transdecoder	mRNA	12592364	12594591	.	-	.	ID=Atsept12038.1.p2;Parent=Atsept12038^scaffold_21^-;Name="ORF type:5prime_partial (+),score=7.25"
Warning: unexpected tab character in last column, line truncated:
scaffold_21	transdecoder	gene	12594593	12599866	.	-	.	ID=Atsept12039^scaffold_21^-;Name="ORF type:complete (+),score=18.47"scaffold_21	transdecoder	mRNA	12594593	12599866	.	-	.	ID=Atsept12039.1.p2;Parent=Atsept12039^scaffold_21^-;Name="ORF type:complete (+),score=18.47"
Warning: unexpected tab character in last column, line truncated:
scaffold_21	transdecoder	gene	12614770	12616559	.	+	.	ID=Atsept12043^scaffold_21^+;Name="ORF type:complete (+),score=16.57"scaffold_21	transdecoder	mRNA	12614770	12616559	.	+	.	ID=Atsept12043.1.p1;Parent=Atsept12043^scaffold_21^+;Name="ORF type:complete (+),score=16.57"
Warning: unexpected tab character in last column, line truncated:
scaffold_21	transdecoder	gene	12648229	12648968	.	-	.	ID=Atsept12046^scaffold_21^-;Name="ORF type:complete (+),score=11.19"scaffold_21	transdecoder	mRNA	12648229	12648968	.	-	.	ID=Atsept12046.1.p2;Parent=Atsept12046^scaffold_21^-;Name="ORF type:complete (+),score=11.19"
Warning: unexpected tab character in last column, line truncated:
scaffold_21	transdecoder	gene	12675727	12682035	.	+	.	ID=Atsept12049^scaffold_21^+;Name="ORF type:5prime_partial (+),score=13.36"scaffold_21	transdecoder	mRNA	12675727	12682035	.	+	.	ID=Atsept12049.1.p10;Parent=Atsept12049^scaffold_21^+;Name="ORF type:5prime_partial (+),score=13.36"
Warning: unexpected tab character in last column, line truncated:
scaffold_21	transdecoder	gene	12766693	12782986	.	-	.	ID=Atsept12057^scaffold_21^-;Name="ORF type:complete (+),score=82.15"scaffold_21	transdecoder	mRNA	12766693	12782986	.	-	.	ID=Atsept12057.1.p1;Parent=Atsept12057^scaffold_21^-;Name="ORF type:complete (+),score=82.15"
Warning: unexpected tab character in last column, line truncated:
scaffold_21	transdecoder	gene	12822160	12827201	.	+	.	ID=Atsept12060^scaffold_21^+;Name="ORF type:complete (+),score=27.42"scaffold_21	transdecoder	mRNA	12822160	12827201	.	+	.	ID=Atsept12060.1.p2;Parent=Atsept12060^scaffold_21^+;Name="ORF type:complete (+),score=27.42"
Warning: unexpected tab character in last column, line truncated:
scaffold_21	transdecoder	gene	12977463	12978491	.	-	.	ID=Atsept12072^scaffold_21^-;Name="ORF type:complete (+),score=45.53"scaffold_21	transdecoder	mRNA	12977463	12978491	.	-	.	ID=Atsept12072.1.p1;Parent=Atsept12072^scaffold_21^-;Name="ORF type:complete (+),score=45.53"
Warning: unexpected tab character in last column, line truncated:
scaffold_21	transdecoder	gene	13209960	13211524	.	-	.	ID=Atsept12080^scaffold_21^-;Name="ORF type:5prime_partial (+),score=17.53"scaffold_21	transdecoder	mRNA	13209960	13211524	.	-	.	ID=Atsept12080.1.p2;Parent=Atsept12080^scaffold_21^-;Name="ORF type:5prime_partial (+),score=17.53"
Warning: unexpected tab character in last column, line truncated:
scaffold_21	transdecoder	gene	13379492	13396541	.	-	.	ID=Atsept12089^scaffold_21^-;Name="ORF type:5prime_partial (+),score=9.07"scaffold_21	transdecoder	mRNA	13379492	13396541	.	-	.	ID=Atsept12089.1.p2;Parent=Atsept12089^scaffold_21^-;Name="ORF type:5prime_partial (+),score=9.07"
Warning: unexpected tab character in last column, line truncated:
scaffold_21	transdecoder	gene	13423144	13426283	.	+	.	ID=Atsept12092^scaffold_21^+;Name="ORF type:5prime_partial (+),score=39.56"scaffold_21	transdecoder	mRNA	13423144	13426283	.	+	.	ID=Atsept12092.1.p2;Parent=Atsept12092^scaffold_21^+;Name="ORF type:5prime_partial (+),score=39.56"
Warning: unexpected tab character in last column, line truncated:
scaffold_21	transdecoder	gene	2032692	2034564	.	+	.	ID=Atsept12095^scaffold_21^+;Name="ORF type:complete (+),score=39.48"scaffold_21	transdecoder	mRNA	2032692	2034564	.	+	.	ID=Atsept12095.1.p1;Parent=Atsept12095^scaffold_21^+;Name="ORF type:complete (+),score=39.48"
Warning: unexpected tab character in last column, line truncated:
scaffold_21	transdecoder	gene	13660036	13664749	.	+	.	ID=Atsept12099^scaffold_21^+;Name="ORF type:complete (+),score=56.39"scaffold_21	transdecoder	mRNA	13660036	13664749	.	+	.	ID=Atsept12099.1.p2;Parent=Atsept12099^scaffold_21^+;Name="ORF type:complete (+),score=56.39"
Warning: unexpected tab character in last column, line truncated:
scaffold_21	transdecoder	gene	13739630	13743361	.	-	.	ID=Atsept12107^scaffold_21^-;Name="ORF type:complete (+),score=33.19"scaffold_21	transdecoder	mRNA	13739630	13743361	.	-	.	ID=Atsept12107.1.p2;Parent=Atsept12107^scaffold_21^-;Name="ORF type:complete (+),score=33.19"
Warning: unexpected tab character in last column, line truncated:
scaffold_21	transdecoder	gene	13942663	13945725	.	-	.	ID=Atsept12114^scaffold_21^-;Name="ORF type:complete (+),score=12.36"scaffold_21	transdecoder	mRNA	13942663	13945725	.	-	.	ID=Atsept12114.1.p1;Parent=Atsept12114^scaffold_21^-;Name="ORF type:complete (+),score=12.36"
Warning: unexpected tab character in last column, line truncated:
scaffold_21	transdecoder	gene	13983439	13985236	.	-	.	ID=Atsept12118^scaffold_21^-;Name="ORF type:complete (+),score=12.25"scaffold_21	transdecoder	mRNA	13983439	13985236	.	-	.	ID=Atsept12118.1.p2;Parent=Atsept12118^scaffold_21^-;Name="ORF type:complete (+),score=12.25"
Warning: unexpected tab character in last column, line truncated:
scaffold_21	transdecoder	gene	14049593	14055858	.	+	.	ID=Atsept12124^scaffold_21^+;Name="ORF type:complete (+),score=31.93"scaffold_21	transdecoder	mRNA	14049593	14055858	.	+	.	ID=Atsept12124.1.p1;Parent=Atsept12124^scaffold_21^+;Name="ORF type:complete (+),score=31.93"
Warning: unexpected tab character in last column, line truncated:
scaffold_21	transdecoder	gene	14074785	14079900	.	+	.	ID=Atsept12126^scaffold_21^+;Name="ORF type:complete (+),score=73.40"scaffold_21	transdecoder	mRNA	14074785	14079900	.	+	.	ID=Atsept12126.1.p1;Parent=Atsept12126^scaffold_21^+;Name="ORF type:complete (+),score=73.40"
Warning: unexpected tab character in last column, line truncated:
scaffold_21	transdecoder	gene	14048812	14074485	.	-	.	ID=Atsept12130^scaffold_21^-;Name="ORF type:complete (+),score=17.81"scaffold_21	transdecoder	mRNA	14048812	14074485	.	-	.	ID=Atsept12130.1.p2;Parent=Atsept12130^scaffold_21^-;Name="ORF type:complete (+),score=17.81"
Warning: unexpected tab character in last column, line truncated:
scaffold_21	transdecoder	gene	14176890	14179905	.	-	.	ID=Atsept12136^scaffold_21^-;Name="ORF type:complete (+),score=24.20"scaffold_21	transdecoder	mRNA	14176890	14179905	.	-	.	ID=Atsept12136.1.p1;Parent=Atsept12136^scaffold_21^-;Name="ORF type:complete (+),score=24.20"
Warning: unexpected tab character in last column, line truncated:
scaffold_21	transdecoder	gene	14216435	14219186	.	-	.	ID=Atsept12138^scaffold_21^-;Name="ORF type:complete (+),score=36.84"scaffold_21	transdecoder	mRNA	14216435	14219186	.	-	.	ID=Atsept12138.1.p2;Parent=Atsept12138^scaffold_21^-;Name="ORF type:complete (+),score=36.84"
Warning: unexpected tab character in last column, line truncated:
scaffold_21	transdecoder	gene	14226743	14238839	.	+	.	ID=Atsept12139^scaffold_21^+;Name="ORF type:complete (+),score=87.05"scaffold_21	transdecoder	mRNA	14226743	14238839	.	+	.	ID=Atsept12139.1.p2;Parent=Atsept12139^scaffold_21^+;Name="ORF type:complete (+),score=87.05"
Warning: unexpected tab character in last column, line truncated:
scaffold_21	transdecoder	gene	14600901	14604326	.	+	.	ID=Atsept12155^scaffold_21^+;Name="ORF type:complete (+),score=41.89"scaffold_21	transdecoder	mRNA	14600901	14604326	.	+	.	ID=Atsept12155.1.p2;Parent=Atsept12155^scaffold_21^+;Name="ORF type:complete (+),score=41.89"
Warning: unexpected tab character in last column, line truncated:
scaffold_21	transdecoder	gene	2440615	2440947	.	-	.	ID=Atsept12169^scaffold_21^-;Name="ORF type:3prime_partial (+),score=10.36"scaffold_21	transdecoder	mRNA	2440615	2440947	.	-	.	ID=Atsept12169.1.p1;Parent=Atsept12169^scaffold_21^-;Name="ORF type:3prime_partial (+),score=10.36"
Warning: unexpected tab character in last column, line truncated:
scaffold_21	transdecoder	gene	2978797	2983385	.	+	.	ID=Atsept12180^scaffold_21^+;Name="ORF type:complete (+),score=41.59"scaffold_21	transdecoder	mRNA	2978797	2983385	.	+	.	ID=Atsept12180.1.p1;Parent=Atsept12180^scaffold_21^+;Name="ORF type:complete (+),score=41.59"
Warning: unexpected tab character in last column, line truncated:
scaffold_21	transdecoder	gene	3050722	3083193	.	+	.	ID=Atsept12181^scaffold_21^+;Name="ORF type:complete (+),score=30.41"scaffold_21	transdecoder	mRNA	3050722	3083193	.	+	.	ID=Atsept12181.1.p2;Parent=Atsept12181^scaffold_21^+;Name="ORF type:complete (+),score=30.41"
Warning: unexpected tab character in last column, line truncated:
scaffold_21	transdecoder	gene	3024074	3033264	.	-	.	ID=Atsept12182^scaffold_21^-;Name="ORF type:complete (+),score=19.51"scaffold_21	transdecoder	mRNA	3024074	3033264	.	-	.	ID=Atsept12182.1.p2;Parent=Atsept12182^scaffold_21^-;Name="ORF type:complete (+),score=19.51"
Warning: unexpected tab character in last column, line truncated:
scaffold_21	transdecoder	gene	3074996	3078062	.	-	.	ID=Atsept12183^scaffold_21^-;Name="ORF type:3prime_partial (+),score=26.45"scaffold_21	transdecoder	mRNA	3074996	3078062	.	-	.	ID=Atsept12183.1.p1;Parent=Atsept12183^scaffold_21^-;Name="ORF type:3prime_partial (+),score=26.45"
Warning: unexpected tab character in last column, line truncated:
scaffold_21	transdecoder	gene	3086947	3091913	.	+	.	ID=Atsept12185^scaffold_21^+;Name="ORF type:complete (+),score=27.41"scaffold_21	transdecoder	mRNA	3086947	3091913	.	+	.	ID=Atsept12185.1.p1;Parent=Atsept12185^scaffold_21^+;Name="ORF type:complete (+),score=27.41"
Warning: unexpected tab character in last column, line truncated:
scaffold_21	transdecoder	gene	3129986	3133481	.	-	.	ID=Atsept12187^scaffold_21^-;Name="ORF type:complete (+),score=12.91"scaffold_21	transdecoder	mRNA	3129986	3133481	.	-	.	ID=Atsept12187.1.p3;Parent=Atsept12187^scaffold_21^-;Name="ORF type:complete (+),score=12.91"
Warning: unexpected tab character in last column, line truncated:
scaffold_21	transdecoder	gene	3178168	3181192	.	+	.	ID=Atsept12189^scaffold_21^+;Name="ORF type:3prime_partial (+),score=7.19"scaffold_21	transdecoder	mRNA	3178168	3181192	.	+	.	ID=Atsept12189.1.p5;Parent=Atsept12189^scaffold_21^+;Name="ORF type:3prime_partial (+),score=7.19"
Warning: unexpected tab character in last column, line truncated:
scaffold_21	transdecoder	gene	3229588	3232854	.	+	.	ID=Atsept12192^scaffold_21^+;Name="ORF type:5prime_partial (+),score=28.95"scaffold_21	transdecoder	mRNA	3229588	3232854	.	+	.	ID=Atsept12192.1.p3;Parent=Atsept12192^scaffold_21^+;Name="ORF type:5prime_partial (+),score=28.95"
Warning: unexpected tab character in last column, line truncated:
scaffold_21	transdecoder	gene	3319961	3361366	.	-	.	ID=Atsept12193^scaffold_21^-;Name="ORF type:complete (+),score=3.41"scaffold_21	transdecoder	mRNA	3319961	3361366	.	-	.	ID=Atsept12193.1.p3;Parent=Atsept12193^scaffold_21^-;Name="ORF type:complete (+),score=3.41"
Warning: unexpected tab character in last column, line truncated:
scaffold_21	transdecoder	gene	3370973	3372495	.	-	.	ID=Atsept12194^scaffold_21^-;Name="ORF type:complete (+),score=27.97"scaffold_21	transdecoder	mRNA	3370973	3372495	.	-	.	ID=Atsept12194.1.p1;Parent=Atsept12194^scaffold_21^-;Name="ORF type:complete (+),score=27.97"
Warning: unexpected tab character in last column, line truncated:
scaffold_21	transdecoder	gene	3547480	3553277	.	-	.	ID=Atsept12199^scaffold_21^-;Name="ORF type:complete (+),score=23.62"scaffold_21	transdecoder	mRNA	3547480	3553277	.	-	.	ID=Atsept12199.1.p2;Parent=Atsept12199^scaffold_21^-;Name="ORF type:complete (+),score=23.62"
Warning: unexpected tab character in last column, line truncated:
scaffold_21	transdecoder	gene	4106663	4112054	.	-	.	ID=Atsept12202^scaffold_21^-;Name="ORF type:complete (+),score=17.43"scaffold_21	transdecoder	mRNA	4106663	4112054	.	-	.	ID=Atsept12202.1.p1;Parent=Atsept12202^scaffold_21^-;Name="ORF type:complete (+),score=17.43"
Warning: unexpected tab character in last column, line truncated:
scaffold_21	transdecoder	gene	4531677	4532679	.	+	.	ID=Atsept12207^scaffold_21^+;Name="ORF type:complete (+),score=18.67"scaffold_21	transdecoder	mRNA	4531677	4532679	.	+	.	ID=Atsept12207.1.p1;Parent=Atsept12207^scaffold_21^+;Name="ORF type:complete (+),score=18.67"
Warning: unexpected tab character in last column, line truncated:
scaffold_21	transdecoder	gene	4650890	4653278	.	-	.	ID=Atsept12210^scaffold_21^-;Name="ORF type:5prime_partial (+),score=20.62"scaffold_21	transdecoder	mRNA	4650890	4653278	.	-	.	ID=Atsept12210.1.p1;Parent=Atsept12210^scaffold_21^-;Name="ORF type:5prime_partial (+),score=20.62"
Warning: unexpected tab character in last column, line truncated:
scaffold_21	transdecoder	gene	4698092	4699836	.	-	.	ID=Atsept12212^scaffold_21^-;Name="ORF type:5prime_partial (+),score=23.10"scaffold_21	transdecoder	mRNA	4698092	4699836	.	-	.	ID=Atsept12212.1.p2;Parent=Atsept12212^scaffold_21^-;Name="ORF type:5prime_partial (+),score=23.10"
Warning: unexpected tab character in last column, line truncated:
scaffold_22	transdecoder	gene	2644558	2647100	.	+	.	ID=Atsept12242^scaffold_22^+;Name="ORF type:complete (+),score=9.94"scaffold_22	transdecoder	mRNA	2644558	2647100	.	+	.	ID=Atsept12242.1.p4;Parent=Atsept12242^scaffold_22^+;Name="ORF type:complete (+),score=9.94"
Warning: unexpected tab character in last column, line truncated:
scaffold_22	transdecoder	gene	4139812	4145237	.	-	.	ID=Atsept12257^scaffold_22^-;Name="ORF type:complete (+),score=18.27"scaffold_22	transdecoder	mRNA	4139812	4145237	.	-	.	ID=Atsept12257.1.p2;Parent=Atsept12257^scaffold_22^-;Name="ORF type:complete (+),score=18.27"
Warning: unexpected tab character in last column, line truncated:
scaffold_22	transdecoder	gene	4316536	4318285	.	-	.	ID=Atsept12258^scaffold_22^-;Name="ORF type:5prime_partial (+),score=0.89"scaffold_22	transdecoder	mRNA	4316536	4318285	.	-	.	ID=Atsept12258.1.p1;Parent=Atsept12258^scaffold_22^-;Name="ORF type:5prime_partial (+),score=0.89"
Warning: unexpected tab character in last column, line truncated:
scaffold_22	transdecoder	gene	5137577	5150332	.	-	.	ID=Atsept12265^scaffold_22^-;Name="ORF type:complete (+),score=49.43"scaffold_22	transdecoder	mRNA	5137577	5150332	.	-	.	ID=Atsept12265.1.p2;Parent=Atsept12265^scaffold_22^-;Name="ORF type:complete (+),score=49.43"
Warning: unexpected tab character in last column, line truncated:
scaffold_22	transdecoder	gene	5154801	5160173	.	+	.	ID=Atsept12266^scaffold_22^+;Name="ORF type:complete (+),score=14.80"scaffold_22	transdecoder	mRNA	5154801	5160173	.	+	.	ID=Atsept12266.1.p1;Parent=Atsept12266^scaffold_22^+;Name="ORF type:complete (+),score=14.80"
Warning: unexpected tab character in last column, line truncated:
scaffold_22	transdecoder	gene	281986	290904	.	+	.	ID=Atsept12271^scaffold_22^+;Name="ORF type:complete (+),score=61.26"scaffold_22	transdecoder	mRNA	281986	290904	.	+	.	ID=Atsept12271.1.p1;Parent=Atsept12271^scaffold_22^+;Name="ORF type:complete (+),score=61.26"
Warning: unexpected tab character in last column, line truncated:
scaffold_22	transdecoder	gene	5848952	5858605	.	+	.	ID=Atsept12279^scaffold_22^+;Name="ORF type:complete (+),score=84.08"scaffold_22	transdecoder	mRNA	5848952	5858605	.	+	.	ID=Atsept12279.1.p1;Parent=Atsept12279^scaffold_22^+;Name="ORF type:complete (+),score=84.08"
Warning: unexpected tab character in last column, line truncated:
scaffold_22	transdecoder	gene	6404306	6426080	.	-	.	ID=Atsept12300^scaffold_22^-;Name="ORF type:complete (+),score=31.42"scaffold_22	transdecoder	mRNA	6404306	6426080	.	-	.	ID=Atsept12300.1.p2;Parent=Atsept12300^scaffold_22^-;Name="ORF type:complete (+),score=31.42"
Warning: unexpected tab character in last column, line truncated:
scaffold_22	transdecoder	gene	6555917	6557526	.	+	.	ID=Atsept12301^scaffold_22^+;Name="ORF type:5prime_partial (+),score=17.67"scaffold_22	transdecoder	mRNA	6555917	6557526	.	+	.	ID=Atsept12301.1.p2;Parent=Atsept12301^scaffold_22^+;Name="ORF type:5prime_partial (+),score=17.67"
Warning: unexpected tab character in last column, line truncated:
scaffold_22	transdecoder	gene	6498275	6498959	.	-	.	ID=Atsept12306^scaffold_22^-;Name="ORF type:complete (+),score=11.92"scaffold_22	transdecoder	mRNA	6498275	6498959	.	-	.	ID=Atsept12306.1.p2;Parent=Atsept12306^scaffold_22^-;Name="ORF type:complete (+),score=11.92"
Warning: unexpected tab character in last column, line truncated:
scaffold_22	transdecoder	gene	6588361	6599707	.	+	.	ID=Atsept12308^scaffold_22^+;Name="ORF type:5prime_partial (+),score=9.41"scaffold_22	transdecoder	mRNA	6588361	6599707	.	+	.	ID=Atsept12308.1.p3;Parent=Atsept12308^scaffold_22^+;Name="ORF type:5prime_partial (+),score=9.41"
Warning: unexpected tab character in last column, line truncated:
scaffold_22	transdecoder	gene	6713780	6717029	.	+	.	ID=Atsept12310^scaffold_22^+;Name="ORF type:5prime_partial (+),score=14.82"scaffold_22	transdecoder	mRNA	6713780	6717029	.	+	.	ID=Atsept12310.1.p10;Parent=Atsept12310^scaffold_22^+;Name="ORF type:5prime_partial (+),score=14.82"
Warning: unexpected tab character in last column, line truncated:
scaffold_22	transdecoder	gene	7295449	7296032	.	+	.	ID=Atsept12317^scaffold_22^+;Name="ORF type:complete (+),score=13.86"scaffold_22	transdecoder	mRNA	7295449	7296032	.	+	.	ID=Atsept12317.1.p3;Parent=Atsept12317^scaffold_22^+;Name="ORF type:complete (+),score=13.86"
Warning: unexpected tab character in last column, line truncated:
scaffold_22	transdecoder	gene	7568050	7569882	.	-	.	ID=Atsept12334^scaffold_22^-;Name="ORF type:complete (+),score=3.72"scaffold_22	transdecoder	mRNA	7568050	7569882	.	-	.	ID=Atsept12334.1.p7;Parent=Atsept12334^scaffold_22^-;Name="ORF type:complete (+),score=3.72"
Warning: unexpected tab character in last column, line truncated:
scaffold_22	transdecoder	gene	8274894	8296252	.	-	.	ID=Atsept12358^scaffold_22^-;Name="ORF type:complete (+),score=14.41"scaffold_22	transdecoder	mRNA	8274894	8296252	.	-	.	ID=Atsept12358.1.p1;Parent=Atsept12358^scaffold_22^-;Name="ORF type:complete (+),score=14.41"
Warning: unexpected tab character in last column, line truncated:
scaffold_22	transdecoder	gene	459176	465237	.	+	.	ID=Atsept12360^scaffold_22^+;Name="ORF type:5prime_partial (+),score=20.19"scaffold_22	transdecoder	mRNA	459176	465237	.	+	.	ID=Atsept12360.1.p2;Parent=Atsept12360^scaffold_22^+;Name="ORF type:5prime_partial (+),score=20.19"
Warning: unexpected tab character in last column, line truncated:
scaffold_22	transdecoder	gene	8475536	8486548	.	+	.	ID=Atsept12361^scaffold_22^+;Name="ORF type:complete (+),score=16.68"scaffold_22	transdecoder	mRNA	8475536	8486548	.	+	.	ID=Atsept12361.1.p2;Parent=Atsept12361^scaffold_22^+;Name="ORF type:complete (+),score=16.68"
Warning: unexpected tab character in last column, line truncated:
scaffold_22	transdecoder	gene	8768728	8774159	.	+	.	ID=Atsept12368^scaffold_22^+;Name="ORF type:5prime_partial (+),score=15.07"scaffold_22	transdecoder	mRNA	8768728	8774159	.	+	.	ID=Atsept12368.1.p3;Parent=Atsept12368^scaffold_22^+;Name="ORF type:5prime_partial (+),score=15.07"
Warning: unexpected tab character in last column, line truncated:
scaffold_22	transdecoder	gene	474307	476124	.	+	.	ID=Atsept12383^scaffold_22^+;Name="ORF type:complete (+),score=18.43"scaffold_22	transdecoder	mRNA	474307	476124	.	+	.	ID=Atsept12383.1.p2;Parent=Atsept12383^scaffold_22^+;Name="ORF type:complete (+),score=18.43"
Warning: unexpected tab character in last column, line truncated:
scaffold_22	transdecoder	gene	9784057	9790445	.	+	.	ID=Atsept12392^scaffold_22^+;Name="ORF type:complete (+),score=11.18"scaffold_22	transdecoder	mRNA	9784057	9790445	.	+	.	ID=Atsept12392.1.p4;Parent=Atsept12392^scaffold_22^+;Name="ORF type:complete (+),score=11.18"
Warning: unexpected tab character in last column, line truncated:
scaffold_22	transdecoder	gene	9933512	9934304	.	-	.	ID=Atsept12397^scaffold_22^-;Name="ORF type:complete (+),score=4.79"scaffold_22	transdecoder	mRNA	9933512	9934304	.	-	.	ID=Atsept12397.1.p1;Parent=Atsept12397^scaffold_22^-;Name="ORF type:complete (+),score=4.79"
Warning: unexpected tab character in last column, line truncated:
scaffold_22	transdecoder	gene	10389412	10425059	.	+	.	ID=Atsept12402^scaffold_22^+;Name="ORF type:complete (+),score=5.16"scaffold_22	transdecoder	mRNA	10389412	10425059	.	+	.	ID=Atsept12402.1.p16;Parent=Atsept12402^scaffold_22^+;Name="ORF type:complete (+),score=5.16"
Warning: unexpected tab character in last column, line truncated:
scaffold_22	transdecoder	gene	10388100	10389749	.	-	.	ID=Atsept12403^scaffold_22^-;Name="ORF type:complete (+),score=8.82"scaffold_22	transdecoder	mRNA	10388100	10389749	.	-	.	ID=Atsept12403.1.p4;Parent=Atsept12403^scaffold_22^-;Name="ORF type:complete (+),score=8.82"
Warning: unexpected tab character in last column, line truncated:
scaffold_22	transdecoder	gene	11251144	11254350	.	+	.	ID=Atsept12431^scaffold_22^+;Name="ORF type:5prime_partial (+),score=7.89"scaffold_22	transdecoder	mRNA	11251144	11254350	.	+	.	ID=Atsept12431.1.p7;Parent=Atsept12431^scaffold_22^+;Name="ORF type:5prime_partial (+),score=7.89"
Warning: unexpected tab character in last column, line truncated:
scaffold_22	transdecoder	gene	533638	539357	.	+	.	ID=Atsept12438^scaffold_22^+;Name="ORF type:complete (+),score=33.88"scaffold_22	transdecoder	mRNA	533638	539357	.	+	.	ID=Atsept12438.1.p2;Parent=Atsept12438^scaffold_22^+;Name="ORF type:complete (+),score=33.88"
Warning: unexpected tab character in last column, line truncated:
scaffold_22	transdecoder	gene	11485683	11486648	.	-	.	ID=Atsept12442^scaffold_22^-;Name="ORF type:complete (+),score=8.87"scaffold_22	transdecoder	mRNA	11485683	11486648	.	-	.	ID=Atsept12442.1.p3;Parent=Atsept12442^scaffold_22^-;Name="ORF type:complete (+),score=8.87"
Warning: unexpected tab character in last column, line truncated:
scaffold_22	transdecoder	gene	11579394	11580728	.	-	.	ID=Atsept12445^scaffold_22^-;Name="ORF type:complete (+),score=10.90"scaffold_22	transdecoder	mRNA	11579394	11580728	.	-	.	ID=Atsept12445.1.p3;Parent=Atsept12445^scaffold_22^-;Name="ORF type:complete (+),score=10.90"
Warning: unexpected tab character in last column, line truncated:
scaffold_22	transdecoder	gene	11681530	11688018	.	-	.	ID=Atsept12448^scaffold_22^-;Name="ORF type:complete (+),score=34.45"scaffold_22	transdecoder	mRNA	11681530	11688018	.	-	.	ID=Atsept12448.1.p2;Parent=Atsept12448^scaffold_22^-;Name="ORF type:complete (+),score=34.45"
Warning: unexpected tab character in last column, line truncated:
scaffold_22	transdecoder	gene	11790928	11801194	.	-	.	ID=Atsept12454^scaffold_22^-;Name="ORF type:complete (+),score=19.87"scaffold_22	transdecoder	mRNA	11790928	11801194	.	-	.	ID=Atsept12454.1.p3;Parent=Atsept12454^scaffold_22^-;Name="ORF type:complete (+),score=19.87"
Warning: unexpected tab character in last column, line truncated:
scaffold_22	transdecoder	gene	550882	556334	.	+	.	ID=Atsept12461^scaffold_22^+;Name="ORF type:complete (+),score=33.44"scaffold_22	transdecoder	mRNA	550882	556334	.	+	.	ID=Atsept12461.1.p1;Parent=Atsept12461^scaffold_22^+;Name="ORF type:complete (+),score=33.44"
Warning: unexpected tab character in last column, line truncated:
scaffold_22	transdecoder	gene	12493111	12493932	.	+	.	ID=Atsept12462^scaffold_22^+;Name="ORF type:complete (+),score=6.35"scaffold_22	transdecoder	mRNA	12493111	12493932	.	+	.	ID=Atsept12462.1.p1;Parent=Atsept12462^scaffold_22^+;Name="ORF type:complete (+),score=6.35"
Warning: unexpected tab character in last column, line truncated:
scaffold_22	transdecoder	gene	12623027	12624114	.	+	.	ID=Atsept12463^scaffold_22^+;Name="ORF type:complete (+),score=198.93"scaffold_22	transdecoder	mRNA	12623027	12624114	.	+	.	ID=Atsept12463.1.p3;Parent=Atsept12463^scaffold_22^+;Name="ORF type:complete (+),score=198.93"
Warning: unexpected tab character in last column, line truncated:
scaffold_22	transdecoder	gene	13223485	13230980	.	-	.	ID=Atsept12468^scaffold_22^-;Name="ORF type:complete (+),score=9.85"scaffold_22	transdecoder	mRNA	13223485	13230980	.	-	.	ID=Atsept12468.1.p1;Parent=Atsept12468^scaffold_22^-;Name="ORF type:complete (+),score=9.85"
Warning: unexpected tab character in last column, line truncated:
scaffold_22	transdecoder	gene	565514	568901	.	+	.	ID=Atsept12472^scaffold_22^+;Name="ORF type:complete (+),score=10.06"scaffold_22	transdecoder	mRNA	565514	568901	.	+	.	ID=Atsept12472.1.p1;Parent=Atsept12472^scaffold_22^+;Name="ORF type:complete (+),score=10.06"
Warning: unexpected tab character in last column, line truncated:
scaffold_22	transdecoder	gene	13738095	13755807	.	-	.	ID=Atsept12478^scaffold_22^-;Name="ORF type:complete (+),score=7.30"scaffold_22	transdecoder	mRNA	13738095	13755807	.	-	.	ID=Atsept12478.1.p6;Parent=Atsept12478^scaffold_22^-;Name="ORF type:complete (+),score=7.30"
Warning: unexpected tab character in last column, line truncated:
scaffold_22	transdecoder	gene	572820	574729	.	+	.	ID=Atsept12481^scaffold_22^+;Name="ORF type:complete (+),score=22.84"scaffold_22	transdecoder	mRNA	572820	574729	.	+	.	ID=Atsept12481.1.p1;Parent=Atsept12481^scaffold_22^+;Name="ORF type:complete (+),score=22.84"
Warning: unexpected tab character in last column, line truncated:
scaffold_22	transdecoder	gene	576118	579636	.	+	.	ID=Atsept12482^scaffold_22^+;Name="ORF type:complete (+),score=29.47"scaffold_22	transdecoder	mRNA	576118	579636	.	+	.	ID=Atsept12482.1.p1;Parent=Atsept12482^scaffold_22^+;Name="ORF type:complete (+),score=29.47"
Warning: unexpected tab character in last column, line truncated:
scaffold_22	transdecoder	gene	606144	612148	.	-	.	ID=Atsept12489^scaffold_22^-;Name="ORF type:complete (+),score=59.46"scaffold_22	transdecoder	mRNA	606144	612148	.	-	.	ID=Atsept12489.1.p2;Parent=Atsept12489^scaffold_22^-;Name="ORF type:complete (+),score=59.46"
Warning: unexpected tab character in last column, line truncated:
scaffold_22	transdecoder	gene	1077157	1089559	.	+	.	ID=Atsept12506^scaffold_22^+;Name="ORF type:complete (+),score=18.79"scaffold_22	transdecoder	mRNA	1077157	1089559	.	+	.	ID=Atsept12506.1.p2;Parent=Atsept12506^scaffold_22^+;Name="ORF type:complete (+),score=18.79"
Warning: unexpected tab character in last column, line truncated:
scaffold_22	transdecoder	gene	1089398	1114304	.	-	.	ID=Atsept12508^scaffold_22^-;Name="ORF type:complete (+),score=94.74"scaffold_22	transdecoder	mRNA	1089398	1114304	.	-	.	ID=Atsept12508.1.p2;Parent=Atsept12508^scaffold_22^-;Name="ORF type:complete (+),score=94.74"
Warning: unexpected tab character in last column, line truncated:
scaffold_22	transdecoder	gene	1324317	1325471	.	+	.	ID=Atsept12520^scaffold_22^+;Name="ORF type:complete (+),score=31.48"scaffold_22	transdecoder	mRNA	1324317	1325471	.	+	.	ID=Atsept12520.1.p2;Parent=Atsept12520^scaffold_22^+;Name="ORF type:complete (+),score=31.48"
Warning: unexpected tab character in last column, line truncated:
scaffold_22	transdecoder	gene	224877	229682	.	+	.	ID=Atsept12521^scaffold_22^+;Name="ORF type:5prime_partial (+),score=43.65"scaffold_22	transdecoder	mRNA	224877	229682	.	+	.	ID=Atsept12521.1.p1;Parent=Atsept12521^scaffold_22^+;Name="ORF type:5prime_partial (+),score=43.65"
Warning: unexpected tab character in last column, line truncated:
scaffold_22	transdecoder	gene	1407403	1408155	.	+	.	ID=Atsept12529^scaffold_22^+;Name="ORF type:complete (+),score=9.07"scaffold_22	transdecoder	mRNA	1407403	1408155	.	+	.	ID=Atsept12529.1.p7;Parent=Atsept12529^scaffold_22^+;Name="ORF type:complete (+),score=9.07"
Warning: unexpected tab character in last column, line truncated:
scaffold_22	transdecoder	gene	1409258	1422287	.	+	.	ID=Atsept12530^scaffold_22^+;Name="ORF type:complete (+),score=72.55"scaffold_22	transdecoder	mRNA	1409258	1422287	.	+	.	ID=Atsept12530.1.p2;Parent=Atsept12530^scaffold_22^+;Name="ORF type:complete (+),score=72.55"
Warning: unexpected tab character in last column, line truncated:
scaffold_23	transdecoder	gene	1905182	1906604	.	-	.	ID=Atsept12559^scaffold_23^-;Name="ORF type:complete (+),score=13.69"scaffold_23	transdecoder	mRNA	1905182	1906604	.	-	.	ID=Atsept12559.1.p3;Parent=Atsept12559^scaffold_23^-;Name="ORF type:complete (+),score=13.69"
Warning: unexpected tab character in last column, line truncated:
scaffold_23	transdecoder	gene	122734	127451	.	-	.	ID=Atsept12565^scaffold_23^-;Name="ORF type:complete (+),score=49.04"scaffold_23	transdecoder	mRNA	122734	127451	.	-	.	ID=Atsept12565.1.p2;Parent=Atsept12565^scaffold_23^-;Name="ORF type:complete (+),score=49.04"
Warning: unexpected tab character in last column, line truncated:
scaffold_23	transdecoder	gene	3518637	3519136	.	-	.	ID=Atsept12603^scaffold_23^-;Name="ORF type:complete (+),score=2.34"scaffold_23	transdecoder	mRNA	3518637	3519136	.	-	.	ID=Atsept12603.1.p2;Parent=Atsept12603^scaffold_23^-;Name="ORF type:complete (+),score=2.34"
Warning: unexpected tab character in last column, line truncated:
scaffold_23	transdecoder	gene	4290247	4290959	.	+	.	ID=Atsept12619^scaffold_23^+;Name="ORF type:complete (+),score=31.88"scaffold_23	transdecoder	mRNA	4290247	4290959	.	+	.	ID=Atsept12619.1.p2;Parent=Atsept12619^scaffold_23^+;Name="ORF type:complete (+),score=31.88"
Warning: unexpected tab character in last column, line truncated:
scaffold_23	transdecoder	gene	4807115	4810034	.	+	.	ID=Atsept12625^scaffold_23^+;Name="ORF type:5prime_partial (+),score=44.45"scaffold_23	transdecoder	mRNA	4807115	4810034	.	+	.	ID=Atsept12625.1.p1;Parent=Atsept12625^scaffold_23^+;Name="ORF type:5prime_partial (+),score=44.45"
Warning: unexpected tab character in last column, line truncated:
scaffold_23	transdecoder	gene	5049390	5054443	.	-	.	ID=Atsept12631^scaffold_23^-;Name="ORF type:complete (+),score=11.09"scaffold_23	transdecoder	mRNA	5049390	5054443	.	-	.	ID=Atsept12631.1.p2;Parent=Atsept12631^scaffold_23^-;Name="ORF type:complete (+),score=11.09"
Warning: unexpected tab character in last column, line truncated:
scaffold_23	transdecoder	gene	5068406	5069199	.	-	.	ID=Atsept12633^scaffold_23^-;Name="ORF type:complete (+),score=35.22"scaffold_23	transdecoder	mRNA	5068406	5069199	.	-	.	ID=Atsept12633.1.p1;Parent=Atsept12633^scaffold_23^-;Name="ORF type:complete (+),score=35.22"
Warning: unexpected tab character in last column, line truncated:
scaffold_23	transdecoder	gene	5164540	5167282	.	-	.	ID=Atsept12637^scaffold_23^-;Name="ORF type:3prime_partial (+),score=14.89"scaffold_23	transdecoder	mRNA	5164540	5167282	.	-	.	ID=Atsept12637.1.p1;Parent=Atsept12637^scaffold_23^-;Name="ORF type:3prime_partial (+),score=14.89"
Warning: unexpected tab character in last column, line truncated:
scaffold_23	transdecoder	gene	5273424	5276241	.	-	.	ID=Atsept12648^scaffold_23^-;Name="ORF type:5prime_partial (+),score=34.06"scaffold_23	transdecoder	mRNA	5273424	5276241	.	-	.	ID=Atsept12648.1.p2;Parent=Atsept12648^scaffold_23^-;Name="ORF type:5prime_partial (+),score=34.06"
Warning: unexpected tab character in last column, line truncated:
scaffold_23	transdecoder	gene	5322362	5324035	.	-	.	ID=Atsept12650^scaffold_23^-;Name="ORF type:complete (+),score=27.71"scaffold_23	transdecoder	mRNA	5322362	5324035	.	-	.	ID=Atsept12650.1.p2;Parent=Atsept12650^scaffold_23^-;Name="ORF type:complete (+),score=27.71"
Warning: unexpected tab character in last column, line truncated:
scaffold_23	transdecoder	gene	302305	308138	.	+	.	ID=Atsept12651^scaffold_23^+;Name="ORF type:complete (+),score=173.78"scaffold_23	transdecoder	mRNA	302305	308138	.	+	.	ID=Atsept12651.1.p2;Parent=Atsept12651^scaffold_23^+;Name="ORF type:complete (+),score=173.78"
Warning: unexpected tab character in last column, line truncated:
scaffold_23	transdecoder	gene	5339641	5341051	.	-	.	ID=Atsept12652^scaffold_23^-;Name="ORF type:5prime_partial (+),score=12.16"scaffold_23	transdecoder	mRNA	5339641	5341051	.	-	.	ID=Atsept12652.1.p3;Parent=Atsept12652^scaffold_23^-;Name="ORF type:5prime_partial (+),score=12.16"
Warning: unexpected tab character in last column, line truncated:
scaffold_23	transdecoder	gene	5561784	5567882	.	-	.	ID=Atsept12671^scaffold_23^-;Name="ORF type:3prime_partial (+),score=14.52"scaffold_23	transdecoder	mRNA	5561784	5567882	.	-	.	ID=Atsept12671.1.p7;Parent=Atsept12671^scaffold_23^-;Name="ORF type:3prime_partial (+),score=14.52"
Warning: unexpected tab character in last column, line truncated:
scaffold_23	transdecoder	gene	5751215	5753843	.	-	.	ID=Atsept12676^scaffold_23^-;Name="ORF type:complete (+),score=49.18"scaffold_23	transdecoder	mRNA	5751215	5753843	.	-	.	ID=Atsept12676.1.p1;Parent=Atsept12676^scaffold_23^-;Name="ORF type:complete (+),score=49.18"
Warning: unexpected tab character in last column, line truncated:
scaffold_23	transdecoder	gene	378446	379676	.	-	.	ID=Atsept12696^scaffold_23^-;Name="ORF type:complete (+),score=28.36"scaffold_23	transdecoder	mRNA	378446	379676	.	-	.	ID=Atsept12696.1.p2;Parent=Atsept12696^scaffold_23^-;Name="ORF type:complete (+),score=28.36"
Warning: unexpected tab character in last column, line truncated:
scaffold_23	transdecoder	gene	6646339	6652130	.	-	.	ID=Atsept12720^scaffold_23^-;Name="ORF type:complete (+),score=80.75"scaffold_23	transdecoder	mRNA	6646339	6652130	.	-	.	ID=Atsept12720.1.p2;Parent=Atsept12720^scaffold_23^-;Name="ORF type:complete (+),score=80.75"
Warning: unexpected tab character in last column, line truncated:
scaffold_23	transdecoder	gene	7350704	7679953	.	-	.	ID=Atsept12746^scaffold_23^-;Name="ORF type:5prime_partial (+),score=0.46"scaffold_23	transdecoder	mRNA	7350704	7679953	.	-	.	ID=Atsept12746.1.p6;Parent=Atsept12746^scaffold_23^-;Name="ORF type:5prime_partial (+),score=0.46"
Warning: unexpected tab character in last column, line truncated:
scaffold_23	transdecoder	gene	462415	464523	.	-	.	ID=Atsept12762^scaffold_23^-;Name="ORF type:complete (+),score=12.85"scaffold_23	transdecoder	mRNA	462415	464523	.	-	.	ID=Atsept12762.1.p4;Parent=Atsept12762^scaffold_23^-;Name="ORF type:complete (+),score=12.85"
Warning: unexpected tab character in last column, line truncated:
scaffold_23	transdecoder	gene	467972	475155	.	-	.	ID=Atsept12773^scaffold_23^-;Name="ORF type:complete (+),score=42.44"scaffold_23	transdecoder	mRNA	467972	475155	.	-	.	ID=Atsept12773.1.p1;Parent=Atsept12773^scaffold_23^-;Name="ORF type:complete (+),score=42.44"
Warning: unexpected tab character in last column, line truncated:
scaffold_23	transdecoder	gene	9347196	9358156	.	+	.	ID=Atsept12777^scaffold_23^+;Name="ORF type:complete (+),score=15.66"scaffold_23	transdecoder	mRNA	9347196	9358156	.	+	.	ID=Atsept12777.1.p2;Parent=Atsept12777^scaffold_23^+;Name="ORF type:complete (+),score=15.66"
Warning: unexpected tab character in last column, line truncated:
scaffold_23	transdecoder	gene	10010331	10050387	.	-	.	ID=Atsept12781^scaffold_23^-;Name="ORF type:complete (+),score=11.33"scaffold_23	transdecoder	mRNA	10010331	10050387	.	-	.	ID=Atsept12781.1.p1;Parent=Atsept12781^scaffold_23^-;Name="ORF type:complete (+),score=11.33"
Warning: unexpected tab character in last column, line truncated:
scaffold_23	transdecoder	gene	11007181	11024424	.	-	.	ID=Atsept12790^scaffold_23^-;Name="ORF type:complete (+),score=19.23"scaffold_23	transdecoder	mRNA	11007181	11024424	.	-	.	ID=Atsept12790.1.p2;Parent=Atsept12790^scaffold_23^-;Name="ORF type:complete (+),score=19.23"
Warning: unexpected tab character in last column, line truncated:
scaffold_23	transdecoder	gene	11392317	11393293	.	-	.	ID=Atsept12801^scaffold_23^-;Name="ORF type:complete (+),score=13.40"scaffold_23	transdecoder	mRNA	11392317	11393293	.	-	.	ID=Atsept12801.1.p1;Parent=Atsept12801^scaffold_23^-;Name="ORF type:complete (+),score=13.40"
Warning: unexpected tab character in last column, line truncated:
scaffold_23	transdecoder	gene	1513952	1515671	.	+	.	ID=Atsept12851^scaffold_23^+;Name="ORF type:complete (+),score=2.45"scaffold_23	transdecoder	mRNA	1513952	1515671	.	+	.	ID=Atsept12851.1.p1;Parent=Atsept12851^scaffold_23^+;Name="ORF type:complete (+),score=2.45"
Warning: unexpected tab character in last column, line truncated:
scaffold_23	transdecoder	gene	1560652	1564939	.	+	.	ID=Atsept12856^scaffold_23^+;Name="ORF type:complete (+),score=106.77"scaffold_23	transdecoder	mRNA	1560652	1564939	.	+	.	ID=Atsept12856.1.p2;Parent=Atsept12856^scaffold_23^+;Name="ORF type:complete (+),score=106.77"
Warning: unexpected tab character in last column, line truncated:
scaffold_23	transdecoder	gene	1621284	1627442	.	+	.	ID=Atsept12860^scaffold_23^+;Name="ORF type:complete (+),score=9.27"scaffold_23	transdecoder	mRNA	1621284	1627442	.	+	.	ID=Atsept12860.1.p9;Parent=Atsept12860^scaffold_23^+;Name="ORF type:complete (+),score=9.27"
Warning: unexpected tab character in last column, line truncated:
scaffold_27	transdecoder	gene	497589	498081	.	-	.	ID=Atsept12881^scaffold_27^-;Name="ORF type:complete (+),score=13.00"scaffold_27	transdecoder	mRNA	497589	498081	.	-	.	ID=Atsept12881.1.p1;Parent=Atsept12881^scaffold_27^-;Name="ORF type:complete (+),score=13.00"
Warning: unexpected tab character in last column, line truncated:
scaffold_27	transdecoder	gene	498399	499113	.	-	.	ID=Atsept12882^scaffold_27^-;Name="ORF type:complete (+),score=18.01"scaffold_27	transdecoder	mRNA	498399	499113	.	-	.	ID=Atsept12882.1.p1;Parent=Atsept12882^scaffold_27^-;Name="ORF type:complete (+),score=18.01"
Warning: unexpected tab character in last column, line truncated:
scaffold_27	transdecoder	gene	499119	500819	.	-	.	ID=Atsept12883^scaffold_27^-;Name="ORF type:complete (+),score=9.14"scaffold_27	transdecoder	mRNA	499119	500819	.	-	.	ID=Atsept12883.1.p1;Parent=Atsept12883^scaffold_27^-;Name="ORF type:complete (+),score=9.14"
Warning: unexpected tab character in last column, line truncated:
scaffold_2	transdecoder	gene	86715906	86737790	.	+	.	ID=Atsept12887^scaffold_2^+;Name="ORF type:complete (+),score=22.44"scaffold_2	transdecoder	mRNA	86715906	86737790	.	+	.	ID=Atsept12887.1.p1;Parent=Atsept12887^scaffold_2^+;Name="ORF type:complete (+),score=22.44"
Warning: unexpected tab character in last column, line truncated:
scaffold_2	transdecoder	gene	87615964	87650459	.	-	.	ID=Atsept12895^scaffold_2^-;Name="ORF type:complete (+),score=29.54"scaffold_2	transdecoder	mRNA	87615964	87650459	.	-	.	ID=Atsept12895.1.p3;Parent=Atsept12895^scaffold_2^-;Name="ORF type:complete (+),score=29.54"
Warning: unexpected tab character in last column, line truncated:
scaffold_2	transdecoder	gene	88994771	89002593	.	+	.	ID=Atsept12908^scaffold_2^+;Name="ORF type:complete (+),score=16.57"scaffold_2	transdecoder	mRNA	88994771	89002593	.	+	.	ID=Atsept12908.1.p2;Parent=Atsept12908^scaffold_2^+;Name="ORF type:complete (+),score=16.57"
Warning: unexpected tab character in last column, line truncated:
scaffold_2	transdecoder	gene	89751309	89770076	.	+	.	ID=Atsept12915^scaffold_2^+;Name="ORF type:complete (+),score=13.28"scaffold_2	transdecoder	mRNA	89751309	89770076	.	+	.	ID=Atsept12915.1.p1;Parent=Atsept12915^scaffold_2^+;Name="ORF type:complete (+),score=13.28"
Warning: unexpected tab character in last column, line truncated:
scaffold_2	transdecoder	gene	89725166	89730409	.	-	.	ID=Atsept12917^scaffold_2^-;Name="ORF type:complete (+),score=26.67"scaffold_2	transdecoder	mRNA	89725166	89730409	.	-	.	ID=Atsept12917.1.p3;Parent=Atsept12917^scaffold_2^-;Name="ORF type:complete (+),score=26.67"
Warning: unexpected tab character in last column, line truncated:
scaffold_2	transdecoder	gene	91055391	91058870	.	-	.	ID=Atsept12922^scaffold_2^-;Name="ORF type:complete (+),score=24.57"scaffold_2	transdecoder	mRNA	91055391	91058870	.	-	.	ID=Atsept12922.1.p1;Parent=Atsept12922^scaffold_2^-;Name="ORF type:complete (+),score=24.57"
Warning: unexpected tab character in last column, line truncated:
scaffold_2	transdecoder	gene	3377486	3380663	.	-	.	ID=Atsept12927^scaffold_2^-;Name="ORF type:5prime_partial (+),score=350.39"scaffold_2	transdecoder	mRNA	3377486	3380663	.	-	.	ID=Atsept12927.1.p1;Parent=Atsept12927^scaffold_2^-;Name="ORF type:5prime_partial (+),score=350.39"
Warning: unexpected tab character in last column, line truncated:
scaffold_2	transdecoder	gene	91985985	92077173	.	-	.	ID=Atsept12930^scaffold_2^-;Name="ORF type:5prime_partial (+),score=25.37"scaffold_2	transdecoder	mRNA	91985985	92077173	.	-	.	ID=Atsept12930.1.p2;Parent=Atsept12930^scaffold_2^-;Name="ORF type:5prime_partial (+),score=25.37"
Warning: unexpected tab character in last column, line truncated:
scaffold_2	transdecoder	gene	92134460	92149325	.	-	.	ID=Atsept12931^scaffold_2^-;Name="ORF type:complete (+),score=32.50"scaffold_2	transdecoder	mRNA	92134460	92149325	.	-	.	ID=Atsept12931.1.p2;Parent=Atsept12931^scaffold_2^-;Name="ORF type:complete (+),score=32.50"
Warning: unexpected tab character in last column, line truncated:
scaffold_2	transdecoder	gene	3380665	3389366	.	-	.	ID=Atsept12938^scaffold_2^-;Name="ORF type:complete (+),score=18.44"scaffold_2	transdecoder	mRNA	3380665	3389366	.	-	.	ID=Atsept12938.1.p1;Parent=Atsept12938^scaffold_2^-;Name="ORF type:complete (+),score=18.44"
Warning: unexpected tab character in last column, line truncated:
scaffold_2	transdecoder	gene	92578997	92592129	.	+	.	ID=Atsept12940^scaffold_2^+;Name="ORF type:complete (+),score=33.32"scaffold_2	transdecoder	mRNA	92578997	92592129	.	+	.	ID=Atsept12940.1.p2;Parent=Atsept12940^scaffold_2^+;Name="ORF type:complete (+),score=33.32"
Warning: unexpected tab character in last column, line truncated:
scaffold_2	transdecoder	gene	92713893	92717012	.	+	.	ID=Atsept12945^scaffold_2^+;Name="ORF type:complete (+),score=24.72"scaffold_2	transdecoder	mRNA	92713893	92717012	.	+	.	ID=Atsept12945.1.p2;Parent=Atsept12945^scaffold_2^+;Name="ORF type:complete (+),score=24.72"
Warning: unexpected tab character in last column, line truncated:
scaffold_2	transdecoder	gene	92744875	92747336	.	+	.	ID=Atsept12946^scaffold_2^+;Name="ORF type:5prime_partial (+),score=27.77"scaffold_2	transdecoder	mRNA	92744875	92747336	.	+	.	ID=Atsept12946.1.p1;Parent=Atsept12946^scaffold_2^+;Name="ORF type:5prime_partial (+),score=27.77"
Warning: unexpected tab character in last column, line truncated:
scaffold_2	transdecoder	gene	92773286	92783934	.	+	.	ID=Atsept12947^scaffold_2^+;Name="ORF type:5prime_partial (+),score=23.38"scaffold_2	transdecoder	mRNA	92773286	92783934	.	+	.	ID=Atsept12947.1.p1;Parent=Atsept12947^scaffold_2^+;Name="ORF type:5prime_partial (+),score=23.38"
Warning: unexpected tab character in last column, line truncated:
scaffold_2	transdecoder	gene	92710837	92714101	.	-	.	ID=Atsept12956^scaffold_2^-;Name="ORF type:complete (+),score=39.47"scaffold_2	transdecoder	mRNA	92710837	92714101	.	-	.	ID=Atsept12956.1.p1;Parent=Atsept12956^scaffold_2^-;Name="ORF type:complete (+),score=39.47"
Warning: unexpected tab character in last column, line truncated:
scaffold_2	transdecoder	gene	92721248	92722822	.	-	.	ID=Atsept12957^scaffold_2^-;Name="ORF type:complete (+),score=21.80"scaffold_2	transdecoder	mRNA	92721248	92722822	.	-	.	ID=Atsept12957.1.p1;Parent=Atsept12957^scaffold_2^-;Name="ORF type:complete (+),score=21.80"
Warning: unexpected tab character in last column, line truncated:
scaffold_2	transdecoder	gene	92741284	92745110	.	-	.	ID=Atsept12958^scaffold_2^-;Name="ORF type:complete (+),score=36.53"scaffold_2	transdecoder	mRNA	92741284	92745110	.	-	.	ID=Atsept12958.1.p1;Parent=Atsept12958^scaffold_2^-;Name="ORF type:complete (+),score=36.53"
Warning: unexpected tab character in last column, line truncated:
scaffold_2	transdecoder	gene	92765213	92766293	.	-	.	ID=Atsept12960^scaffold_2^-;Name="ORF type:complete (+),score=5.17"scaffold_2	transdecoder	mRNA	92765213	92766293	.	-	.	ID=Atsept12960.1.p1;Parent=Atsept12960^scaffold_2^-;Name="ORF type:complete (+),score=5.17"
Warning: unexpected tab character in last column, line truncated:
scaffold_2	transdecoder	gene	3399804	3404673	.	-	.	ID=Atsept12961^scaffold_2^-;Name="ORF type:complete (+),score=219.11"scaffold_2	transdecoder	mRNA	3399804	3404673	.	-	.	ID=Atsept12961.1.p1;Parent=Atsept12961^scaffold_2^-;Name="ORF type:complete (+),score=219.11"
Warning: unexpected tab character in last column, line truncated:
scaffold_2	transdecoder	gene	92771780	92773688	.	-	.	ID=Atsept12962^scaffold_2^-;Name="ORF type:complete (+),score=6.18"scaffold_2	transdecoder	mRNA	92771780	92773688	.	-	.	ID=Atsept12962.1.p5;Parent=Atsept12962^scaffold_2^-;Name="ORF type:complete (+),score=6.18"
Warning: unexpected tab character in last column, line truncated:
scaffold_2	transdecoder	gene	92795728	92796471	.	-	.	ID=Atsept12963^scaffold_2^-;Name="ORF type:complete (+),score=11.65"scaffold_2	transdecoder	mRNA	92795728	92796471	.	-	.	ID=Atsept12963.1.p1;Parent=Atsept12963^scaffold_2^-;Name="ORF type:complete (+),score=11.65"
Warning: unexpected tab character in last column, line truncated:
scaffold_2	transdecoder	gene	92987067	92990313	.	+	.	ID=Atsept12967^scaffold_2^+;Name="ORF type:complete (+),score=24.36"scaffold_2	transdecoder	mRNA	92987067	92990313	.	+	.	ID=Atsept12967.1.p2;Parent=Atsept12967^scaffold_2^+;Name="ORF type:complete (+),score=24.36"
Warning: unexpected tab character in last column, line truncated:
scaffold_2	transdecoder	gene	3414163	3415430	.	-	.	ID=Atsept12972^scaffold_2^-;Name="ORF type:complete (+),score=14.23"scaffold_2	transdecoder	mRNA	3414163	3415430	.	-	.	ID=Atsept12972.1.p3;Parent=Atsept12972^scaffold_2^-;Name="ORF type:complete (+),score=14.23"
Warning: unexpected tab character in last column, line truncated:
scaffold_2	transdecoder	gene	93487672	93494949	.	-	.	ID=Atsept12979^scaffold_2^-;Name="ORF type:complete (+),score=21.17"scaffold_2	transdecoder	mRNA	93487672	93494949	.	-	.	ID=Atsept12979.1.p2;Parent=Atsept12979^scaffold_2^-;Name="ORF type:complete (+),score=21.17"
Warning: unexpected tab character in last column, line truncated:
scaffold_2	transdecoder	gene	93707941	93722574	.	+	.	ID=Atsept12981^scaffold_2^+;Name="ORF type:complete (+),score=24.13"scaffold_2	transdecoder	mRNA	93707941	93722574	.	+	.	ID=Atsept12981.1.p1;Parent=Atsept12981^scaffold_2^+;Name="ORF type:complete (+),score=24.13"
Warning: unexpected tab character in last column, line truncated:
scaffold_2	transdecoder	gene	93823512	93838028	.	+	.	ID=Atsept12982^scaffold_2^+;Name="ORF type:complete (+),score=24.16"scaffold_2	transdecoder	mRNA	93823512	93838028	.	+	.	ID=Atsept12982.1.p1;Parent=Atsept12982^scaffold_2^+;Name="ORF type:complete (+),score=24.16"
Warning: unexpected tab character in last column, line truncated:
scaffold_2	transdecoder	gene	3428822	3429861	.	-	.	ID=Atsept12983^scaffold_2^-;Name="ORF type:complete (+),score=141.74"scaffold_2	transdecoder	mRNA	3428822	3429861	.	-	.	ID=Atsept12983.1.p2;Parent=Atsept12983^scaffold_2^-;Name="ORF type:complete (+),score=141.74"
Warning: unexpected tab character in last column, line truncated:
scaffold_2	transdecoder	gene	94048628	94222672	.	+	.	ID=Atsept12984^scaffold_2^+;Name="ORF type:complete (+),score=25.63"scaffold_2	transdecoder	mRNA	94048628	94222672	.	+	.	ID=Atsept12984.1.p2;Parent=Atsept12984^scaffold_2^+;Name="ORF type:complete (+),score=25.63"
Warning: unexpected tab character in last column, line truncated:
scaffold_2	transdecoder	gene	94459454	94465691	.	+	.	ID=Atsept12992^scaffold_2^+;Name="ORF type:complete (+),score=7.73"scaffold_2	transdecoder	mRNA	94459454	94465691	.	+	.	ID=Atsept12992.1.p3;Parent=Atsept12992^scaffold_2^+;Name="ORF type:complete (+),score=7.73"
Warning: unexpected tab character in last column, line truncated:
scaffold_2	transdecoder	gene	95088181	95088688	.	+	.	ID=Atsept12993^scaffold_2^+;Name="ORF type:complete (+),score=13.36"scaffold_2	transdecoder	mRNA	95088181	95088688	.	+	.	ID=Atsept12993.1.p1;Parent=Atsept12993^scaffold_2^+;Name="ORF type:complete (+),score=13.36"
Warning: unexpected tab character in last column, line truncated:
scaffold_2	transdecoder	gene	95128461	95133970	.	-	.	ID=Atsept12995^scaffold_2^-;Name="ORF type:complete (+),score=10.22"scaffold_2	transdecoder	mRNA	95128461	95133970	.	-	.	ID=Atsept12995.1.p3;Parent=Atsept12995^scaffold_2^-;Name="ORF type:complete (+),score=10.22"
Warning: unexpected tab character in last column, line truncated:
scaffold_2	transdecoder	gene	95639517	95650106	.	-	.	ID=Atsept13004^scaffold_2^-;Name="ORF type:complete (+),score=14.36"scaffold_2	transdecoder	mRNA	95639517	95650106	.	-	.	ID=Atsept13004.1.p2;Parent=Atsept13004^scaffold_2^-;Name="ORF type:complete (+),score=14.36"
Warning: unexpected tab character in last column, line truncated:
scaffold_2	transdecoder	gene	3470893	3526169	.	-	.	ID=Atsept13005^scaffold_2^-;Name="ORF type:complete (+),score=21.49"scaffold_2	transdecoder	mRNA	3470893	3526169	.	-	.	ID=Atsept13005.1.p2;Parent=Atsept13005^scaffold_2^-;Name="ORF type:complete (+),score=21.49"
Warning: unexpected tab character in last column, line truncated:
scaffold_2	transdecoder	gene	3551515	3569685	.	-	.	ID=Atsept13015^scaffold_2^-;Name="ORF type:5prime_partial (+),score=19.53"scaffold_2	transdecoder	mRNA	3551515	3569685	.	-	.	ID=Atsept13015.1.p2;Parent=Atsept13015^scaffold_2^-;Name="ORF type:5prime_partial (+),score=19.53"
Warning: unexpected tab character in last column, line truncated:
scaffold_2	transdecoder	gene	98252947	98311750	.	-	.	ID=Atsept13045^scaffold_2^-;Name="ORF type:complete (+),score=9.31"scaffold_2	transdecoder	mRNA	98252947	98311750	.	-	.	ID=Atsept13045.1.p2;Parent=Atsept13045^scaffold_2^-;Name="ORF type:complete (+),score=9.31"
Warning: unexpected tab character in last column, line truncated:
scaffold_2	transdecoder	gene	101988603	101993245	.	-	.	ID=Atsept13062^scaffold_2^-;Name="ORF type:complete (+),score=40.12"scaffold_2	transdecoder	mRNA	101988603	101993245	.	-	.	ID=Atsept13062.1.p1;Parent=Atsept13062^scaffold_2^-;Name="ORF type:complete (+),score=40.12"
Warning: unexpected tab character in last column, line truncated:
scaffold_2	transdecoder	gene	3693412	3698538	.	-	.	ID=Atsept13070^scaffold_2^-;Name="ORF type:5prime_partial (+),score=15.57"scaffold_2	transdecoder	mRNA	3693412	3698538	.	-	.	ID=Atsept13070.1.p4;Parent=Atsept13070^scaffold_2^-;Name="ORF type:5prime_partial (+),score=15.57"
Warning: unexpected tab character in last column, line truncated:
scaffold_2	transdecoder	gene	102474643	102479634	.	+	.	ID=Atsept13071^scaffold_2^+;Name="ORF type:complete (+),score=25.02"scaffold_2	transdecoder	mRNA	102474643	102479634	.	+	.	ID=Atsept13071.1.p1;Parent=Atsept13071^scaffold_2^+;Name="ORF type:complete (+),score=25.02"
Warning: unexpected tab character in last column, line truncated:
scaffold_2	transdecoder	gene	103937610	103939181	.	-	.	ID=Atsept13079^scaffold_2^-;Name="ORF type:complete (+),score=9.31"scaffold_2	transdecoder	mRNA	103937610	103939181	.	-	.	ID=Atsept13079.1.p1;Parent=Atsept13079^scaffold_2^-;Name="ORF type:complete (+),score=9.31"
Warning: unexpected tab character in last column, line truncated:
scaffold_2	transdecoder	gene	104723398	104756727	.	-	.	ID=Atsept13082^scaffold_2^-;Name="ORF type:complete (+),score=19.05"scaffold_2	transdecoder	mRNA	104723398	104756727	.	-	.	ID=Atsept13082.1.p1;Parent=Atsept13082^scaffold_2^-;Name="ORF type:complete (+),score=19.05"
Warning: unexpected tab character in last column, line truncated:
scaffold_2	transdecoder	gene	106208277	106210202	.	-	.	ID=Atsept13085^scaffold_2^-;Name="ORF type:complete (+),score=23.40"scaffold_2	transdecoder	mRNA	106208277	106210202	.	-	.	ID=Atsept13085.1.p1;Parent=Atsept13085^scaffold_2^-;Name="ORF type:complete (+),score=23.40"
Warning: unexpected tab character in last column, line truncated:
scaffold_2	transdecoder	gene	106405076	106420985	.	+	.	ID=Atsept13086^scaffold_2^+;Name="ORF type:complete (+),score=23.80"scaffold_2	transdecoder	mRNA	106405076	106420985	.	+	.	ID=Atsept13086.1.p3;Parent=Atsept13086^scaffold_2^+;Name="ORF type:complete (+),score=23.80"
Warning: unexpected tab character in last column, line truncated:
scaffold_2	transdecoder	gene	106541828	106555912	.	-	.	ID=Atsept13087^scaffold_2^-;Name="ORF type:complete (+),score=2.26"scaffold_2	transdecoder	mRNA	106541828	106555912	.	-	.	ID=Atsept13087.1.p3;Parent=Atsept13087^scaffold_2^-;Name="ORF type:complete (+),score=2.26"
Warning: unexpected tab character in last column, line truncated:
scaffold_2	transdecoder	gene	106559066	106559683	.	-	.	ID=Atsept13088^scaffold_2^-;Name="ORF type:complete (+),score=12.98"scaffold_2	transdecoder	mRNA	106559066	106559683	.	-	.	ID=Atsept13088.1.p1;Parent=Atsept13088^scaffold_2^-;Name="ORF type:complete (+),score=12.98"
Warning: unexpected tab character in last column, line truncated:
scaffold_2	transdecoder	gene	3704510	3715907	.	-	.	ID=Atsept13092^scaffold_2^-;Name="ORF type:5prime_partial (+),score=18.24"scaffold_2	transdecoder	mRNA	3704510	3715907	.	-	.	ID=Atsept13092.1.p2;Parent=Atsept13092^scaffold_2^-;Name="ORF type:5prime_partial (+),score=18.24"
Warning: unexpected tab character in last column, line truncated:
scaffold_2	transdecoder	gene	108930681	108937967	.	+	.	ID=Atsept13121^scaffold_2^+;Name="ORF type:complete (+),score=14.53"scaffold_2	transdecoder	mRNA	108930681	108937967	.	+	.	ID=Atsept13121.1.p1;Parent=Atsept13121^scaffold_2^+;Name="ORF type:complete (+),score=14.53"
Warning: unexpected tab character in last column, line truncated:
scaffold_2	transdecoder	gene	109892461	109902468	.	+	.	ID=Atsept13132^scaffold_2^+;Name="ORF type:complete (+),score=13.11"scaffold_2	transdecoder	mRNA	109892461	109902468	.	+	.	ID=Atsept13132.1.p1;Parent=Atsept13132^scaffold_2^+;Name="ORF type:complete (+),score=13.11"
Warning: unexpected tab character in last column, line truncated:
scaffold_2	transdecoder	gene	3870350	3871276	.	+	.	ID=Atsept13149^scaffold_2^+;Name="ORF type:complete (+),score=5.56"scaffold_2	transdecoder	mRNA	3870350	3871276	.	+	.	ID=Atsept13149.1.p3;Parent=Atsept13149^scaffold_2^+;Name="ORF type:complete (+),score=5.56"
Warning: unexpected tab character in last column, line truncated:
scaffold_2	transdecoder	gene	112824936	112840068	.	+	.	ID=Atsept13152^scaffold_2^+;Name="ORF type:5prime_partial (+),score=9.88"scaffold_2	transdecoder	mRNA	112824936	112840068	.	+	.	ID=Atsept13152.1.p3;Parent=Atsept13152^scaffold_2^+;Name="ORF type:5prime_partial (+),score=9.88"
Warning: unexpected tab character in last column, line truncated:
scaffold_2	transdecoder	gene	115050768	115067596	.	+	.	ID=Atsept13168^scaffold_2^+;Name="ORF type:complete (+),score=7.26"scaffold_2	transdecoder	mRNA	115050768	115067596	.	+	.	ID=Atsept13168.1.p3;Parent=Atsept13168^scaffold_2^+;Name="ORF type:complete (+),score=7.26"
Warning: unexpected tab character in last column, line truncated:
scaffold_2	transdecoder	gene	3890165	3901913	.	+	.	ID=Atsept13169^scaffold_2^+;Name="ORF type:5prime_partial (+),score=14.48"scaffold_2	transdecoder	mRNA	3890165	3901913	.	+	.	ID=Atsept13169.1.p1;Parent=Atsept13169^scaffold_2^+;Name="ORF type:5prime_partial (+),score=14.48"
Warning: unexpected tab character in last column, line truncated:
scaffold_2	transdecoder	gene	115609032	115611374	.	+	.	ID=Atsept13174^scaffold_2^+;Name="ORF type:complete (+),score=13.86"scaffold_2	transdecoder	mRNA	115609032	115611374	.	+	.	ID=Atsept13174.1.p1;Parent=Atsept13174^scaffold_2^+;Name="ORF type:complete (+),score=13.86"
Warning: unexpected tab character in last column, line truncated:
scaffold_2	transdecoder	gene	115630972	115632026	.	+	.	ID=Atsept13175^scaffold_2^+;Name="ORF type:complete (+),score=7.09"scaffold_2	transdecoder	mRNA	115630972	115632026	.	+	.	ID=Atsept13175.1.p1;Parent=Atsept13175^scaffold_2^+;Name="ORF type:complete (+),score=7.09"
Warning: unexpected tab character in last column, line truncated:
scaffold_2	transdecoder	gene	3901915	3904433	.	+	.	ID=Atsept13180^scaffold_2^+;Name="ORF type:5prime_partial (+),score=290.45"scaffold_2	transdecoder	mRNA	3901915	3904433	.	+	.	ID=Atsept13180.1.p1;Parent=Atsept13180^scaffold_2^+;Name="ORF type:5prime_partial (+),score=290.45"
Warning: unexpected tab character in last column, line truncated:
scaffold_2	transdecoder	gene	117221629	117222258	.	+	.	ID=Atsept13189^scaffold_2^+;Name="ORF type:complete (+),score=14.37"scaffold_2	transdecoder	mRNA	117221629	117222258	.	+	.	ID=Atsept13189.1.p1;Parent=Atsept13189^scaffold_2^+;Name="ORF type:complete (+),score=14.37"
Warning: unexpected tab character in last column, line truncated:
scaffold_2	transdecoder	gene	120645927	120660711	.	+	.	ID=Atsept13201^scaffold_2^+;Name="ORF type:complete (+),score=24.29"scaffold_2	transdecoder	mRNA	120645927	120660711	.	+	.	ID=Atsept13201.1.p1;Parent=Atsept13201^scaffold_2^+;Name="ORF type:complete (+),score=24.29"
Warning: unexpected tab character in last column, line truncated:
scaffold_2	transdecoder	gene	121085801	121089309	.	+	.	ID=Atsept13206^scaffold_2^+;Name="ORF type:complete (+),score=6.46"scaffold_2	transdecoder	mRNA	121085801	121089309	.	+	.	ID=Atsept13206.1.p6;Parent=Atsept13206^scaffold_2^+;Name="ORF type:complete (+),score=6.46"
Warning: unexpected tab character in last column, line truncated:
scaffold_2	transdecoder	gene	4012381	4020137	.	+	.	ID=Atsept13213^scaffold_2^+;Name="ORF type:5prime_partial (+),score=16.54"scaffold_2	transdecoder	mRNA	4012381	4020137	.	+	.	ID=Atsept13213.1.p2;Parent=Atsept13213^scaffold_2^+;Name="ORF type:5prime_partial (+),score=16.54"
Warning: unexpected tab character in last column, line truncated:
scaffold_2	transdecoder	gene	124223466	124233751	.	-	.	ID=Atsept13246^scaffold_2^-;Name="ORF type:complete (+),score=13.39"scaffold_2	transdecoder	mRNA	124223466	124233751	.	-	.	ID=Atsept13246.1.p2;Parent=Atsept13246^scaffold_2^-;Name="ORF type:complete (+),score=13.39"
Warning: unexpected tab character in last column, line truncated:
scaffold_2	transdecoder	gene	124928220	124929119	.	+	.	ID=Atsept13247^scaffold_2^+;Name="ORF type:5prime_partial (+),score=16.10"scaffold_2	transdecoder	mRNA	124928220	124929119	.	+	.	ID=Atsept13247.1.p1;Parent=Atsept13247^scaffold_2^+;Name="ORF type:5prime_partial (+),score=16.10"
Warning: unexpected tab character in last column, line truncated:
scaffold_2	transdecoder	gene	124928220	124929119	.	-	.	ID=Atsept13247^scaffold_2^-;Name="ORF type:5prime_partial (-),score=10.86"scaffold_2	transdecoder	mRNA	124928220	124929119	.	-	.	ID=Atsept13247.1.p2;Parent=Atsept13247^scaffold_2^-;Name="ORF type:5prime_partial (-),score=10.86"
Warning: unexpected tab character in last column, line truncated:
scaffold_2	transdecoder	gene	126563371	126570904	.	-	.	ID=Atsept13257^scaffold_2^-;Name="ORF type:complete (+),score=26.95"scaffold_2	transdecoder	mRNA	126563371	126570904	.	-	.	ID=Atsept13257.1.p1;Parent=Atsept13257^scaffold_2^-;Name="ORF type:complete (+),score=26.95"
Warning: unexpected tab character in last column, line truncated:
scaffold_2	transdecoder	gene	126857539	126876309	.	+	.	ID=Atsept13264^scaffold_2^+;Name="ORF type:complete (+),score=10.57"scaffold_2	transdecoder	mRNA	126857539	126876309	.	+	.	ID=Atsept13264.1.p1;Parent=Atsept13264^scaffold_2^+;Name="ORF type:complete (+),score=10.57"
Warning: unexpected tab character in last column, line truncated:
scaffold_2	transdecoder	gene	127008154	127024099	.	-	.	ID=Atsept13268^scaffold_2^-;Name="ORF type:complete (+),score=27.80"scaffold_2	transdecoder	mRNA	127008154	127024099	.	-	.	ID=Atsept13268.1.p2;Parent=Atsept13268^scaffold_2^-;Name="ORF type:complete (+),score=27.80"
Warning: unexpected tab character in last column, line truncated:
scaffold_2	transdecoder	gene	128625499	128631086	.	+	.	ID=Atsept13277^scaffold_2^+;Name="ORF type:complete (+),score=27.18"scaffold_2	transdecoder	mRNA	128625499	128631086	.	+	.	ID=Atsept13277.1.p1;Parent=Atsept13277^scaffold_2^+;Name="ORF type:complete (+),score=27.18"
Warning: unexpected tab character in last column, line truncated:
scaffold_2	transdecoder	gene	4317311	4323331	.	-	.	ID=Atsept13283^scaffold_2^-;Name="ORF type:complete (+),score=243.95"scaffold_2	transdecoder	mRNA	4317311	4323331	.	-	.	ID=Atsept13283.1.p2;Parent=Atsept13283^scaffold_2^-;Name="ORF type:complete (+),score=243.95"
Warning: unexpected tab character in last column, line truncated:
scaffold_2	transdecoder	gene	129238852	129244706	.	-	.	ID=Atsept13286^scaffold_2^-;Name="ORF type:complete (+),score=14.79"scaffold_2	transdecoder	mRNA	129238852	129244706	.	-	.	ID=Atsept13286.1.p2;Parent=Atsept13286^scaffold_2^-;Name="ORF type:complete (+),score=14.79"
Warning: unexpected tab character in last column, line truncated:
scaffold_2	transdecoder	gene	130103838	130109594	.	+	.	ID=Atsept13288^scaffold_2^+;Name="ORF type:complete (+),score=10.57"scaffold_2	transdecoder	mRNA	130103838	130109594	.	+	.	ID=Atsept13288.1.p1;Parent=Atsept13288^scaffold_2^+;Name="ORF type:complete (+),score=10.57"
Warning: unexpected tab character in last column, line truncated:
scaffold_2	transdecoder	gene	130477340	130478832	.	-	.	ID=Atsept13290^scaffold_2^-;Name="ORF type:complete (+),score=14.06"scaffold_2	transdecoder	mRNA	130477340	130478832	.	-	.	ID=Atsept13290.1.p2;Parent=Atsept13290^scaffold_2^-;Name="ORF type:complete (+),score=14.06"
Warning: unexpected tab character in last column, line truncated:
scaffold_2	transdecoder	gene	4412570	4423078	.	-	.	ID=Atsept13294^scaffold_2^-;Name="ORF type:complete (+),score=145.05"scaffold_2	transdecoder	mRNA	4412570	4423078	.	-	.	ID=Atsept13294.1.p2;Parent=Atsept13294^scaffold_2^-;Name="ORF type:complete (+),score=145.05"
Warning: unexpected tab character in last column, line truncated:
scaffold_2	transdecoder	gene	132597666	132607436	.	-	.	ID=Atsept13311^scaffold_2^-;Name="ORF type:complete (+),score=36.43"scaffold_2	transdecoder	mRNA	132597666	132607436	.	-	.	ID=Atsept13311.1.p1;Parent=Atsept13311^scaffold_2^-;Name="ORF type:complete (+),score=36.43"
Warning: unexpected tab character in last column, line truncated:
scaffold_2	transdecoder	gene	4448881	4454564	.	-	.	ID=Atsept13316^scaffold_2^-;Name="ORF type:5prime_partial (+),score=11.68"scaffold_2	transdecoder	mRNA	4448881	4454564	.	-	.	ID=Atsept13316.1.p2;Parent=Atsept13316^scaffold_2^-;Name="ORF type:5prime_partial (+),score=11.68"
Warning: unexpected tab character in last column, line truncated:
scaffold_2	transdecoder	gene	137071600	137076308	.	-	.	ID=Atsept13333^scaffold_2^-;Name="ORF type:complete (+),score=21.68"scaffold_2	transdecoder	mRNA	137071600	137076308	.	-	.	ID=Atsept13333.1.p1;Parent=Atsept13333^scaffold_2^-;Name="ORF type:complete (+),score=21.68"
Warning: unexpected tab character in last column, line truncated:
scaffold_2	transdecoder	gene	138625502	138640595	.	+	.	ID=Atsept13347^scaffold_2^+;Name="ORF type:complete (+),score=79.64"scaffold_2	transdecoder	mRNA	138625502	138640595	.	+	.	ID=Atsept13347.1.p1;Parent=Atsept13347^scaffold_2^+;Name="ORF type:complete (+),score=79.64"
Warning: unexpected tab character in last column, line truncated:
scaffold_2	transdecoder	gene	141018144	141020404	.	-	.	ID=Atsept13359^scaffold_2^-;Name="ORF type:5prime_partial (+),score=7.93"scaffold_2	transdecoder	mRNA	141018144	141020404	.	-	.	ID=Atsept13359.1.p2;Parent=Atsept13359^scaffold_2^-;Name="ORF type:5prime_partial (+),score=7.93"
Warning: unexpected tab character in last column, line truncated:
scaffold_2	transdecoder	gene	141179823	141185059	.	+	.	ID=Atsept13360^scaffold_2^+;Name="ORF type:complete (+),score=4.60"scaffold_2	transdecoder	mRNA	141179823	141185059	.	+	.	ID=Atsept13360.1.p1;Parent=Atsept13360^scaffold_2^+;Name="ORF type:complete (+),score=4.60"
Warning: unexpected tab character in last column, line truncated:
scaffold_2	transdecoder	gene	141237015	141252379	.	+	.	ID=Atsept13361^scaffold_2^+;Name="ORF type:complete (+),score=17.90"scaffold_2	transdecoder	mRNA	141237015	141252379	.	+	.	ID=Atsept13361.1.p3;Parent=Atsept13361^scaffold_2^+;Name="ORF type:complete (+),score=17.90"
Warning: unexpected tab character in last column, line truncated:
scaffold_2	transdecoder	gene	4586765	4600977	.	+	.	ID=Atsept13362^scaffold_2^+;Name="ORF type:5prime_partial (+),score=14.12"scaffold_2	transdecoder	mRNA	4586765	4600977	.	+	.	ID=Atsept13362.1.p2;Parent=Atsept13362^scaffold_2^+;Name="ORF type:5prime_partial (+),score=14.12"
Warning: unexpected tab character in last column, line truncated:
scaffold_2	transdecoder	gene	141373603	141396712	.	+	.	ID=Atsept13366^scaffold_2^+;Name="ORF type:5prime_partial (+),score=5.92"scaffold_2	transdecoder	mRNA	141373603	141396712	.	+	.	ID=Atsept13366.1.p2;Parent=Atsept13366^scaffold_2^+;Name="ORF type:5prime_partial (+),score=5.92"
Warning: unexpected tab character in last column, line truncated:
scaffold_2	transdecoder	gene	141826672	141835320	.	+	.	ID=Atsept13367^scaffold_2^+;Name="ORF type:complete (+),score=12.47"scaffold_2	transdecoder	mRNA	141826672	141835320	.	+	.	ID=Atsept13367.1.p1;Parent=Atsept13367^scaffold_2^+;Name="ORF type:complete (+),score=12.47"
Warning: unexpected tab character in last column, line truncated:
scaffold_2	transdecoder	gene	141961753	141965374	.	-	.	ID=Atsept13369^scaffold_2^-;Name="ORF type:complete (+),score=9.91"scaffold_2	transdecoder	mRNA	141961753	141965374	.	-	.	ID=Atsept13369.1.p2;Parent=Atsept13369^scaffold_2^-;Name="ORF type:complete (+),score=9.91"
Warning: unexpected tab character in last column, line truncated:
scaffold_2	transdecoder	gene	142073842	142075060	.	-	.	ID=Atsept13372^scaffold_2^-;Name="ORF type:complete (+),score=24.35"scaffold_2	transdecoder	mRNA	142073842	142075060	.	-	.	ID=Atsept13372.1.p1;Parent=Atsept13372^scaffold_2^-;Name="ORF type:complete (+),score=24.35"
Warning: unexpected tab character in last column, line truncated:
scaffold_2	transdecoder	gene	142154472	142167538	.	-	.	ID=Atsept13375^scaffold_2^-;Name="ORF type:complete (+),score=15.90"scaffold_2	transdecoder	mRNA	142154472	142167538	.	-	.	ID=Atsept13375.1.p4;Parent=Atsept13375^scaffold_2^-;Name="ORF type:complete (+),score=15.90"
Warning: unexpected tab character in last column, line truncated:
scaffold_2	transdecoder	gene	4628611	4638626	.	+	.	ID=Atsept13382^scaffold_2^+;Name="ORF type:5prime_partial (+),score=7.49"scaffold_2	transdecoder	mRNA	4628611	4638626	.	+	.	ID=Atsept13382.1.p6;Parent=Atsept13382^scaffold_2^+;Name="ORF type:5prime_partial (+),score=7.49"
Warning: unexpected tab character in last column, line truncated:
scaffold_2	transdecoder	gene	143826074	143838665	.	-	.	ID=Atsept13387^scaffold_2^-;Name="ORF type:complete (+),score=11.46"scaffold_2	transdecoder	mRNA	143826074	143838665	.	-	.	ID=Atsept13387.1.p1;Parent=Atsept13387^scaffold_2^-;Name="ORF type:complete (+),score=11.46"
Warning: unexpected tab character in last column, line truncated:
scaffold_2	transdecoder	gene	144036645	144037600	.	-	.	ID=Atsept13389^scaffold_2^-;Name="ORF type:complete (+),score=12.41"scaffold_2	transdecoder	mRNA	144036645	144037600	.	-	.	ID=Atsept13389.1.p1;Parent=Atsept13389^scaffold_2^-;Name="ORF type:complete (+),score=12.41"
Warning: unexpected tab character in last column, line truncated:
scaffold_2	transdecoder	gene	144051150	144069602	.	-	.	ID=Atsept13390^scaffold_2^-;Name="ORF type:complete (+),score=9.20"scaffold_2	transdecoder	mRNA	144051150	144069602	.	-	.	ID=Atsept13390.1.p2;Parent=Atsept13390^scaffold_2^-;Name="ORF type:complete (+),score=9.20"
Warning: unexpected tab character in last column, line truncated:
scaffold_2	transdecoder	gene	144128392	144132222	.	+	.	ID=Atsept13391^scaffold_2^+;Name="ORF type:complete (+),score=16.26"scaffold_2	transdecoder	mRNA	144128392	144132222	.	+	.	ID=Atsept13391.1.p1;Parent=Atsept13391^scaffold_2^+;Name="ORF type:complete (+),score=16.26"
Warning: unexpected tab character in last column, line truncated:
scaffold_2	transdecoder	gene	4671325	4678367	.	+	.	ID=Atsept13392^scaffold_2^+;Name="ORF type:complete (+),score=361.28"scaffold_2	transdecoder	mRNA	4671325	4678367	.	+	.	ID=Atsept13392.1.p2;Parent=Atsept13392^scaffold_2^+;Name="ORF type:complete (+),score=361.28"
Warning: unexpected tab character in last column, line truncated:
scaffold_2	transdecoder	gene	144175219	144178150	.	-	.	ID=Atsept13393^scaffold_2^-;Name="ORF type:5prime_partial (+),score=8.21"scaffold_2	transdecoder	mRNA	144175219	144178150	.	-	.	ID=Atsept13393.1.p1;Parent=Atsept13393^scaffold_2^-;Name="ORF type:5prime_partial (+),score=8.21"
Warning: unexpected tab character in last column, line truncated:
scaffold_2	transdecoder	gene	144228728	144250460	.	-	.	ID=Atsept13394^scaffold_2^-;Name="ORF type:complete (+),score=16.22"scaffold_2	transdecoder	mRNA	144228728	144250460	.	-	.	ID=Atsept13394.1.p1;Parent=Atsept13394^scaffold_2^-;Name="ORF type:complete (+),score=16.22"
Warning: unexpected tab character in last column, line truncated:
scaffold_2	transdecoder	gene	145061247	145071424	.	+	.	ID=Atsept13409^scaffold_2^+;Name="ORF type:complete (+),score=46.70"scaffold_2	transdecoder	mRNA	145061247	145071424	.	+	.	ID=Atsept13409.1.p2;Parent=Atsept13409^scaffold_2^+;Name="ORF type:complete (+),score=46.70"
Warning: unexpected tab character in last column, line truncated:
scaffold_2	transdecoder	gene	145156319	145160744	.	-	.	ID=Atsept13411^scaffold_2^-;Name="ORF type:complete (+),score=24.57"scaffold_2	transdecoder	mRNA	145156319	145160744	.	-	.	ID=Atsept13411.1.p1;Parent=Atsept13411^scaffold_2^-;Name="ORF type:complete (+),score=24.57"
Warning: unexpected tab character in last column, line truncated:
scaffold_2	transdecoder	gene	145317005	145319677	.	-	.	ID=Atsept13413^scaffold_2^-;Name="ORF type:complete (+),score=5.77"scaffold_2	transdecoder	mRNA	145317005	145319677	.	-	.	ID=Atsept13413.1.p1;Parent=Atsept13413^scaffold_2^-;Name="ORF type:complete (+),score=5.77"
Warning: unexpected tab character in last column, line truncated:
scaffold_2	transdecoder	gene	4715202	4723347	.	+	.	ID=Atsept13414^scaffold_2^+;Name="ORF type:5prime_partial (+),score=17.92"scaffold_2	transdecoder	mRNA	4715202	4723347	.	+	.	ID=Atsept13414.1.p2;Parent=Atsept13414^scaffold_2^+;Name="ORF type:5prime_partial (+),score=17.92"
Warning: unexpected tab character in last column, line truncated:
scaffold_2	transdecoder	gene	145897326	145946420	.	+	.	ID=Atsept13416^scaffold_2^+;Name="ORF type:complete (+),score=14.69"scaffold_2	transdecoder	mRNA	145897326	145946420	.	+	.	ID=Atsept13416.1.p1;Parent=Atsept13416^scaffold_2^+;Name="ORF type:complete (+),score=14.69"
Warning: unexpected tab character in last column, line truncated:
scaffold_2	transdecoder	gene	146403141	146415275	.	+	.	ID=Atsept13419^scaffold_2^+;Name="ORF type:internal (+),score=20.72"scaffold_2	transdecoder	mRNA	146403141	146415275	.	+	.	ID=Atsept13419.1.p1;Parent=Atsept13419^scaffold_2^+;Name="ORF type:internal (+),score=20.72"
Warning: unexpected tab character in last column, line truncated:
scaffold_2	transdecoder	gene	4776706	4786384	.	+	.	ID=Atsept13449^scaffold_2^+;Name="ORF type:5prime_partial (+),score=14.89"scaffold_2	transdecoder	mRNA	4776706	4786384	.	+	.	ID=Atsept13449.1.p2;Parent=Atsept13449^scaffold_2^+;Name="ORF type:5prime_partial (+),score=14.89"
Warning: unexpected tab character in last column, line truncated:
scaffold_2	transdecoder	gene	147882495	147883371	.	-	.	ID=Atsept13456^scaffold_2^-;Name="ORF type:5prime_partial (+),score=9.41"scaffold_2	transdecoder	mRNA	147882495	147883371	.	-	.	ID=Atsept13456.1.p3;Parent=Atsept13456^scaffold_2^-;Name="ORF type:5prime_partial (+),score=9.41"
Warning: unexpected tab character in last column, line truncated:
scaffold_2	transdecoder	gene	4822924	4829445	.	+	.	ID=Atsept13460^scaffold_2^+;Name="ORF type:complete (+),score=14.41"scaffold_2	transdecoder	mRNA	4822924	4829445	.	+	.	ID=Atsept13460.1.p2;Parent=Atsept13460^scaffold_2^+;Name="ORF type:complete (+),score=14.41"
Warning: unexpected tab character in last column, line truncated:
scaffold_2	transdecoder	gene	150564777	150612957	.	+	.	ID=Atsept13466^scaffold_2^+;Name="ORF type:5prime_partial (+),score=24.08"scaffold_2	transdecoder	mRNA	150564777	150612957	.	+	.	ID=Atsept13466.1.p2;Parent=Atsept13466^scaffold_2^+;Name="ORF type:5prime_partial (+),score=24.08"
Warning: unexpected tab character in last column, line truncated:
scaffold_2	transdecoder	gene	4595799	4834801	.	-	.	ID=Atsept13482^scaffold_2^-;Name="ORF type:complete (+),score=23.99"scaffold_2	transdecoder	mRNA	4595799	4834801	.	-	.	ID=Atsept13482.1.p1;Parent=Atsept13482^scaffold_2^-;Name="ORF type:complete (+),score=23.99"
Warning: unexpected tab character in last column, line truncated:
scaffold_2	transdecoder	gene	151796499	151799396	.	+	.	ID=Atsept13487^scaffold_2^+;Name="ORF type:complete (+),score=4.28"scaffold_2	transdecoder	mRNA	151796499	151799396	.	+	.	ID=Atsept13487.1.p1;Parent=Atsept13487^scaffold_2^+;Name="ORF type:complete (+),score=4.28"
Warning: unexpected tab character in last column, line truncated:
scaffold_2	transdecoder	gene	152764100	152786141	.	+	.	ID=Atsept13492^scaffold_2^+;Name="ORF type:complete (+),score=16.35"scaffold_2	transdecoder	mRNA	152764100	152786141	.	+	.	ID=Atsept13492.1.p2;Parent=Atsept13492^scaffold_2^+;Name="ORF type:complete (+),score=16.35"
Warning: unexpected tab character in last column, line truncated:
scaffold_2	transdecoder	gene	153574850	153575785	.	+	.	ID=Atsept13498^scaffold_2^+;Name="ORF type:complete (+),score=3.17"scaffold_2	transdecoder	mRNA	153574850	153575785	.	+	.	ID=Atsept13498.1.p1;Parent=Atsept13498^scaffold_2^+;Name="ORF type:complete (+),score=3.17"
Warning: unexpected tab character in last column, line truncated:
scaffold_2	transdecoder	gene	154088013	154101060	.	+	.	ID=Atsept13501^scaffold_2^+;Name="ORF type:complete (+),score=24.18"scaffold_2	transdecoder	mRNA	154088013	154101060	.	+	.	ID=Atsept13501.1.p3;Parent=Atsept13501^scaffold_2^+;Name="ORF type:complete (+),score=24.18"
Warning: unexpected tab character in last column, line truncated:
scaffold_2	transdecoder	gene	154758922	154770601	.	+	.	ID=Atsept13506^scaffold_2^+;Name="ORF type:complete (+),score=12.77"scaffold_2	transdecoder	mRNA	154758922	154770601	.	+	.	ID=Atsept13506.1.p1;Parent=Atsept13506^scaffold_2^+;Name="ORF type:complete (+),score=12.77"
Warning: unexpected tab character in last column, line truncated:
scaffold_2	transdecoder	gene	156770728	156773284	.	+	.	ID=Atsept13523^scaffold_2^+;Name="ORF type:complete (+),score=18.05"scaffold_2	transdecoder	mRNA	156770728	156773284	.	+	.	ID=Atsept13523.1.p2;Parent=Atsept13523^scaffold_2^+;Name="ORF type:complete (+),score=18.05"
Warning: unexpected tab character in last column, line truncated:
scaffold_2	transdecoder	gene	157010395	157048001	.	-	.	ID=Atsept13525^scaffold_2^-;Name="ORF type:5prime_partial (+),score=20.43"scaffold_2	transdecoder	mRNA	157010395	157048001	.	-	.	ID=Atsept13525.1.p1;Parent=Atsept13525^scaffold_2^-;Name="ORF type:5prime_partial (+),score=20.43"
Warning: unexpected tab character in last column, line truncated:
scaffold_2	transdecoder	gene	157785296	157805323	.	+	.	ID=Atsept13541^scaffold_2^+;Name="ORF type:complete (+),score=24.20"scaffold_2	transdecoder	mRNA	157785296	157805323	.	+	.	ID=Atsept13541.1.p1;Parent=Atsept13541^scaffold_2^+;Name="ORF type:complete (+),score=24.20"
Warning: unexpected tab character in last column, line truncated:
scaffold_2	transdecoder	gene	157849428	157854158	.	+	.	ID=Atsept13542^scaffold_2^+;Name="ORF type:complete (+),score=3.89"scaffold_2	transdecoder	mRNA	157849428	157854158	.	+	.	ID=Atsept13542.1.p3;Parent=Atsept13542^scaffold_2^+;Name="ORF type:complete (+),score=3.89"
Warning: unexpected tab character in last column, line truncated:
scaffold_2	transdecoder	gene	158060826	158068177	.	-	.	ID=Atsept13544^scaffold_2^-;Name="ORF type:complete (+),score=18.78"scaffold_2	transdecoder	mRNA	158060826	158068177	.	-	.	ID=Atsept13544.1.p2;Parent=Atsept13544^scaffold_2^-;Name="ORF type:complete (+),score=18.78"
Warning: unexpected tab character in last column, line truncated:
scaffold_2	transdecoder	gene	5112280	5122183	.	+	.	ID=Atsept13546^scaffold_2^+;Name="ORF type:5prime_partial (+),score=14.08"scaffold_2	transdecoder	mRNA	5112280	5122183	.	+	.	ID=Atsept13546.1.p1;Parent=Atsept13546^scaffold_2^+;Name="ORF type:5prime_partial (+),score=14.08"
Warning: unexpected tab character in last column, line truncated:
scaffold_2	transdecoder	gene	158774373	158775475	.	+	.	ID=Atsept13549^scaffold_2^+;Name="ORF type:complete (+),score=34.21"scaffold_2	transdecoder	mRNA	158774373	158775475	.	+	.	ID=Atsept13549.1.p1;Parent=Atsept13549^scaffold_2^+;Name="ORF type:complete (+),score=34.21"
Warning: unexpected tab character in last column, line truncated:
scaffold_2	transdecoder	gene	158982888	158989022	.	+	.	ID=Atsept13555^scaffold_2^+;Name="ORF type:complete (+),score=15.08"scaffold_2	transdecoder	mRNA	158982888	158989022	.	+	.	ID=Atsept13555.1.p2;Parent=Atsept13555^scaffold_2^+;Name="ORF type:complete (+),score=15.08"
Warning: unexpected tab character in last column, line truncated:
scaffold_2	transdecoder	gene	158970997	158977627	.	-	.	ID=Atsept13557^scaffold_2^-;Name="ORF type:complete (+),score=5.47"scaffold_2	transdecoder	mRNA	158970997	158977627	.	-	.	ID=Atsept13557.1.p2;Parent=Atsept13557^scaffold_2^-;Name="ORF type:complete (+),score=5.47"
Warning: unexpected tab character in last column, line truncated:
scaffold_2	transdecoder	gene	5167288	5175026	.	+	.	ID=Atsept13570^scaffold_2^+;Name="ORF type:5prime_partial (+),score=7.26"scaffold_2	transdecoder	mRNA	5167288	5175026	.	+	.	ID=Atsept13570.1.p1;Parent=Atsept13570^scaffold_2^+;Name="ORF type:5prime_partial (+),score=7.26"
Warning: unexpected tab character in last column, line truncated:
scaffold_2	transdecoder	gene	159942848	159984233	.	-	.	ID=Atsept13571^scaffold_2^-;Name="ORF type:5prime_partial (+),score=5.81"scaffold_2	transdecoder	mRNA	159942848	159984233	.	-	.	ID=Atsept13571.1.p3;Parent=Atsept13571^scaffold_2^-;Name="ORF type:5prime_partial (+),score=5.81"
Warning: unexpected tab character in last column, line truncated:
scaffold_2	transdecoder	gene	159999537	160002468	.	+	.	ID=Atsept13573^scaffold_2^+;Name="ORF type:complete (+),score=7.26"scaffold_2	transdecoder	mRNA	159999537	160002468	.	+	.	ID=Atsept13573.1.p1;Parent=Atsept13573^scaffold_2^+;Name="ORF type:complete (+),score=7.26"
Warning: unexpected tab character in last column, line truncated:
scaffold_2	transdecoder	gene	159998935	160010862	.	-	.	ID=Atsept13574^scaffold_2^-;Name="ORF type:complete (+),score=11.92"scaffold_2	transdecoder	mRNA	159998935	160010862	.	-	.	ID=Atsept13574.1.p2;Parent=Atsept13574^scaffold_2^-;Name="ORF type:complete (+),score=11.92"
Warning: unexpected tab character in last column, line truncated:
scaffold_2	transdecoder	gene	5175028	5177148	.	+	.	ID=Atsept13581^scaffold_2^+;Name="ORF type:5prime_partial (+),score=301.69"scaffold_2	transdecoder	mRNA	5175028	5177148	.	+	.	ID=Atsept13581.1.p1;Parent=Atsept13581^scaffold_2^+;Name="ORF type:5prime_partial (+),score=301.69"
Warning: unexpected tab character in last column, line truncated:
scaffold_2	transdecoder	gene	160451348	160452062	.	-	.	ID=Atsept13586^scaffold_2^-;Name="ORF type:complete (+),score=21.75"scaffold_2	transdecoder	mRNA	160451348	160452062	.	-	.	ID=Atsept13586.1.p1;Parent=Atsept13586^scaffold_2^-;Name="ORF type:complete (+),score=21.75"
Warning: unexpected tab character in last column, line truncated:
scaffold_2	transdecoder	gene	160452071	160479885	.	-	.	ID=Atsept13587^scaffold_2^-;Name="ORF type:complete (+),score=33.04"scaffold_2	transdecoder	mRNA	160452071	160479885	.	-	.	ID=Atsept13587.1.p1;Parent=Atsept13587^scaffold_2^-;Name="ORF type:complete (+),score=33.04"
Warning: unexpected tab character in last column, line truncated:
scaffold_2	transdecoder	gene	5214601	5219649	.	+	.	ID=Atsept13590^scaffold_2^+;Name="ORF type:5prime_partial (+),score=18.43"scaffold_2	transdecoder	mRNA	5214601	5219649	.	+	.	ID=Atsept13590.1.p2;Parent=Atsept13590^scaffold_2^+;Name="ORF type:5prime_partial (+),score=18.43"
Warning: unexpected tab character in last column, line truncated:
scaffold_2	transdecoder	gene	5276734	5292052	.	-	.	ID=Atsept13594^scaffold_2^-;Name="ORF type:complete (+),score=23.44"scaffold_2	transdecoder	mRNA	5276734	5292052	.	-	.	ID=Atsept13594.1.p1;Parent=Atsept13594^scaffold_2^-;Name="ORF type:complete (+),score=23.44"
Warning: unexpected tab character in last column, line truncated:
scaffold_2	transdecoder	gene	5426285	5479641	.	+	.	ID=Atsept13595^scaffold_2^+;Name="ORF type:5prime_partial (+),score=0.62"scaffold_2	transdecoder	mRNA	5426285	5479641	.	+	.	ID=Atsept13595.1.p2;Parent=Atsept13595^scaffold_2^+;Name="ORF type:5prime_partial (+),score=0.62"
Warning: unexpected tab character in last column, line truncated:
scaffold_2	transdecoder	gene	5480011	5489073	.	+	.	ID=Atsept13596^scaffold_2^+;Name="ORF type:5prime_partial (+),score=22.73"scaffold_2	transdecoder	mRNA	5480011	5489073	.	+	.	ID=Atsept13596.1.p1;Parent=Atsept13596^scaffold_2^+;Name="ORF type:5prime_partial (+),score=22.73"
Warning: unexpected tab character in last column, line truncated:
scaffold_2	transdecoder	gene	5493581	5497553	.	+	.	ID=Atsept13598^scaffold_2^+;Name="ORF type:complete (+),score=43.21"scaffold_2	transdecoder	mRNA	5493581	5497553	.	+	.	ID=Atsept13598.1.p2;Parent=Atsept13598^scaffold_2^+;Name="ORF type:complete (+),score=43.21"
Warning: unexpected tab character in last column, line truncated:
scaffold_2	transdecoder	gene	5493581	5497553	.	-	.	ID=Atsept13598^scaffold_2^-;Name="ORF type:5prime_partial (-),score=5.85"scaffold_2	transdecoder	mRNA	5493581	5497553	.	-	.	ID=Atsept13598.1.p3;Parent=Atsept13598^scaffold_2^-;Name="ORF type:5prime_partial (-),score=5.85"
Warning: unexpected tab character in last column, line truncated:
scaffold_2	transdecoder	gene	5517127	5525972	.	+	.	ID=Atsept13600^scaffold_2^+;Name="ORF type:5prime_partial (+),score=12.35"scaffold_2	transdecoder	mRNA	5517127	5525972	.	+	.	ID=Atsept13600.1.p1;Parent=Atsept13600^scaffold_2^+;Name="ORF type:5prime_partial (+),score=12.35"
Warning: unexpected tab character in last column, line truncated:
scaffold_2	transdecoder	gene	5525974	5527926	.	+	.	ID=Atsept13601^scaffold_2^+;Name="ORF type:5prime_partial (+),score=253.61"scaffold_2	transdecoder	mRNA	5525974	5527926	.	+	.	ID=Atsept13601.1.p2;Parent=Atsept13601^scaffold_2^+;Name="ORF type:5prime_partial (+),score=253.61"
Warning: unexpected tab character in last column, line truncated:
scaffold_2	transdecoder	gene	5607932	5610456	.	+	.	ID=Atsept13603^scaffold_2^+;Name="ORF type:5prime_partial (+),score=148.98"scaffold_2	transdecoder	mRNA	5607932	5610456	.	+	.	ID=Atsept13603.1.p1;Parent=Atsept13603^scaffold_2^+;Name="ORF type:5prime_partial (+),score=148.98"
Warning: unexpected tab character in last column, line truncated:
scaffold_2	transdecoder	gene	5661966	5673347	.	+	.	ID=Atsept13604^scaffold_2^+;Name="ORF type:5prime_partial (+),score=18.08"scaffold_2	transdecoder	mRNA	5661966	5673347	.	+	.	ID=Atsept13604.1.p2;Parent=Atsept13604^scaffold_2^+;Name="ORF type:5prime_partial (+),score=18.08"
Warning: unexpected tab character in last column, line truncated:
scaffold_2	transdecoder	gene	5673349	5675870	.	+	.	ID=Atsept13605^scaffold_2^+;Name="ORF type:complete (+),score=2.02"scaffold_2	transdecoder	mRNA	5673349	5675870	.	+	.	ID=Atsept13605.1.p7;Parent=Atsept13605^scaffold_2^+;Name="ORF type:complete (+),score=2.02"
Warning: unexpected tab character in last column, line truncated:
scaffold_2	transdecoder	gene	5781509	5782466	.	+	.	ID=Atsept13607^scaffold_2^+;Name="ORF type:complete (+),score=21.82"scaffold_2	transdecoder	mRNA	5781509	5782466	.	+	.	ID=Atsept13607.1.p2;Parent=Atsept13607^scaffold_2^+;Name="ORF type:complete (+),score=21.82"
Warning: unexpected tab character in last column, line truncated:
scaffold_2	transdecoder	gene	6575700	6581552	.	-	.	ID=Atsept13632^scaffold_2^-;Name="ORF type:5prime_partial (+),score=45.02"scaffold_2	transdecoder	mRNA	6575700	6581552	.	-	.	ID=Atsept13632.1.p1;Parent=Atsept13632^scaffold_2^-;Name="ORF type:5prime_partial (+),score=45.02"
Warning: unexpected tab character in last column, line truncated:
scaffold_2	transdecoder	gene	7227901	7265977	.	-	.	ID=Atsept13641^scaffold_2^-;Name="ORF type:5prime_partial (+),score=0.67"scaffold_2	transdecoder	mRNA	7227901	7265977	.	-	.	ID=Atsept13641.1.p5;Parent=Atsept13641^scaffold_2^-;Name="ORF type:5prime_partial (+),score=0.67"
Warning: unexpected tab character in last column, line truncated:
scaffold_2	transdecoder	gene	7344452	7348643	.	+	.	ID=Atsept13644^scaffold_2^+;Name="ORF type:complete (+),score=11.90"scaffold_2	transdecoder	mRNA	7344452	7348643	.	+	.	ID=Atsept13644.1.p15;Parent=Atsept13644^scaffold_2^+;Name="ORF type:complete (+),score=11.90"
Warning: unexpected tab character in last column, line truncated:
scaffold_2	transdecoder	gene	7497994	7504081	.	-	.	ID=Atsept13646^scaffold_2^-;Name="ORF type:complete (+),score=13.59"scaffold_2	transdecoder	mRNA	7497994	7504081	.	-	.	ID=Atsept13646.1.p1;Parent=Atsept13646^scaffold_2^-;Name="ORF type:complete (+),score=13.59"
Warning: unexpected tab character in last column, line truncated:
scaffold_2	transdecoder	gene	7519816	7521298	.	-	.	ID=Atsept13647^scaffold_2^-;Name="ORF type:complete (+),score=13.10"scaffold_2	transdecoder	mRNA	7519816	7521298	.	-	.	ID=Atsept13647.1.p1;Parent=Atsept13647^scaffold_2^-;Name="ORF type:complete (+),score=13.10"
Warning: unexpected tab character in last column, line truncated:
scaffold_2	transdecoder	gene	7844840	7888697	.	+	.	ID=Atsept13652^scaffold_2^+;Name="ORF type:complete (+),score=14.39"scaffold_2	transdecoder	mRNA	7844840	7888697	.	+	.	ID=Atsept13652.1.p3;Parent=Atsept13652^scaffold_2^+;Name="ORF type:complete (+),score=14.39"
Warning: unexpected tab character in last column, line truncated:
scaffold_2	transdecoder	gene	386344	400389	.	-	.	ID=Atsept13653^scaffold_2^-;Name="ORF type:complete (+),score=84.18"scaffold_2	transdecoder	mRNA	386344	400389	.	-	.	ID=Atsept13653.1.p1;Parent=Atsept13653^scaffold_2^-;Name="ORF type:complete (+),score=84.18"
Warning: unexpected tab character in last column, line truncated:
scaffold_2	transdecoder	gene	8045067	8048460	.	+	.	ID=Atsept13655^scaffold_2^+;Name="ORF type:complete (+),score=23.63"scaffold_2	transdecoder	mRNA	8045067	8048460	.	+	.	ID=Atsept13655.1.p1;Parent=Atsept13655^scaffold_2^+;Name="ORF type:complete (+),score=23.63"
Warning: unexpected tab character in last column, line truncated:
scaffold_2	transdecoder	gene	8637320	8730207	.	+	.	ID=Atsept13660^scaffold_2^+;Name="ORF type:5prime_partial (+),score=10.72"scaffold_2	transdecoder	mRNA	8637320	8730207	.	+	.	ID=Atsept13660.1.p3;Parent=Atsept13660^scaffold_2^+;Name="ORF type:5prime_partial (+),score=10.72"
Warning: unexpected tab character in last column, line truncated:
scaffold_2	transdecoder	gene	9385143	9388390	.	-	.	ID=Atsept13668^scaffold_2^-;Name="ORF type:complete (+),score=18.70"scaffold_2	transdecoder	mRNA	9385143	9388390	.	-	.	ID=Atsept13668.1.p2;Parent=Atsept13668^scaffold_2^-;Name="ORF type:complete (+),score=18.70"
Warning: unexpected tab character in last column, line truncated:
scaffold_2	transdecoder	gene	9403184	9405412	.	-	.	ID=Atsept13669^scaffold_2^-;Name="ORF type:5prime_partial (+),score=11.32"scaffold_2	transdecoder	mRNA	9403184	9405412	.	-	.	ID=Atsept13669.1.p2;Parent=Atsept13669^scaffold_2^-;Name="ORF type:5prime_partial (+),score=11.32"
Warning: unexpected tab character in last column, line truncated:
scaffold_2	transdecoder	gene	9416334	9422918	.	+	.	ID=Atsept13670^scaffold_2^+;Name="ORF type:complete (+),score=22.45"scaffold_2	transdecoder	mRNA	9416334	9422918	.	+	.	ID=Atsept13670.1.p2;Parent=Atsept13670^scaffold_2^+;Name="ORF type:complete (+),score=22.45"
Warning: unexpected tab character in last column, line truncated:
scaffold_2	transdecoder	gene	9976411	9990423	.	-	.	ID=Atsept13680^scaffold_2^-;Name="ORF type:5prime_partial (+),score=324.34"scaffold_2	transdecoder	mRNA	9976411	9990423	.	-	.	ID=Atsept13680.1.p1;Parent=Atsept13680^scaffold_2^-;Name="ORF type:5prime_partial (+),score=324.34"
Warning: unexpected tab character in last column, line truncated:
scaffold_2	transdecoder	gene	10016358	10050982	.	+	.	ID=Atsept13682^scaffold_2^+;Name="ORF type:complete (+),score=37.92"scaffold_2	transdecoder	mRNA	10016358	10050982	.	+	.	ID=Atsept13682.1.p1;Parent=Atsept13682^scaffold_2^+;Name="ORF type:complete (+),score=37.92"
Warning: unexpected tab character in last column, line truncated:
scaffold_2	transdecoder	gene	10050984	10065602	.	+	.	ID=Atsept13683^scaffold_2^+;Name="ORF type:5prime_partial (+),score=1235.94"scaffold_2	transdecoder	mRNA	10050984	10065602	.	+	.	ID=Atsept13683.1.p1;Parent=Atsept13683^scaffold_2^+;Name="ORF type:5prime_partial (+),score=1235.94"
Warning: unexpected tab character in last column, line truncated:
scaffold_2	transdecoder	gene	10169679	10177230	.	+	.	ID=Atsept13684^scaffold_2^+;Name="ORF type:complete (+),score=3.77"scaffold_2	transdecoder	mRNA	10169679	10177230	.	+	.	ID=Atsept13684.1.p1;Parent=Atsept13684^scaffold_2^+;Name="ORF type:complete (+),score=3.77"
Warning: unexpected tab character in last column, line truncated:
scaffold_2	transdecoder	gene	10245351	10248505	.	-	.	ID=Atsept13685^scaffold_2^-;Name="ORF type:complete (+),score=17.09"scaffold_2	transdecoder	mRNA	10245351	10248505	.	-	.	ID=Atsept13685.1.p2;Parent=Atsept13685^scaffold_2^-;Name="ORF type:complete (+),score=17.09"
Warning: unexpected tab character in last column, line truncated:
scaffold_2	transdecoder	gene	10294376	10301031	.	-	.	ID=Atsept13687^scaffold_2^-;Name="ORF type:complete (+),score=40.34"scaffold_2	transdecoder	mRNA	10294376	10301031	.	-	.	ID=Atsept13687.1.p1;Parent=Atsept13687^scaffold_2^-;Name="ORF type:complete (+),score=40.34"
Warning: unexpected tab character in last column, line truncated:
scaffold_2	transdecoder	gene	10459930	10465321	.	-	.	ID=Atsept13688^scaffold_2^-;Name="ORF type:complete (+),score=16.76"scaffold_2	transdecoder	mRNA	10459930	10465321	.	-	.	ID=Atsept13688.1.p2;Parent=Atsept13688^scaffold_2^-;Name="ORF type:complete (+),score=16.76"
Warning: unexpected tab character in last column, line truncated:
scaffold_2	transdecoder	gene	10484500	10512356	.	-	.	ID=Atsept13689^scaffold_2^-;Name="ORF type:5prime_partial (+),score=17.68"scaffold_2	transdecoder	mRNA	10484500	10512356	.	-	.	ID=Atsept13689.1.p1;Parent=Atsept13689^scaffold_2^-;Name="ORF type:5prime_partial (+),score=17.68"
Warning: unexpected tab character in last column, line truncated:
scaffold_2	transdecoder	gene	10721473	10727244	.	-	.	ID=Atsept13690^scaffold_2^-;Name="ORF type:complete (+),score=12.49"scaffold_2	transdecoder	mRNA	10721473	10727244	.	-	.	ID=Atsept13690.1.p3;Parent=Atsept13690^scaffold_2^-;Name="ORF type:complete (+),score=12.49"
Warning: unexpected tab character in last column, line truncated:
scaffold_2	transdecoder	gene	10793530	10794048	.	-	.	ID=Atsept13691^scaffold_2^-;Name="ORF type:complete (-),score=14.29"scaffold_2	transdecoder	mRNA	10793530	10794048	.	-	.	ID=Atsept13691.1.p1;Parent=Atsept13691^scaffold_2^-;Name="ORF type:complete (-),score=14.29"
Warning: unexpected tab character in last column, line truncated:
scaffold_2	transdecoder	gene	10817626	10820818	.	+	.	ID=Atsept13692^scaffold_2^+;Name="ORF type:complete (+),score=6.84"scaffold_2	transdecoder	mRNA	10817626	10820818	.	+	.	ID=Atsept13692.1.p1;Parent=Atsept13692^scaffold_2^+;Name="ORF type:complete (+),score=6.84"
Warning: unexpected tab character in last column, line truncated:
scaffold_2	transdecoder	gene	10823420	10827616	.	+	.	ID=Atsept13693^scaffold_2^+;Name="ORF type:complete (+),score=14.90"scaffold_2	transdecoder	mRNA	10823420	10827616	.	+	.	ID=Atsept13693.1.p1;Parent=Atsept13693^scaffold_2^+;Name="ORF type:complete (+),score=14.90"
Warning: unexpected tab character in last column, line truncated:
scaffold_2	transdecoder	gene	11118358	11121471	.	-	.	ID=Atsept13694^scaffold_2^-;Name="ORF type:complete (+),score=13.59"scaffold_2	transdecoder	mRNA	11118358	11121471	.	-	.	ID=Atsept13694.1.p1;Parent=Atsept13694^scaffold_2^-;Name="ORF type:complete (+),score=13.59"
Warning: unexpected tab character in last column, line truncated:
scaffold_2	transdecoder	gene	11132308	11151141	.	+	.	ID=Atsept13695^scaffold_2^+;Name="ORF type:complete (+),score=9.21"scaffold_2	transdecoder	mRNA	11132308	11151141	.	+	.	ID=Atsept13695.1.p2;Parent=Atsept13695^scaffold_2^+;Name="ORF type:complete (+),score=9.21"
Warning: unexpected tab character in last column, line truncated:
scaffold_2	transdecoder	gene	11200389	11223055	.	+	.	ID=Atsept13697^scaffold_2^+;Name="ORF type:complete (+),score=17.39"scaffold_2	transdecoder	mRNA	11200389	11223055	.	+	.	ID=Atsept13697.1.p2;Parent=Atsept13697^scaffold_2^+;Name="ORF type:complete (+),score=17.39"
Warning: unexpected tab character in last column, line truncated:
scaffold_2	transdecoder	gene	11172685	11200238	.	-	.	ID=Atsept13698^scaffold_2^-;Name="ORF type:complete (+),score=32.81"scaffold_2	transdecoder	mRNA	11172685	11200238	.	-	.	ID=Atsept13698.1.p1;Parent=Atsept13698^scaffold_2^-;Name="ORF type:complete (+),score=32.81"
Warning: unexpected tab character in last column, line truncated:
scaffold_2	transdecoder	gene	11352476	11358564	.	+	.	ID=Atsept13699^scaffold_2^+;Name="ORF type:complete (+),score=12.80"scaffold_2	transdecoder	mRNA	11352476	11358564	.	+	.	ID=Atsept13699.1.p2;Parent=Atsept13699^scaffold_2^+;Name="ORF type:complete (+),score=12.80"
Warning: unexpected tab character in last column, line truncated:
scaffold_2	transdecoder	gene	11435793	11436953	.	-	.	ID=Atsept13701^scaffold_2^-;Name="ORF type:5prime_partial (+),score=8.32"scaffold_2	transdecoder	mRNA	11435793	11436953	.	-	.	ID=Atsept13701.1.p3;Parent=Atsept13701^scaffold_2^-;Name="ORF type:5prime_partial (+),score=8.32"
Warning: unexpected tab character in last column, line truncated:
scaffold_2	transdecoder	gene	11715755	11728596	.	+	.	ID=Atsept13703^scaffold_2^+;Name="ORF type:complete (+),score=92.16"scaffold_2	transdecoder	mRNA	11715755	11728596	.	+	.	ID=Atsept13703.1.p1;Parent=Atsept13703^scaffold_2^+;Name="ORF type:complete (+),score=92.16"
Warning: unexpected tab character in last column, line truncated:
scaffold_2	transdecoder	gene	14328414	14348456	.	-	.	ID=Atsept13719^scaffold_2^-;Name="ORF type:complete (+),score=18.43"scaffold_2	transdecoder	mRNA	14328414	14348456	.	-	.	ID=Atsept13719.1.p2;Parent=Atsept13719^scaffold_2^-;Name="ORF type:complete (+),score=18.43"
Warning: unexpected tab character in last column, line truncated:
scaffold_2	transdecoder	gene	14409576	14413231	.	+	.	ID=Atsept13720^scaffold_2^+;Name="ORF type:complete (+),score=7.71"scaffold_2	transdecoder	mRNA	14409576	14413231	.	+	.	ID=Atsept13720.1.p1;Parent=Atsept13720^scaffold_2^+;Name="ORF type:complete (+),score=7.71"
Warning: unexpected tab character in last column, line truncated:
scaffold_2	transdecoder	gene	14607172	14638138	.	-	.	ID=Atsept13721^scaffold_2^-;Name="ORF type:complete (+),score=7.55"scaffold_2	transdecoder	mRNA	14607172	14638138	.	-	.	ID=Atsept13721.1.p1;Parent=Atsept13721^scaffold_2^-;Name="ORF type:complete (+),score=7.55"
Warning: unexpected tab character in last column, line truncated:
scaffold_2	transdecoder	gene	777620	795424	.	+	.	ID=Atsept13751^scaffold_2^+;Name="ORF type:5prime_partial (+),score=36.03"scaffold_2	transdecoder	mRNA	777620	795424	.	+	.	ID=Atsept13751.1.p1;Parent=Atsept13751^scaffold_2^+;Name="ORF type:5prime_partial (+),score=36.03"
Warning: unexpected tab character in last column, line truncated:
scaffold_2	transdecoder	gene	18152460	18154186	.	+	.	ID=Atsept13752^scaffold_2^+;Name="ORF type:complete (+),score=11.79"scaffold_2	transdecoder	mRNA	18152460	18154186	.	+	.	ID=Atsept13752.1.p1;Parent=Atsept13752^scaffold_2^+;Name="ORF type:complete (+),score=11.79"
Warning: unexpected tab character in last column, line truncated:
scaffold_2	transdecoder	gene	18155658	18157886	.	+	.	ID=Atsept13753^scaffold_2^+;Name="ORF type:complete (+),score=7.42"scaffold_2	transdecoder	mRNA	18155658	18157886	.	+	.	ID=Atsept13753.1.p2;Parent=Atsept13753^scaffold_2^+;Name="ORF type:complete (+),score=7.42"
Warning: unexpected tab character in last column, line truncated:
scaffold_2	transdecoder	gene	18734777	18738911	.	-	.	ID=Atsept13757^scaffold_2^-;Name="ORF type:complete (+),score=6.45"scaffold_2	transdecoder	mRNA	18734777	18738911	.	-	.	ID=Atsept13757.1.p4;Parent=Atsept13757^scaffold_2^-;Name="ORF type:complete (+),score=6.45"
Warning: unexpected tab character in last column, line truncated:
scaffold_2	transdecoder	gene	20269499	20274834	.	+	.	ID=Atsept13761^scaffold_2^+;Name="ORF type:complete (+),score=6.91"scaffold_2	transdecoder	mRNA	20269499	20274834	.	+	.	ID=Atsept13761.1.p2;Parent=Atsept13761^scaffold_2^+;Name="ORF type:complete (+),score=6.91"
Warning: unexpected tab character in last column, line truncated:
scaffold_2	transdecoder	gene	21622326	21632653	.	+	.	ID=Atsept13782^scaffold_2^+;Name="ORF type:complete (+),score=11.02"scaffold_2	transdecoder	mRNA	21622326	21632653	.	+	.	ID=Atsept13782.1.p3;Parent=Atsept13782^scaffold_2^+;Name="ORF type:complete (+),score=11.02"
Warning: unexpected tab character in last column, line truncated:
scaffold_2	transdecoder	gene	918888	944397	.	-	.	ID=Atsept13784^scaffold_2^-;Name="ORF type:complete (+),score=49.82"scaffold_2	transdecoder	mRNA	918888	944397	.	-	.	ID=Atsept13784.1.p1;Parent=Atsept13784^scaffold_2^-;Name="ORF type:complete (+),score=49.82"
Warning: unexpected tab character in last column, line truncated:
scaffold_2	transdecoder	gene	21683250	21684957	.	+	.	ID=Atsept13788^scaffold_2^+;Name="ORF type:complete (+),score=17.20"scaffold_2	transdecoder	mRNA	21683250	21684957	.	+	.	ID=Atsept13788.1.p2;Parent=Atsept13788^scaffold_2^+;Name="ORF type:complete (+),score=17.20"
Warning: unexpected tab character in last column, line truncated:
scaffold_2	transdecoder	gene	950543	974471	.	-	.	ID=Atsept13794^scaffold_2^-;Name="ORF type:complete (+),score=997.18"scaffold_2	transdecoder	mRNA	950543	974471	.	-	.	ID=Atsept13794.1.p1;Parent=Atsept13794^scaffold_2^-;Name="ORF type:complete (+),score=997.18"
Warning: unexpected tab character in last column, line truncated:
scaffold_2	transdecoder	gene	22198896	22201058	.	-	.	ID=Atsept13795^scaffold_2^-;Name="ORF type:complete (+),score=5.65"scaffold_2	transdecoder	mRNA	22198896	22201058	.	-	.	ID=Atsept13795.1.p3;Parent=Atsept13795^scaffold_2^-;Name="ORF type:complete (+),score=5.65"
Warning: unexpected tab character in last column, line truncated:
scaffold_2	transdecoder	gene	22446640	22456132	.	+	.	ID=Atsept13796^scaffold_2^+;Name="ORF type:complete (+),score=7.86"scaffold_2	transdecoder	mRNA	22446640	22456132	.	+	.	ID=Atsept13796.1.p1;Parent=Atsept13796^scaffold_2^+;Name="ORF type:complete (+),score=7.86"
Warning: unexpected tab character in last column, line truncated:
scaffold_2	transdecoder	gene	23186988	23218601	.	+	.	ID=Atsept13803^scaffold_2^+;Name="ORF type:complete (+),score=15.94"scaffold_2	transdecoder	mRNA	23186988	23218601	.	+	.	ID=Atsept13803.1.p1;Parent=Atsept13803^scaffold_2^+;Name="ORF type:complete (+),score=15.94"
Warning: unexpected tab character in last column, line truncated:
scaffold_2	transdecoder	gene	23287467	23327498	.	+	.	ID=Atsept13804^scaffold_2^+;Name="ORF type:5prime_partial (+),score=17.76"scaffold_2	transdecoder	mRNA	23287467	23327498	.	+	.	ID=Atsept13804.1.p6;Parent=Atsept13804^scaffold_2^+;Name="ORF type:5prime_partial (+),score=17.76"
Warning: unexpected tab character in last column, line truncated:
scaffold_2	transdecoder	gene	23490246	23491327	.	-	.	ID=Atsept13806^scaffold_2^-;Name="ORF type:complete (+),score=10.41"scaffold_2	transdecoder	mRNA	23490246	23491327	.	-	.	ID=Atsept13806.1.p1;Parent=Atsept13806^scaffold_2^-;Name="ORF type:complete (+),score=10.41"
Warning: unexpected tab character in last column, line truncated:
scaffold_2	transdecoder	gene	23497220	23656047	.	-	.	ID=Atsept13807^scaffold_2^-;Name="ORF type:complete (+),score=16.64"scaffold_2	transdecoder	mRNA	23497220	23656047	.	-	.	ID=Atsept13807.1.p1;Parent=Atsept13807^scaffold_2^-;Name="ORF type:complete (+),score=16.64"
Warning: unexpected tab character in last column, line truncated:
scaffold_2	transdecoder	gene	23810529	23811798	.	-	.	ID=Atsept13810^scaffold_2^-;Name="ORF type:complete (+),score=8.72"scaffold_2	transdecoder	mRNA	23810529	23811798	.	-	.	ID=Atsept13810.1.p2;Parent=Atsept13810^scaffold_2^-;Name="ORF type:complete (+),score=8.72"
Warning: unexpected tab character in last column, line truncated:
scaffold_2	transdecoder	gene	998758	999972	.	+	.	ID=Atsept13816^scaffold_2^+;Name="ORF type:complete (+),score=16.56"scaffold_2	transdecoder	mRNA	998758	999972	.	+	.	ID=Atsept13816.1.p1;Parent=Atsept13816^scaffold_2^+;Name="ORF type:complete (+),score=16.56"
Warning: unexpected tab character in last column, line truncated:
scaffold_2	transdecoder	gene	1041796	1050086	.	+	.	ID=Atsept13827^scaffold_2^+;Name="ORF type:5prime_partial (+),score=24.92"scaffold_2	transdecoder	mRNA	1041796	1050086	.	+	.	ID=Atsept13827.1.p2;Parent=Atsept13827^scaffold_2^+;Name="ORF type:5prime_partial (+),score=24.92"
Warning: unexpected tab character in last column, line truncated:
scaffold_2	transdecoder	gene	24501993	24507007	.	-	.	ID=Atsept13830^scaffold_2^-;Name="ORF type:complete (+),score=9.95"scaffold_2	transdecoder	mRNA	24501993	24507007	.	-	.	ID=Atsept13830.1.p1;Parent=Atsept13830^scaffold_2^-;Name="ORF type:complete (+),score=9.95"
Warning: unexpected tab character in last column, line truncated:
scaffold_2	transdecoder	gene	25406310	25420869	.	-	.	ID=Atsept13843^scaffold_2^-;Name="ORF type:3prime_partial (+),score=12.49"scaffold_2	transdecoder	mRNA	25406310	25420869	.	-	.	ID=Atsept13843.1.p4;Parent=Atsept13843^scaffold_2^-;Name="ORF type:3prime_partial (+),score=12.49"
Warning: unexpected tab character in last column, line truncated:
scaffold_2	transdecoder	gene	25799842	25811544	.	+	.	ID=Atsept13848^scaffold_2^+;Name="ORF type:complete (+),score=19.19"scaffold_2	transdecoder	mRNA	25799842	25811544	.	+	.	ID=Atsept13848.1.p1;Parent=Atsept13848^scaffold_2^+;Name="ORF type:complete (+),score=19.19"
Warning: unexpected tab character in last column, line truncated:
scaffold_2	transdecoder	gene	1137578	1149011	.	+	.	ID=Atsept13849^scaffold_2^+;Name="ORF type:5prime_partial (+),score=59.97"scaffold_2	transdecoder	mRNA	1137578	1149011	.	+	.	ID=Atsept13849.1.p1;Parent=Atsept13849^scaffold_2^+;Name="ORF type:5prime_partial (+),score=59.97"
Warning: unexpected tab character in last column, line truncated:
scaffold_2	transdecoder	gene	49569	52881	.	-	.	ID=Atsept13850^scaffold_2^-;Name="ORF type:complete (+),score=121.14"scaffold_2	transdecoder	mRNA	49569	52881	.	-	.	ID=Atsept13850.1.p2;Parent=Atsept13850^scaffold_2^-;Name="ORF type:complete (+),score=121.14"
Warning: unexpected tab character in last column, line truncated:
scaffold_2	transdecoder	gene	26289712	26301907	.	-	.	ID=Atsept13860^scaffold_2^-;Name="ORF type:5prime_partial (+),score=24.45"scaffold_2	transdecoder	mRNA	26289712	26301907	.	-	.	ID=Atsept13860.1.p2;Parent=Atsept13860^scaffold_2^-;Name="ORF type:5prime_partial (+),score=24.45"
Warning: unexpected tab character in last column, line truncated:
scaffold_2	transdecoder	gene	26512697	26519320	.	-	.	ID=Atsept13864^scaffold_2^-;Name="ORF type:complete (+),score=23.79"scaffold_2	transdecoder	mRNA	26512697	26519320	.	-	.	ID=Atsept13864.1.p1;Parent=Atsept13864^scaffold_2^-;Name="ORF type:complete (+),score=23.79"
Warning: unexpected tab character in last column, line truncated:
scaffold_2	transdecoder	gene	26881619	26972693	.	-	.	ID=Atsept13868^scaffold_2^-;Name="ORF type:complete (+),score=16.44"scaffold_2	transdecoder	mRNA	26881619	26972693	.	-	.	ID=Atsept13868.1.p4;Parent=Atsept13868^scaffold_2^-;Name="ORF type:complete (+),score=16.44"
Warning: unexpected tab character in last column, line truncated:
scaffold_2	transdecoder	gene	26962009	26965362	.	-	.	ID=Atsept13869^scaffold_2^-;Name="ORF type:complete (+),score=13.12"scaffold_2	transdecoder	mRNA	26962009	26965362	.	-	.	ID=Atsept13869.1.p1;Parent=Atsept13869^scaffold_2^-;Name="ORF type:complete (+),score=13.12"
Warning: unexpected tab character in last column, line truncated:
scaffold_2	transdecoder	gene	1172719	1179887	.	+	.	ID=Atsept13872^scaffold_2^+;Name="ORF type:5prime_partial (+),score=13.67"scaffold_2	transdecoder	mRNA	1172719	1179887	.	+	.	ID=Atsept13872.1.p3;Parent=Atsept13872^scaffold_2^+;Name="ORF type:5prime_partial (+),score=13.67"
Warning: unexpected tab character in last column, line truncated:
scaffold_2	transdecoder	gene	27441163	27471380	.	+	.	ID=Atsept13874^scaffold_2^+;Name="ORF type:5prime_partial (+),score=12.91"scaffold_2	transdecoder	mRNA	27441163	27471380	.	+	.	ID=Atsept13874.1.p1;Parent=Atsept13874^scaffold_2^+;Name="ORF type:5prime_partial (+),score=12.91"
Warning: unexpected tab character in last column, line truncated:
scaffold_2	transdecoder	gene	27486812	27512848	.	+	.	ID=Atsept13875^scaffold_2^+;Name="ORF type:complete (+),score=51.80"scaffold_2	transdecoder	mRNA	27486812	27512848	.	+	.	ID=Atsept13875.1.p2;Parent=Atsept13875^scaffold_2^+;Name="ORF type:complete (+),score=51.80"
Warning: unexpected tab character in last column, line truncated:
scaffold_2	transdecoder	gene	27659539	27691535	.	+	.	ID=Atsept13877^scaffold_2^+;Name="ORF type:complete (+),score=13.41"scaffold_2	transdecoder	mRNA	27659539	27691535	.	+	.	ID=Atsept13877.1.p1;Parent=Atsept13877^scaffold_2^+;Name="ORF type:complete (+),score=13.41"
Warning: unexpected tab character in last column, line truncated:
scaffold_2	transdecoder	gene	1231201	1246941	.	+	.	ID=Atsept13894^scaffold_2^+;Name="ORF type:complete (+),score=14.22"scaffold_2	transdecoder	mRNA	1231201	1246941	.	+	.	ID=Atsept13894.1.p3;Parent=Atsept13894^scaffold_2^+;Name="ORF type:complete (+),score=14.22"
Warning: unexpected tab character in last column, line truncated:
scaffold_2	transdecoder	gene	30030764	30031249	.	-	.	ID=Atsept13895^scaffold_2^-;Name="ORF type:complete (+),score=56.68"scaffold_2	transdecoder	mRNA	30030764	30031249	.	-	.	ID=Atsept13895.1.p1;Parent=Atsept13895^scaffold_2^-;Name="ORF type:complete (+),score=56.68"
Warning: unexpected tab character in last column, line truncated:
scaffold_2	transdecoder	gene	30435719	30467876	.	+	.	ID=Atsept13899^scaffold_2^+;Name="ORF type:complete (+),score=26.12"scaffold_2	transdecoder	mRNA	30435719	30467876	.	+	.	ID=Atsept13899.1.p5;Parent=Atsept13899^scaffold_2^+;Name="ORF type:complete (+),score=26.12"
Warning: unexpected tab character in last column, line truncated:
scaffold_2	transdecoder	gene	31619843	31621128	.	+	.	ID=Atsept13903^scaffold_2^+;Name="ORF type:complete (+),score=14.77"scaffold_2	transdecoder	mRNA	31619843	31621128	.	+	.	ID=Atsept13903.1.p1;Parent=Atsept13903^scaffold_2^+;Name="ORF type:complete (+),score=14.77"
Warning: unexpected tab character in last column, line truncated:
scaffold_2	transdecoder	gene	32033931	32054365	.	-	.	ID=Atsept13917^scaffold_2^-;Name="ORF type:complete (+),score=26.34"scaffold_2	transdecoder	mRNA	32033931	32054365	.	-	.	ID=Atsept13917.1.p1;Parent=Atsept13917^scaffold_2^-;Name="ORF type:complete (+),score=26.34"
Warning: unexpected tab character in last column, line truncated:
scaffold_2	transdecoder	gene	1253125	1262816	.	+	.	ID=Atsept13918^scaffold_2^+;Name="ORF type:5prime_partial (+),score=13.33"scaffold_2	transdecoder	mRNA	1253125	1262816	.	+	.	ID=Atsept13918.1.p1;Parent=Atsept13918^scaffold_2^+;Name="ORF type:5prime_partial (+),score=13.33"
Warning: unexpected tab character in last column, line truncated:
scaffold_2	transdecoder	gene	32657285	32663729	.	+	.	ID=Atsept13923^scaffold_2^+;Name="ORF type:complete (+),score=16.09"scaffold_2	transdecoder	mRNA	32657285	32663729	.	+	.	ID=Atsept13923.1.p1;Parent=Atsept13923^scaffold_2^+;Name="ORF type:complete (+),score=16.09"
Warning: unexpected tab character in last column, line truncated:
scaffold_2	transdecoder	gene	1267284	1283575	.	+	.	ID=Atsept13929^scaffold_2^+;Name="ORF type:complete (+),score=522.53"scaffold_2	transdecoder	mRNA	1267284	1283575	.	+	.	ID=Atsept13929.1.p1;Parent=Atsept13929^scaffold_2^+;Name="ORF type:complete (+),score=522.53"
Warning: unexpected tab character in last column, line truncated:
scaffold_2	transdecoder	gene	32988101	33012784	.	-	.	ID=Atsept13931^scaffold_2^-;Name="ORF type:complete (+),score=6.75"scaffold_2	transdecoder	mRNA	32988101	33012784	.	-	.	ID=Atsept13931.1.p1;Parent=Atsept13931^scaffold_2^-;Name="ORF type:complete (+),score=6.75"
Warning: unexpected tab character in last column, line truncated:
scaffold_2	transdecoder	gene	33039560	33040842	.	+	.	ID=Atsept13932^scaffold_2^+;Name="ORF type:complete (+),score=5.52"scaffold_2	transdecoder	mRNA	33039560	33040842	.	+	.	ID=Atsept13932.1.p1;Parent=Atsept13932^scaffold_2^+;Name="ORF type:complete (+),score=5.52"
Warning: unexpected tab character in last column, line truncated:
scaffold_2	transdecoder	gene	33623362	33648808	.	-	.	ID=Atsept13944^scaffold_2^-;Name="ORF type:complete (+),score=19.23"scaffold_2	transdecoder	mRNA	33623362	33648808	.	-	.	ID=Atsept13944.1.p4;Parent=Atsept13944^scaffold_2^-;Name="ORF type:complete (+),score=19.23"
Warning: unexpected tab character in last column, line truncated:
scaffold_2	transdecoder	gene	1334475	1335691	.	+	.	ID=Atsept13950^scaffold_2^+;Name="ORF type:complete (+),score=16.45"scaffold_2	transdecoder	mRNA	1334475	1335691	.	+	.	ID=Atsept13950.1.p1;Parent=Atsept13950^scaffold_2^+;Name="ORF type:complete (+),score=16.45"
Warning: unexpected tab character in last column, line truncated:
scaffold_2	transdecoder	gene	33891223	33901095	.	-	.	ID=Atsept13955^scaffold_2^-;Name="ORF type:complete (+),score=18.84"scaffold_2	transdecoder	mRNA	33891223	33901095	.	-	.	ID=Atsept13955.1.p1;Parent=Atsept13955^scaffold_2^-;Name="ORF type:complete (+),score=18.84"
Warning: unexpected tab character in last column, line truncated:
scaffold_2	transdecoder	gene	35173918	35185186	.	-	.	ID=Atsept13960^scaffold_2^-;Name="ORF type:complete (+),score=7.45"scaffold_2	transdecoder	mRNA	35173918	35185186	.	-	.	ID=Atsept13960.1.p1;Parent=Atsept13960^scaffold_2^-;Name="ORF type:complete (+),score=7.45"
Warning: unexpected tab character in last column, line truncated:
scaffold_2	transdecoder	gene	35211721	35229120	.	-	.	ID=Atsept13963^scaffold_2^-;Name="ORF type:complete (+),score=18.87"scaffold_2	transdecoder	mRNA	35211721	35229120	.	-	.	ID=Atsept13963.1.p2;Parent=Atsept13963^scaffold_2^-;Name="ORF type:complete (+),score=18.87"
Warning: unexpected tab character in last column, line truncated:
scaffold_2	transdecoder	gene	36932199	36971519	.	-	.	ID=Atsept13968^scaffold_2^-;Name="ORF type:complete (+),score=26.90"scaffold_2	transdecoder	mRNA	36932199	36971519	.	-	.	ID=Atsept13968.1.p1;Parent=Atsept13968^scaffold_2^-;Name="ORF type:complete (+),score=26.90"
Warning: unexpected tab character in last column, line truncated:
scaffold_2	transdecoder	gene	37906792	37908606	.	+	.	ID=Atsept13975^scaffold_2^+;Name="ORF type:complete (+),score=20.93"scaffold_2	transdecoder	mRNA	37906792	37908606	.	+	.	ID=Atsept13975.1.p1;Parent=Atsept13975^scaffold_2^+;Name="ORF type:complete (+),score=20.93"
Warning: unexpected tab character in last column, line truncated:
scaffold_2	transdecoder	gene	38820743	38822979	.	-	.	ID=Atsept13985^scaffold_2^-;Name="ORF type:complete (+),score=36.86"scaffold_2	transdecoder	mRNA	38820743	38822979	.	-	.	ID=Atsept13985.1.p2;Parent=Atsept13985^scaffold_2^-;Name="ORF type:complete (+),score=36.86"
Warning: unexpected tab character in last column, line truncated:
scaffold_2	transdecoder	gene	40467728	40481538	.	-	.	ID=Atsept14004^scaffold_2^-;Name="ORF type:complete (+),score=12.73"scaffold_2	transdecoder	mRNA	40467728	40481538	.	-	.	ID=Atsept14004.1.p1;Parent=Atsept14004^scaffold_2^-;Name="ORF type:complete (+),score=12.73"
Warning: unexpected tab character in last column, line truncated:
scaffold_2	transdecoder	gene	40644322	40657749	.	+	.	ID=Atsept14008^scaffold_2^+;Name="ORF type:5prime_partial (+),score=8.52"scaffold_2	transdecoder	mRNA	40644322	40657749	.	+	.	ID=Atsept14008.1.p3;Parent=Atsept14008^scaffold_2^+;Name="ORF type:5prime_partial (+),score=8.52"
Warning: unexpected tab character in last column, line truncated:
scaffold_2	transdecoder	gene	1602665	1605852	.	-	.	ID=Atsept14013^scaffold_2^-;Name="ORF type:5prime_partial (+),score=387.69"scaffold_2	transdecoder	mRNA	1602665	1605852	.	-	.	ID=Atsept14013.1.p1;Parent=Atsept14013^scaffold_2^-;Name="ORF type:5prime_partial (+),score=387.69"
Warning: unexpected tab character in last column, line truncated:
scaffold_2	transdecoder	gene	41536764	41550735	.	+	.	ID=Atsept14019^scaffold_2^+;Name="ORF type:complete (+),score=9.31"scaffold_2	transdecoder	mRNA	41536764	41550735	.	+	.	ID=Atsept14019.1.p3;Parent=Atsept14019^scaffold_2^+;Name="ORF type:complete (+),score=9.31"
Warning: unexpected tab character in last column, line truncated:
scaffold_2	transdecoder	gene	1605921	1631518	.	-	.	ID=Atsept14024^scaffold_2^-;Name="ORF type:complete (+),score=50.49"scaffold_2	transdecoder	mRNA	1605921	1631518	.	-	.	ID=Atsept14024.1.p1;Parent=Atsept14024^scaffold_2^-;Name="ORF type:complete (+),score=50.49"
Warning: unexpected tab character in last column, line truncated:
scaffold_2	transdecoder	gene	42422502	42438737	.	-	.	ID=Atsept14032^scaffold_2^-;Name="ORF type:complete (+),score=11.20"scaffold_2	transdecoder	mRNA	42422502	42438737	.	-	.	ID=Atsept14032.1.p2;Parent=Atsept14032^scaffold_2^-;Name="ORF type:complete (+),score=11.20"
Warning: unexpected tab character in last column, line truncated:
scaffold_2	transdecoder	gene	1637589	1659235	.	-	.	ID=Atsept14046^scaffold_2^-;Name="ORF type:complete (+),score=5.39"scaffold_2	transdecoder	mRNA	1637589	1659235	.	-	.	ID=Atsept14046.1.p13;Parent=Atsept14046^scaffold_2^-;Name="ORF type:complete (+),score=5.39"
Warning: unexpected tab character in last column, line truncated:
scaffold_2	transdecoder	gene	1720459	1737304	.	+	.	ID=Atsept14057^scaffold_2^+;Name="ORF type:5prime_partial (+),score=56.78"scaffold_2	transdecoder	mRNA	1720459	1737304	.	+	.	ID=Atsept14057.1.p1;Parent=Atsept14057^scaffold_2^+;Name="ORF type:5prime_partial (+),score=56.78"
Warning: unexpected tab character in last column, line truncated:
scaffold_2	transdecoder	gene	46206630	46209433	.	-	.	ID=Atsept14072^scaffold_2^-;Name="ORF type:complete (+),score=2.04"scaffold_2	transdecoder	mRNA	46206630	46209433	.	-	.	ID=Atsept14072.1.p1;Parent=Atsept14072^scaffold_2^-;Name="ORF type:complete (+),score=2.04"
Warning: unexpected tab character in last column, line truncated:
scaffold_2	transdecoder	gene	47129688	47156839	.	+	.	ID=Atsept14073^scaffold_2^+;Name="ORF type:5prime_partial (+),score=19.08"scaffold_2	transdecoder	mRNA	47129688	47156839	.	+	.	ID=Atsept14073.1.p3;Parent=Atsept14073^scaffold_2^+;Name="ORF type:5prime_partial (+),score=19.08"
Warning: unexpected tab character in last column, line truncated:
scaffold_2	transdecoder	gene	47336699	47387556	.	-	.	ID=Atsept14076^scaffold_2^-;Name="ORF type:complete (+),score=15.10"scaffold_2	transdecoder	mRNA	47336699	47387556	.	-	.	ID=Atsept14076.1.p3;Parent=Atsept14076^scaffold_2^-;Name="ORF type:complete (+),score=15.10"
Warning: unexpected tab character in last column, line truncated:
scaffold_2	transdecoder	gene	1764934	1766583	.	+	.	ID=Atsept14091^scaffold_2^+;Name="ORF type:complete (+),score=250.84"scaffold_2	transdecoder	mRNA	1764934	1766583	.	+	.	ID=Atsept14091.1.p2;Parent=Atsept14091^scaffold_2^+;Name="ORF type:complete (+),score=250.84"
Warning: unexpected tab character in last column, line truncated:
scaffold_2	transdecoder	gene	1774361	1797613	.	+	.	ID=Atsept14102^scaffold_2^+;Name="ORF type:complete (+),score=12.78"scaffold_2	transdecoder	mRNA	1774361	1797613	.	+	.	ID=Atsept14102.1.p4;Parent=Atsept14102^scaffold_2^+;Name="ORF type:complete (+),score=12.78"
Warning: unexpected tab character in last column, line truncated:
scaffold_2	transdecoder	gene	51322071	51322805	.	-	.	ID=Atsept14108^scaffold_2^-;Name="ORF type:complete (+),score=13.44"scaffold_2	transdecoder	mRNA	51322071	51322805	.	-	.	ID=Atsept14108.1.p4;Parent=Atsept14108^scaffold_2^-;Name="ORF type:complete (+),score=13.44"
Warning: unexpected tab character in last column, line truncated:
scaffold_2	transdecoder	gene	51950409	51979931	.	+	.	ID=Atsept14112^scaffold_2^+;Name="ORF type:complete (+),score=11.00"scaffold_2	transdecoder	mRNA	51950409	51979931	.	+	.	ID=Atsept14112.1.p3;Parent=Atsept14112^scaffold_2^+;Name="ORF type:complete (+),score=11.00"
Warning: unexpected tab character in last column, line truncated:
scaffold_2	transdecoder	gene	52646632	52649459	.	+	.	ID=Atsept14128^scaffold_2^+;Name="ORF type:complete (+),score=14.99"scaffold_2	transdecoder	mRNA	52646632	52649459	.	+	.	ID=Atsept14128.1.p1;Parent=Atsept14128^scaffold_2^+;Name="ORF type:complete (+),score=14.99"
Warning: unexpected tab character in last column, line truncated:
scaffold_2	transdecoder	gene	53709536	53712885	.	+	.	ID=Atsept14143^scaffold_2^+;Name="ORF type:complete (+),score=11.13"scaffold_2	transdecoder	mRNA	53709536	53712885	.	+	.	ID=Atsept14143.1.p1;Parent=Atsept14143^scaffold_2^+;Name="ORF type:complete (+),score=11.13"
Warning: unexpected tab character in last column, line truncated:
scaffold_2	transdecoder	gene	54121987	54123021	.	+	.	ID=Atsept14152^scaffold_2^+;Name="ORF type:complete (+),score=79.02"scaffold_2	transdecoder	mRNA	54121987	54123021	.	+	.	ID=Atsept14152.1.p1;Parent=Atsept14152^scaffold_2^+;Name="ORF type:complete (+),score=79.02"
Warning: unexpected tab character in last column, line truncated:
scaffold_2	transdecoder	gene	55290902	55304882	.	+	.	ID=Atsept14165^scaffold_2^+;Name="ORF type:complete (+),score=8.93"scaffold_2	transdecoder	mRNA	55290902	55304882	.	+	.	ID=Atsept14165.1.p1;Parent=Atsept14165^scaffold_2^+;Name="ORF type:complete (+),score=8.93"
Warning: unexpected tab character in last column, line truncated:
scaffold_2	transdecoder	gene	56262252	56266625	.	+	.	ID=Atsept14166^scaffold_2^+;Name="ORF type:complete (+),score=13.78"scaffold_2	transdecoder	mRNA	56262252	56266625	.	+	.	ID=Atsept14166.1.p2;Parent=Atsept14166^scaffold_2^+;Name="ORF type:complete (+),score=13.78"
Warning: unexpected tab character in last column, line truncated:
scaffold_2	transdecoder	gene	1998604	2000605	.	-	.	ID=Atsept14179^scaffold_2^-;Name="ORF type:complete (+),score=3.03"scaffold_2	transdecoder	mRNA	1998604	2000605	.	-	.	ID=Atsept14179.1.p2;Parent=Atsept14179^scaffold_2^-;Name="ORF type:complete (+),score=3.03"
Warning: unexpected tab character in last column, line truncated:
scaffold_2	transdecoder	gene	57608437	57610336	.	+	.	ID=Atsept14186^scaffold_2^+;Name="ORF type:complete (+),score=23.38"scaffold_2	transdecoder	mRNA	57608437	57610336	.	+	.	ID=Atsept14186.1.p1;Parent=Atsept14186^scaffold_2^+;Name="ORF type:complete (+),score=23.38"
Warning: unexpected tab character in last column, line truncated:
scaffold_2	transdecoder	gene	57772359	57781499	.	-	.	ID=Atsept14194^scaffold_2^-;Name="ORF type:complete (+),score=0.13"scaffold_2	transdecoder	mRNA	57772359	57781499	.	-	.	ID=Atsept14194.1.p1;Parent=Atsept14194^scaffold_2^-;Name="ORF type:complete (+),score=0.13"
Warning: unexpected tab character in last column, line truncated:
scaffold_2	transdecoder	gene	58577214	58618885	.	+	.	ID=Atsept14200^scaffold_2^+;Name="ORF type:5prime_partial (+),score=22.45"scaffold_2	transdecoder	mRNA	58577214	58618885	.	+	.	ID=Atsept14200.1.p1;Parent=Atsept14200^scaffold_2^+;Name="ORF type:5prime_partial (+),score=22.45"
Warning: unexpected tab character in last column, line truncated:
scaffold_2	transdecoder	gene	58772976	58778919	.	-	.	ID=Atsept14204^scaffold_2^-;Name="ORF type:5prime_partial (+),score=12.04"scaffold_2	transdecoder	mRNA	58772976	58778919	.	-	.	ID=Atsept14204.1.p2;Parent=Atsept14204^scaffold_2^-;Name="ORF type:5prime_partial (+),score=12.04"
Warning: unexpected tab character in last column, line truncated:
scaffold_2	transdecoder	gene	60552800	60554057	.	+	.	ID=Atsept14215^scaffold_2^+;Name="ORF type:5prime_partial (+),score=43.07"scaffold_2	transdecoder	mRNA	60552800	60554057	.	+	.	ID=Atsept14215.1.p1;Parent=Atsept14215^scaffold_2^+;Name="ORF type:5prime_partial (+),score=43.07"
Warning: unexpected tab character in last column, line truncated:
scaffold_2	transdecoder	gene	61244971	61252710	.	+	.	ID=Atsept14229^scaffold_2^+;Name="ORF type:complete (+),score=24.94"scaffold_2	transdecoder	mRNA	61244971	61252710	.	+	.	ID=Atsept14229.1.p2;Parent=Atsept14229^scaffold_2^+;Name="ORF type:complete (+),score=24.94"
Warning: unexpected tab character in last column, line truncated:
scaffold_2	transdecoder	gene	61571236	61572415	.	+	.	ID=Atsept14234^scaffold_2^+;Name="ORF type:complete (+),score=3.19"scaffold_2	transdecoder	mRNA	61571236	61572415	.	+	.	ID=Atsept14234.1.p2;Parent=Atsept14234^scaffold_2^+;Name="ORF type:complete (+),score=3.19"
Warning: unexpected tab character in last column, line truncated:
scaffold_2	transdecoder	gene	61820731	61825408	.	-	.	ID=Atsept14242^scaffold_2^-;Name="ORF type:complete (+),score=14.23"scaffold_2	transdecoder	mRNA	61820731	61825408	.	-	.	ID=Atsept14242.1.p1;Parent=Atsept14242^scaffold_2^-;Name="ORF type:complete (+),score=14.23"
Warning: unexpected tab character in last column, line truncated:
scaffold_2	transdecoder	gene	63636309	63662566	.	+	.	ID=Atsept14260^scaffold_2^+;Name="ORF type:complete (+),score=33.72"scaffold_2	transdecoder	mRNA	63636309	63662566	.	+	.	ID=Atsept14260.1.p2;Parent=Atsept14260^scaffold_2^+;Name="ORF type:complete (+),score=33.72"
Warning: unexpected tab character in last column, line truncated:
scaffold_2	transdecoder	gene	64999805	65011384	.	-	.	ID=Atsept14293^scaffold_2^-;Name="ORF type:complete (+),score=32.62"scaffold_2	transdecoder	mRNA	64999805	65011384	.	-	.	ID=Atsept14293.1.p1;Parent=Atsept14293^scaffold_2^-;Name="ORF type:complete (+),score=32.62"
Warning: unexpected tab character in last column, line truncated:
scaffold_2	transdecoder	gene	65142351	65145351	.	-	.	ID=Atsept14296^scaffold_2^-;Name="ORF type:complete (+),score=14.19"scaffold_2	transdecoder	mRNA	65142351	65145351	.	-	.	ID=Atsept14296.1.p3;Parent=Atsept14296^scaffold_2^-;Name="ORF type:complete (+),score=14.19"
Warning: unexpected tab character in last column, line truncated:
scaffold_2	transdecoder	gene	66979639	66986207	.	+	.	ID=Atsept14313^scaffold_2^+;Name="ORF type:complete (+),score=7.25"scaffold_2	transdecoder	mRNA	66979639	66986207	.	+	.	ID=Atsept14313.1.p2;Parent=Atsept14313^scaffold_2^+;Name="ORF type:complete (+),score=7.25"
Warning: unexpected tab character in last column, line truncated:
scaffold_2	transdecoder	gene	67218572	67301447	.	+	.	ID=Atsept14321^scaffold_2^+;Name="ORF type:5prime_partial (+),score=0.73"scaffold_2	transdecoder	mRNA	67218572	67301447	.	+	.	ID=Atsept14321.1.p3;Parent=Atsept14321^scaffold_2^+;Name="ORF type:5prime_partial (+),score=0.73"
Warning: unexpected tab character in last column, line truncated:
scaffold_2	transdecoder	gene	67500538	67513058	.	+	.	ID=Atsept14324^scaffold_2^+;Name="ORF type:complete (+),score=11.13"scaffold_2	transdecoder	mRNA	67500538	67513058	.	+	.	ID=Atsept14324.1.p5;Parent=Atsept14324^scaffold_2^+;Name="ORF type:complete (+),score=11.13"
Warning: unexpected tab character in last column, line truncated:
scaffold_2	transdecoder	gene	67515646	67517662	.	+	.	ID=Atsept14325^scaffold_2^+;Name="ORF type:5prime_partial (+),score=69.86"scaffold_2	transdecoder	mRNA	67515646	67517662	.	+	.	ID=Atsept14325.1.p2;Parent=Atsept14325^scaffold_2^+;Name="ORF type:5prime_partial (+),score=69.86"
Warning: unexpected tab character in last column, line truncated:
scaffold_2	transdecoder	gene	67701176	67706194	.	+	.	ID=Atsept14329^scaffold_2^+;Name="ORF type:3prime_partial (+),score=16.68"scaffold_2	transdecoder	mRNA	67701176	67706194	.	+	.	ID=Atsept14329.1.p5;Parent=Atsept14329^scaffold_2^+;Name="ORF type:3prime_partial (+),score=16.68"
Warning: unexpected tab character in last column, line truncated:
scaffold_2	transdecoder	gene	67786322	67786893	.	+	.	ID=Atsept14331^scaffold_2^+;Name="ORF type:complete (+),score=22.45"scaffold_2	transdecoder	mRNA	67786322	67786893	.	+	.	ID=Atsept14331.1.p1;Parent=Atsept14331^scaffold_2^+;Name="ORF type:complete (+),score=22.45"
Warning: unexpected tab character in last column, line truncated:
scaffold_2	transdecoder	gene	2630449	2632409	.	+	.	ID=Atsept14333^scaffold_2^+;Name="ORF type:5prime_partial (+),score=227.35"scaffold_2	transdecoder	mRNA	2630449	2632409	.	+	.	ID=Atsept14333.1.p1;Parent=Atsept14333^scaffold_2^+;Name="ORF type:5prime_partial (+),score=227.35"
Warning: unexpected tab character in last column, line truncated:
scaffold_2	transdecoder	gene	68834504	68841960	.	-	.	ID=Atsept14336^scaffold_2^-;Name="ORF type:complete (+),score=25.78"scaffold_2	transdecoder	mRNA	68834504	68841960	.	-	.	ID=Atsept14336.1.p1;Parent=Atsept14336^scaffold_2^-;Name="ORF type:complete (+),score=25.78"
Warning: unexpected tab character in last column, line truncated:
scaffold_2	transdecoder	gene	2673522	2674139	.	+	.	ID=Atsept14344^scaffold_2^+;Name="ORF type:complete (+),score=4.75"scaffold_2	transdecoder	mRNA	2673522	2674139	.	+	.	ID=Atsept14344.1.p4;Parent=Atsept14344^scaffold_2^+;Name="ORF type:complete (+),score=4.75"
Warning: unexpected tab character in last column, line truncated:
scaffold_2	transdecoder	gene	2673522	2674139	.	-	.	ID=Atsept14344^scaffold_2^-;Name="ORF type:5prime_partial (-),score=9.83"scaffold_2	transdecoder	mRNA	2673522	2674139	.	-	.	ID=Atsept14344.1.p3;Parent=Atsept14344^scaffold_2^-;Name="ORF type:5prime_partial (-),score=9.83"
Warning: unexpected tab character in last column, line truncated:
scaffold_2	transdecoder	gene	2727956	2728539	.	+	.	ID=Atsept14367^scaffold_2^+;Name="ORF type:complete (+),score=19.80"scaffold_2	transdecoder	mRNA	2727956	2728539	.	+	.	ID=Atsept14367.1.p1;Parent=Atsept14367^scaffold_2^+;Name="ORF type:complete (+),score=19.80"
Warning: unexpected tab character in last column, line truncated:
scaffold_2	transdecoder	gene	2727956	2728539	.	-	.	ID=Atsept14367^scaffold_2^-;Name="ORF type:5prime_partial (-),score=2.03"scaffold_2	transdecoder	mRNA	2727956	2728539	.	-	.	ID=Atsept14367.1.p3;Parent=Atsept14367^scaffold_2^-;Name="ORF type:5prime_partial (-),score=2.03"
Warning: unexpected tab character in last column, line truncated:
scaffold_2	transdecoder	gene	71957349	71960650	.	-	.	ID=Atsept14369^scaffold_2^-;Name="ORF type:complete (+),score=21.22"scaffold_2	transdecoder	mRNA	71957349	71960650	.	-	.	ID=Atsept14369.1.p2;Parent=Atsept14369^scaffold_2^-;Name="ORF type:complete (+),score=21.22"
Warning: unexpected tab character in last column, line truncated:
scaffold_2	transdecoder	gene	72826616	72828163	.	+	.	ID=Atsept14374^scaffold_2^+;Name="ORF type:complete (+),score=12.60"scaffold_2	transdecoder	mRNA	72826616	72828163	.	+	.	ID=Atsept14374.1.p1;Parent=Atsept14374^scaffold_2^+;Name="ORF type:complete (+),score=12.60"
Warning: unexpected tab character in last column, line truncated:
scaffold_2	transdecoder	gene	72929779	72936554	.	+	.	ID=Atsept14377^scaffold_2^+;Name="ORF type:complete (+),score=10.63"scaffold_2	transdecoder	mRNA	72929779	72936554	.	+	.	ID=Atsept14377.1.p1;Parent=Atsept14377^scaffold_2^+;Name="ORF type:complete (+),score=10.63"
Warning: unexpected tab character in last column, line truncated:
scaffold_2	transdecoder	gene	2779462	2785281	.	+	.	ID=Atsept14379^scaffold_2^+;Name="ORF type:5prime_partial (+),score=21.24"scaffold_2	transdecoder	mRNA	2779462	2785281	.	+	.	ID=Atsept14379.1.p1;Parent=Atsept14379^scaffold_2^+;Name="ORF type:5prime_partial (+),score=21.24"
Warning: unexpected tab character in last column, line truncated:
scaffold_2	transdecoder	gene	2785393	2787971	.	+	.	ID=Atsept14390^scaffold_2^+;Name="ORF type:5prime_partial (+),score=255.17"scaffold_2	transdecoder	mRNA	2785393	2787971	.	+	.	ID=Atsept14390.1.p1;Parent=Atsept14390^scaffold_2^+;Name="ORF type:5prime_partial (+),score=255.17"
Warning: unexpected tab character in last column, line truncated:
scaffold_2	transdecoder	gene	3018651	3025521	.	-	.	ID=Atsept14424^scaffold_2^-;Name="ORF type:complete (+),score=14.61"scaffold_2	transdecoder	mRNA	3018651	3025521	.	-	.	ID=Atsept14424.1.p3;Parent=Atsept14424^scaffold_2^-;Name="ORF type:complete (+),score=14.61"
Warning: unexpected tab character in last column, line truncated:
scaffold_2	transdecoder	gene	77046162	77514721	.	-	.	ID=Atsept14425^scaffold_2^-;Name="ORF type:complete (+),score=35.36"scaffold_2	transdecoder	mRNA	77046162	77514721	.	-	.	ID=Atsept14425.1.p3;Parent=Atsept14425^scaffold_2^-;Name="ORF type:complete (+),score=35.36"
Warning: unexpected tab character in last column, line truncated:
scaffold_2	transdecoder	gene	3036493	3046615	.	-	.	ID=Atsept14446^scaffold_2^-;Name="ORF type:complete (+),score=26.36"scaffold_2	transdecoder	mRNA	3036493	3046615	.	-	.	ID=Atsept14446.1.p3;Parent=Atsept14446^scaffold_2^-;Name="ORF type:complete (+),score=26.36"
Warning: unexpected tab character in last column, line truncated:
scaffold_2	transdecoder	gene	79574484	79577178	.	+	.	ID=Atsept14448^scaffold_2^+;Name="ORF type:complete (+),score=18.12"scaffold_2	transdecoder	mRNA	79574484	79577178	.	+	.	ID=Atsept14448.1.p1;Parent=Atsept14448^scaffold_2^+;Name="ORF type:complete (+),score=18.12"
Warning: unexpected tab character in last column, line truncated:
scaffold_2	transdecoder	gene	3067345	3072384	.	-	.	ID=Atsept14468^scaffold_2^-;Name="ORF type:5prime_partial (+),score=15.82"scaffold_2	transdecoder	mRNA	3067345	3072384	.	-	.	ID=Atsept14468.1.p2;Parent=Atsept14468^scaffold_2^-;Name="ORF type:5prime_partial (+),score=15.82"
Warning: unexpected tab character in last column, line truncated:
scaffold_2	transdecoder	gene	83547356	83566200	.	+	.	ID=Atsept14485^scaffold_2^+;Name="ORF type:5prime_partial (+),score=28.17"scaffold_2	transdecoder	mRNA	83547356	83566200	.	+	.	ID=Atsept14485.1.p1;Parent=Atsept14485^scaffold_2^+;Name="ORF type:5prime_partial (+),score=28.17"
Warning: unexpected tab character in last column, line truncated:
scaffold_2	transdecoder	gene	83599674	83625335	.	+	.	ID=Atsept14486^scaffold_2^+;Name="ORF type:complete (+),score=16.31"scaffold_2	transdecoder	mRNA	83599674	83625335	.	+	.	ID=Atsept14486.1.p2;Parent=Atsept14486^scaffold_2^+;Name="ORF type:complete (+),score=16.31"
Warning: unexpected tab character in last column, line truncated:
scaffold_2	transdecoder	gene	3147458	3147729	.	-	.	ID=Atsept14491^scaffold_2^-;Name="ORF type:complete (+),score=33.79"scaffold_2	transdecoder	mRNA	3147458	3147729	.	-	.	ID=Atsept14491.1.p2;Parent=Atsept14491^scaffold_2^-;Name="ORF type:complete (+),score=33.79"
Warning: unexpected tab character in last column, line truncated:
scaffold_2	transdecoder	gene	83933357	83952232	.	-	.	ID=Atsept14493^scaffold_2^-;Name="ORF type:complete (+),score=62.62"scaffold_2	transdecoder	mRNA	83933357	83952232	.	-	.	ID=Atsept14493.1.p3;Parent=Atsept14493^scaffold_2^-;Name="ORF type:complete (+),score=62.62"
Warning: unexpected tab character in last column, line truncated:
scaffold_2	transdecoder	gene	3194371	3196405	.	-	.	ID=Atsept14502^scaffold_2^-;Name="ORF type:complete (+),score=323.96"scaffold_2	transdecoder	mRNA	3194371	3196405	.	-	.	ID=Atsept14502.1.p1;Parent=Atsept14502^scaffold_2^-;Name="ORF type:complete (+),score=323.96"
Warning: unexpected tab character in last column, line truncated:
scaffold_2	transdecoder	gene	3256989	3257281	.	-	.	ID=Atsept14513^scaffold_2^-;Name="ORF type:complete (+),score=8.78"scaffold_2	transdecoder	mRNA	3256989	3257281	.	-	.	ID=Atsept14513.1.p1;Parent=Atsept14513^scaffold_2^-;Name="ORF type:complete (+),score=8.78"
Warning: unexpected tab character in last column, line truncated:
scaffold_36	transdecoder	gene	48633	63712	.	+	.	ID=Atsept14515^scaffold_36^+;Name="ORF type:complete (+),score=5.44"scaffold_36	transdecoder	mRNA	48633	63712	.	+	.	ID=Atsept14515.1.p6;Parent=Atsept14515^scaffold_36^+;Name="ORF type:complete (+),score=5.44"
Warning: unexpected tab character in last column, line truncated:
scaffold_3	transdecoder	gene	98920796	98948862	.	-	.	ID=Atsept14516^scaffold_3^-;Name="ORF type:complete (+),score=152.62"scaffold_3	transdecoder	mRNA	98920796	98948862	.	-	.	ID=Atsept14516.1.p1;Parent=Atsept14516^scaffold_3^-;Name="ORF type:complete (+),score=152.62"
Warning: unexpected tab character in last column, line truncated:
scaffold_3	transdecoder	gene	99983442	100107792	.	+	.	ID=Atsept14524^scaffold_3^+;Name="ORF type:complete (+),score=23.42"scaffold_3	transdecoder	mRNA	99983442	100107792	.	+	.	ID=Atsept14524.1.p2;Parent=Atsept14524^scaffold_3^+;Name="ORF type:complete (+),score=23.42"
Warning: unexpected tab character in last column, line truncated:
scaffold_3	transdecoder	gene	3434320	3436612	.	+	.	ID=Atsept14526^scaffold_3^+;Name="ORF type:5prime_partial (+),score=16.56"scaffold_3	transdecoder	mRNA	3434320	3436612	.	+	.	ID=Atsept14526.1.p3;Parent=Atsept14526^scaffold_3^+;Name="ORF type:5prime_partial (+),score=16.56"
Warning: unexpected tab character in last column, line truncated:
scaffold_3	transdecoder	gene	101873197	101873870	.	-	.	ID=Atsept14529^scaffold_3^-;Name="ORF type:complete (+),score=15.65"scaffold_3	transdecoder	mRNA	101873197	101873870	.	-	.	ID=Atsept14529.1.p1;Parent=Atsept14529^scaffold_3^-;Name="ORF type:complete (+),score=15.65"
Warning: unexpected tab character in last column, line truncated:
scaffold_3	transdecoder	gene	103921876	103937314	.	-	.	ID=Atsept14544^scaffold_3^-;Name="ORF type:complete (+),score=11.93"scaffold_3	transdecoder	mRNA	103921876	103937314	.	-	.	ID=Atsept14544.1.p1;Parent=Atsept14544^scaffold_3^-;Name="ORF type:complete (+),score=11.93"
Warning: unexpected tab character in last column, line truncated:
scaffold_3	transdecoder	gene	104087715	104126001	.	-	.	ID=Atsept14548^scaffold_3^-;Name="ORF type:complete (+),score=18.79"scaffold_3	transdecoder	mRNA	104087715	104126001	.	-	.	ID=Atsept14548.1.p4;Parent=Atsept14548^scaffold_3^-;Name="ORF type:complete (+),score=18.79"
Warning: unexpected tab character in last column, line truncated:
scaffold_3	transdecoder	gene	104479799	104485739	.	-	.	ID=Atsept14551^scaffold_3^-;Name="ORF type:complete (+),score=16.45"scaffold_3	transdecoder	mRNA	104479799	104485739	.	-	.	ID=Atsept14551.1.p11;Parent=Atsept14551^scaffold_3^-;Name="ORF type:complete (+),score=16.45"
Warning: unexpected tab character in last column, line truncated:
scaffold_3	transdecoder	gene	106101307	106103904	.	-	.	ID=Atsept14568^scaffold_3^-;Name="ORF type:complete (+),score=14.57"scaffold_3	transdecoder	mRNA	106101307	106103904	.	-	.	ID=Atsept14568.1.p1;Parent=Atsept14568^scaffold_3^-;Name="ORF type:complete (+),score=14.57"
Warning: unexpected tab character in last column, line truncated:
scaffold_3	transdecoder	gene	3543497	3589331	.	-	.	ID=Atsept14569^scaffold_3^-;Name="ORF type:5prime_partial (+),score=8.28"scaffold_3	transdecoder	mRNA	3543497	3589331	.	-	.	ID=Atsept14569.1.p5;Parent=Atsept14569^scaffold_3^-;Name="ORF type:5prime_partial (+),score=8.28"
Warning: unexpected tab character in last column, line truncated:
scaffold_3	transdecoder	gene	107603190	107603945	.	+	.	ID=Atsept14573^scaffold_3^+;Name="ORF type:complete (+),score=6.00"scaffold_3	transdecoder	mRNA	107603190	107603945	.	+	.	ID=Atsept14573.1.p2;Parent=Atsept14573^scaffold_3^+;Name="ORF type:complete (+),score=6.00"
Warning: unexpected tab character in last column, line truncated:
scaffold_3	transdecoder	gene	108386665	108414438	.	+	.	ID=Atsept14574^scaffold_3^+;Name="ORF type:complete (+),score=22.72"scaffold_3	transdecoder	mRNA	108386665	108414438	.	+	.	ID=Atsept14574.1.p1;Parent=Atsept14574^scaffold_3^+;Name="ORF type:complete (+),score=22.72"
Warning: unexpected tab character in last column, line truncated:
scaffold_3	transdecoder	gene	108809672	108830179	.	+	.	ID=Atsept14575^scaffold_3^+;Name="ORF type:complete (+),score=27.49"scaffold_3	transdecoder	mRNA	108809672	108830179	.	+	.	ID=Atsept14575.1.p1;Parent=Atsept14575^scaffold_3^+;Name="ORF type:complete (+),score=27.49"
Warning: unexpected tab character in last column, line truncated:
scaffold_3	transdecoder	gene	110384899	110393056	.	+	.	ID=Atsept14580^scaffold_3^+;Name="ORF type:complete (+),score=24.62"scaffold_3	transdecoder	mRNA	110384899	110393056	.	+	.	ID=Atsept14580.1.p1;Parent=Atsept14580^scaffold_3^+;Name="ORF type:complete (+),score=24.62"
Warning: unexpected tab character in last column, line truncated:
scaffold_3	transdecoder	gene	111697991	111699425	.	+	.	ID=Atsept14584^scaffold_3^+;Name="ORF type:complete (+),score=15.79"scaffold_3	transdecoder	mRNA	111697991	111699425	.	+	.	ID=Atsept14584.1.p1;Parent=Atsept14584^scaffold_3^+;Name="ORF type:complete (+),score=15.79"
Warning: unexpected tab character in last column, line truncated:
scaffold_3	transdecoder	gene	112805368	112809184	.	+	.	ID=Atsept14585^scaffold_3^+;Name="ORF type:complete (+),score=4.59"scaffold_3	transdecoder	mRNA	112805368	112809184	.	+	.	ID=Atsept14585.1.p3;Parent=Atsept14585^scaffold_3^+;Name="ORF type:complete (+),score=4.59"
Warning: unexpected tab character in last column, line truncated:
scaffold_3	transdecoder	gene	113411687	113412290	.	+	.	ID=Atsept14586^scaffold_3^+;Name="ORF type:complete (+),score=23.17"scaffold_3	transdecoder	mRNA	113411687	113412290	.	+	.	ID=Atsept14586.1.p1;Parent=Atsept14586^scaffold_3^+;Name="ORF type:complete (+),score=23.17"
Warning: unexpected tab character in last column, line truncated:
scaffold_3	transdecoder	gene	3779869	3786091	.	-	.	ID=Atsept14602^scaffold_3^-;Name="ORF type:complete (+),score=7.07"scaffold_3	transdecoder	mRNA	3779869	3786091	.	-	.	ID=Atsept14602.1.p14;Parent=Atsept14602^scaffold_3^-;Name="ORF type:complete (+),score=7.07"
Warning: unexpected tab character in last column, line truncated:
scaffold_3	transdecoder	gene	121146784	121147324	.	+	.	ID=Atsept14631^scaffold_3^+;Name="ORF type:complete (+),score=41.03"scaffold_3	transdecoder	mRNA	121146784	121147324	.	+	.	ID=Atsept14631.1.p1;Parent=Atsept14631^scaffold_3^+;Name="ORF type:complete (+),score=41.03"
Warning: unexpected tab character in last column, line truncated:
scaffold_3	transdecoder	gene	121612487	121614504	.	+	.	ID=Atsept14632^scaffold_3^+;Name="ORF type:complete (+),score=2.43"scaffold_3	transdecoder	mRNA	121612487	121614504	.	+	.	ID=Atsept14632.1.p5;Parent=Atsept14632^scaffold_3^+;Name="ORF type:complete (+),score=2.43"
Warning: unexpected tab character in last column, line truncated:
scaffold_3	transdecoder	gene	121792750	121794965	.	-	.	ID=Atsept14636^scaffold_3^-;Name="ORF type:complete (+),score=20.04"scaffold_3	transdecoder	mRNA	121792750	121794965	.	-	.	ID=Atsept14636.1.p1;Parent=Atsept14636^scaffold_3^-;Name="ORF type:complete (+),score=20.04"
Warning: unexpected tab character in last column, line truncated:
scaffold_3	transdecoder	gene	121839465	122018822	.	+	.	ID=Atsept14637^scaffold_3^+;Name="ORF type:5prime_partial (+),score=3.55"scaffold_3	transdecoder	mRNA	121839465	122018822	.	+	.	ID=Atsept14637.1.p1;Parent=Atsept14637^scaffold_3^+;Name="ORF type:5prime_partial (+),score=3.55"
Warning: unexpected tab character in last column, line truncated:
scaffold_3	transdecoder	gene	122874044	122882909	.	+	.	ID=Atsept14641^scaffold_3^+;Name="ORF type:complete (+),score=8.06"scaffold_3	transdecoder	mRNA	122874044	122882909	.	+	.	ID=Atsept14641.1.p5;Parent=Atsept14641^scaffold_3^+;Name="ORF type:complete (+),score=8.06"
Warning: unexpected tab character in last column, line truncated:
scaffold_3	transdecoder	gene	125234757	125236551	.	-	.	ID=Atsept14644^scaffold_3^-;Name="ORF type:complete (+),score=13.30"scaffold_3	transdecoder	mRNA	125234757	125236551	.	-	.	ID=Atsept14644.1.p2;Parent=Atsept14644^scaffold_3^-;Name="ORF type:complete (+),score=13.30"
Warning: unexpected tab character in last column, line truncated:
scaffold_3	transdecoder	gene	126136072	126177550	.	-	.	ID=Atsept14648^scaffold_3^-;Name="ORF type:complete (+),score=14.63"scaffold_3	transdecoder	mRNA	126136072	126177550	.	-	.	ID=Atsept14648.1.p2;Parent=Atsept14648^scaffold_3^-;Name="ORF type:complete (+),score=14.63"
Warning: unexpected tab character in last column, line truncated:
scaffold_3	transdecoder	gene	126580933	126585764	.	+	.	ID=Atsept14652^scaffold_3^+;Name="ORF type:complete (+),score=40.15"scaffold_3	transdecoder	mRNA	126580933	126585764	.	+	.	ID=Atsept14652.1.p2;Parent=Atsept14652^scaffold_3^+;Name="ORF type:complete (+),score=40.15"
Warning: unexpected tab character in last column, line truncated:
scaffold_3	transdecoder	gene	126952503	126963724	.	+	.	ID=Atsept14653^scaffold_3^+;Name="ORF type:complete (+),score=10.48"scaffold_3	transdecoder	mRNA	126952503	126963724	.	+	.	ID=Atsept14653.1.p4;Parent=Atsept14653^scaffold_3^+;Name="ORF type:complete (+),score=10.48"
Warning: unexpected tab character in last column, line truncated:
scaffold_3	transdecoder	gene	127228439	127238350	.	-	.	ID=Atsept14655^scaffold_3^-;Name="ORF type:complete (+),score=16.29"scaffold_3	transdecoder	mRNA	127228439	127238350	.	-	.	ID=Atsept14655.1.p2;Parent=Atsept14655^scaffold_3^-;Name="ORF type:complete (+),score=16.29"
Warning: unexpected tab character in last column, line truncated:
scaffold_3	transdecoder	gene	128919936	128924185	.	-	.	ID=Atsept14658^scaffold_3^-;Name="ORF type:complete (+),score=23.22"scaffold_3	transdecoder	mRNA	128919936	128924185	.	-	.	ID=Atsept14658.1.p1;Parent=Atsept14658^scaffold_3^-;Name="ORF type:complete (+),score=23.22"
Warning: unexpected tab character in last column, line truncated:
scaffold_3	transdecoder	gene	130333355	130336422	.	-	.	ID=Atsept14659^scaffold_3^-;Name="ORF type:complete (+),score=39.37"scaffold_3	transdecoder	mRNA	130333355	130336422	.	-	.	ID=Atsept14659.1.p1;Parent=Atsept14659^scaffold_3^-;Name="ORF type:complete (+),score=39.37"
Warning: unexpected tab character in last column, line truncated:
scaffold_3	transdecoder	gene	130992517	130993717	.	-	.	ID=Atsept14662^scaffold_3^-;Name="ORF type:complete (+),score=8.66"scaffold_3	transdecoder	mRNA	130992517	130993717	.	-	.	ID=Atsept14662.1.p1;Parent=Atsept14662^scaffold_3^-;Name="ORF type:complete (+),score=8.66"
Warning: unexpected tab character in last column, line truncated:
scaffold_3	transdecoder	gene	131259131	131262116	.	-	.	ID=Atsept14669^scaffold_3^-;Name="ORF type:complete (+),score=13.43"scaffold_3	transdecoder	mRNA	131259131	131262116	.	-	.	ID=Atsept14669.1.p6;Parent=Atsept14669^scaffold_3^-;Name="ORF type:complete (+),score=13.43"
Warning: unexpected tab character in last column, line truncated:
scaffold_3	transdecoder	gene	132204314	132509573	.	-	.	ID=Atsept14684^scaffold_3^-;Name="ORF type:5prime_partial (+),score=41.73"scaffold_3	transdecoder	mRNA	132204314	132509573	.	-	.	ID=Atsept14684.1.p1;Parent=Atsept14684^scaffold_3^-;Name="ORF type:5prime_partial (+),score=41.73"
Warning: unexpected tab character in last column, line truncated:
scaffold_3	transdecoder	gene	132568237	132575214	.	-	.	ID=Atsept14688^scaffold_3^-;Name="ORF type:5prime_partial (+),score=22.63"scaffold_3	transdecoder	mRNA	132568237	132575214	.	-	.	ID=Atsept14688.1.p4;Parent=Atsept14688^scaffold_3^-;Name="ORF type:5prime_partial (+),score=22.63"
Warning: unexpected tab character in last column, line truncated:
scaffold_3	transdecoder	gene	132815889	132881612	.	+	.	ID=Atsept14695^scaffold_3^+;Name="ORF type:5prime_partial (+),score=4.78"scaffold_3	transdecoder	mRNA	132815889	132881612	.	+	.	ID=Atsept14695.1.p4;Parent=Atsept14695^scaffold_3^+;Name="ORF type:5prime_partial (+),score=4.78"
Warning: unexpected tab character in last column, line truncated:
scaffold_3	transdecoder	gene	133521474	133528334	.	+	.	ID=Atsept14700^scaffold_3^+;Name="ORF type:complete (+),score=102.59"scaffold_3	transdecoder	mRNA	133521474	133528334	.	+	.	ID=Atsept14700.1.p2;Parent=Atsept14700^scaffold_3^+;Name="ORF type:complete (+),score=102.59"
Warning: unexpected tab character in last column, line truncated:
scaffold_3	transdecoder	gene	133675928	133690925	.	-	.	ID=Atsept14704^scaffold_3^-;Name="ORF type:complete (+),score=13.07"scaffold_3	transdecoder	mRNA	133675928	133690925	.	-	.	ID=Atsept14704.1.p2;Parent=Atsept14704^scaffold_3^-;Name="ORF type:complete (+),score=13.07"
Warning: unexpected tab character in last column, line truncated:
scaffold_3	transdecoder	gene	134188988	134200972	.	-	.	ID=Atsept14709^scaffold_3^-;Name="ORF type:complete (+),score=7.97"scaffold_3	transdecoder	mRNA	134188988	134200972	.	-	.	ID=Atsept14709.1.p2;Parent=Atsept14709^scaffold_3^-;Name="ORF type:complete (+),score=7.97"
Warning: unexpected tab character in last column, line truncated:
scaffold_3	transdecoder	gene	134557562	134562767	.	+	.	ID=Atsept14718^scaffold_3^+;Name="ORF type:complete (+),score=37.83"scaffold_3	transdecoder	mRNA	134557562	134562767	.	+	.	ID=Atsept14718.1.p2;Parent=Atsept14718^scaffold_3^+;Name="ORF type:complete (+),score=37.83"
Warning: unexpected tab character in last column, line truncated:
scaffold_3	transdecoder	gene	4801072	4804918	.	-	.	ID=Atsept14723^scaffold_3^-;Name="ORF type:complete (+),score=22.28"scaffold_3	transdecoder	mRNA	4801072	4804918	.	-	.	ID=Atsept14723.1.p2;Parent=Atsept14723^scaffold_3^-;Name="ORF type:complete (+),score=22.28"
Warning: unexpected tab character in last column, line truncated:
scaffold_3	transdecoder	gene	6585438	6601652	.	+	.	ID=Atsept14751^scaffold_3^+;Name="ORF type:complete (+),score=25.22"scaffold_3	transdecoder	mRNA	6585438	6601652	.	+	.	ID=Atsept14751.1.p2;Parent=Atsept14751^scaffold_3^+;Name="ORF type:complete (+),score=25.22"
Warning: unexpected tab character in last column, line truncated:
scaffold_3	transdecoder	gene	6973579	6977515	.	+	.	ID=Atsept14760^scaffold_3^+;Name="ORF type:complete (+),score=5.29"scaffold_3	transdecoder	mRNA	6973579	6977515	.	+	.	ID=Atsept14760.1.p4;Parent=Atsept14760^scaffold_3^+;Name="ORF type:complete (+),score=5.29"
Warning: unexpected tab character in last column, line truncated:
scaffold_3	transdecoder	gene	7885342	7987666	.	-	.	ID=Atsept14764^scaffold_3^-;Name="ORF type:5prime_partial (+),score=4.79"scaffold_3	transdecoder	mRNA	7885342	7987666	.	-	.	ID=Atsept14764.1.p1;Parent=Atsept14764^scaffold_3^-;Name="ORF type:5prime_partial (+),score=4.79"
Warning: unexpected tab character in last column, line truncated:
scaffold_3	transdecoder	gene	9184003	9184779	.	-	.	ID=Atsept14767^scaffold_3^-;Name="ORF type:5prime_partial (+),score=14.13"scaffold_3	transdecoder	mRNA	9184003	9184779	.	-	.	ID=Atsept14767.1.p5;Parent=Atsept14767^scaffold_3^-;Name="ORF type:5prime_partial (+),score=14.13"
Warning: unexpected tab character in last column, line truncated:
scaffold_3	transdecoder	gene	10167613	10174919	.	-	.	ID=Atsept14777^scaffold_3^-;Name="ORF type:complete (+),score=44.92"scaffold_3	transdecoder	mRNA	10167613	10174919	.	-	.	ID=Atsept14777.1.p1;Parent=Atsept14777^scaffold_3^-;Name="ORF type:complete (+),score=44.92"
Warning: unexpected tab character in last column, line truncated:
scaffold_3	transdecoder	gene	10566092	10570958	.	+	.	ID=Atsept14778^scaffold_3^+;Name="ORF type:complete (+),score=9.54"scaffold_3	transdecoder	mRNA	10566092	10570958	.	+	.	ID=Atsept14778.1.p1;Parent=Atsept14778^scaffold_3^+;Name="ORF type:complete (+),score=9.54"
Warning: unexpected tab character in last column, line truncated:
scaffold_3	transdecoder	gene	11604365	11662786	.	-	.	ID=Atsept14791^scaffold_3^-;Name="ORF type:internal (+),score=21.05"scaffold_3	transdecoder	mRNA	11604365	11662786	.	-	.	ID=Atsept14791.1.p2;Parent=Atsept14791^scaffold_3^-;Name="ORF type:internal (+),score=21.05"
Warning: unexpected tab character in last column, line truncated:
scaffold_3	transdecoder	gene	12155895	12156461	.	-	.	ID=Atsept14795^scaffold_3^-;Name="ORF type:complete (+),score=13.07"scaffold_3	transdecoder	mRNA	12155895	12156461	.	-	.	ID=Atsept14795.1.p1;Parent=Atsept14795^scaffold_3^-;Name="ORF type:complete (+),score=13.07"
Warning: unexpected tab character in last column, line truncated:
scaffold_3	transdecoder	gene	12970781	12974705	.	-	.	ID=Atsept14804^scaffold_3^-;Name="ORF type:complete (+),score=9.25"scaffold_3	transdecoder	mRNA	12970781	12974705	.	-	.	ID=Atsept14804.1.p1;Parent=Atsept14804^scaffold_3^-;Name="ORF type:complete (+),score=9.25"
Warning: unexpected tab character in last column, line truncated:
scaffold_3	transdecoder	gene	14784405	14792305	.	+	.	ID=Atsept14810^scaffold_3^+;Name="ORF type:complete (+),score=9.97"scaffold_3	transdecoder	mRNA	14784405	14792305	.	+	.	ID=Atsept14810.1.p1;Parent=Atsept14810^scaffold_3^+;Name="ORF type:complete (+),score=9.97"
Warning: unexpected tab character in last column, line truncated:
scaffold_3	transdecoder	gene	15268078	15353447	.	-	.	ID=Atsept14814^scaffold_3^-;Name="ORF type:5prime_partial (+),score=8.21"scaffold_3	transdecoder	mRNA	15268078	15353447	.	-	.	ID=Atsept14814.1.p3;Parent=Atsept14814^scaffold_3^-;Name="ORF type:5prime_partial (+),score=8.21"
Warning: unexpected tab character in last column, line truncated:
scaffold_3	transdecoder	gene	496241	506845	.	+	.	ID=Atsept14819^scaffold_3^+;Name="ORF type:complete (+),score=28.10"scaffold_3	transdecoder	mRNA	496241	506845	.	+	.	ID=Atsept14819.1.p1;Parent=Atsept14819^scaffold_3^+;Name="ORF type:complete (+),score=28.10"
Warning: unexpected tab character in last column, line truncated:
scaffold_3	transdecoder	gene	16173542	16190172	.	-	.	ID=Atsept14836^scaffold_3^-;Name="ORF type:complete (+),score=6.06"scaffold_3	transdecoder	mRNA	16173542	16190172	.	-	.	ID=Atsept14836.1.p2;Parent=Atsept14836^scaffold_3^-;Name="ORF type:complete (+),score=6.06"
Warning: unexpected tab character in last column, line truncated:
scaffold_3	transdecoder	gene	585395	599230	.	-	.	ID=Atsept14841^scaffold_3^-;Name="ORF type:complete (+),score=5.77"scaffold_3	transdecoder	mRNA	585395	599230	.	-	.	ID=Atsept14841.1.p4;Parent=Atsept14841^scaffold_3^-;Name="ORF type:complete (+),score=5.77"
Warning: unexpected tab character in last column, line truncated:
scaffold_3	transdecoder	gene	16536600	16591301	.	-	.	ID=Atsept14842^scaffold_3^-;Name="ORF type:complete (+),score=24.56"scaffold_3	transdecoder	mRNA	16536600	16591301	.	-	.	ID=Atsept14842.1.p2;Parent=Atsept14842^scaffold_3^-;Name="ORF type:complete (+),score=24.56"
Warning: unexpected tab character in last column, line truncated:
scaffold_3	transdecoder	gene	16622002	16636337	.	-	.	ID=Atsept14844^scaffold_3^-;Name="ORF type:5prime_partial (+),score=16.95"scaffold_3	transdecoder	mRNA	16622002	16636337	.	-	.	ID=Atsept14844.1.p1;Parent=Atsept14844^scaffold_3^-;Name="ORF type:5prime_partial (+),score=16.95"
Warning: unexpected tab character in last column, line truncated:
scaffold_3	transdecoder	gene	17176957	17199208	.	+	.	ID=Atsept14845^scaffold_3^+;Name="ORF type:3prime_partial (+),score=19.83"scaffold_3	transdecoder	mRNA	17176957	17199208	.	+	.	ID=Atsept14845.1.p1;Parent=Atsept14845^scaffold_3^+;Name="ORF type:3prime_partial (+),score=19.83"
Warning: unexpected tab character in last column, line truncated:
scaffold_3	transdecoder	gene	17268130	17272737	.	+	.	ID=Atsept14846^scaffold_3^+;Name="ORF type:complete (+),score=8.46"scaffold_3	transdecoder	mRNA	17268130	17272737	.	+	.	ID=Atsept14846.1.p1;Parent=Atsept14846^scaffold_3^+;Name="ORF type:complete (+),score=8.46"
Warning: unexpected tab character in last column, line truncated:
scaffold_3	transdecoder	gene	17818914	17828509	.	+	.	ID=Atsept14847^scaffold_3^+;Name="ORF type:complete (+),score=15.00"scaffold_3	transdecoder	mRNA	17818914	17828509	.	+	.	ID=Atsept14847.1.p1;Parent=Atsept14847^scaffold_3^+;Name="ORF type:complete (+),score=15.00"
Warning: unexpected tab character in last column, line truncated:
scaffold_3	transdecoder	gene	631081	636792	.	-	.	ID=Atsept14852^scaffold_3^-;Name="ORF type:5prime_partial (+),score=8.01"scaffold_3	transdecoder	mRNA	631081	636792	.	-	.	ID=Atsept14852.1.p1;Parent=Atsept14852^scaffold_3^-;Name="ORF type:5prime_partial (+),score=8.01"
Warning: unexpected tab character in last column, line truncated:
scaffold_3	transdecoder	gene	19030451	19038556	.	-	.	ID=Atsept14856^scaffold_3^-;Name="ORF type:complete (+),score=5.86"scaffold_3	transdecoder	mRNA	19030451	19038556	.	-	.	ID=Atsept14856.1.p1;Parent=Atsept14856^scaffold_3^-;Name="ORF type:complete (+),score=5.86"
Warning: unexpected tab character in last column, line truncated:
scaffold_3	transdecoder	gene	19343471	19359376	.	-	.	ID=Atsept14862^scaffold_3^-;Name="ORF type:complete (+),score=12.30"scaffold_3	transdecoder	mRNA	19343471	19359376	.	-	.	ID=Atsept14862.1.p2;Parent=Atsept14862^scaffold_3^-;Name="ORF type:complete (+),score=12.30"
Warning: unexpected tab character in last column, line truncated:
scaffold_3	transdecoder	gene	19564847	19567599	.	-	.	ID=Atsept14870^scaffold_3^-;Name="ORF type:complete (+),score=11.91"scaffold_3	transdecoder	mRNA	19564847	19567599	.	-	.	ID=Atsept14870.1.p2;Parent=Atsept14870^scaffold_3^-;Name="ORF type:complete (+),score=11.91"
Warning: unexpected tab character in last column, line truncated:
scaffold_3	transdecoder	gene	21024004	21026860	.	-	.	ID=Atsept14881^scaffold_3^-;Name="ORF type:5prime_partial (+),score=160.77"scaffold_3	transdecoder	mRNA	21024004	21026860	.	-	.	ID=Atsept14881.1.p1;Parent=Atsept14881^scaffold_3^-;Name="ORF type:5prime_partial (+),score=160.77"
Warning: unexpected tab character in last column, line truncated:
scaffold_3	transdecoder	gene	22190660	22207318	.	-	.	ID=Atsept14891^scaffold_3^-;Name="ORF type:complete (+),score=30.67"scaffold_3	transdecoder	mRNA	22190660	22207318	.	-	.	ID=Atsept14891.1.p1;Parent=Atsept14891^scaffold_3^-;Name="ORF type:complete (+),score=30.67"
Warning: unexpected tab character in last column, line truncated:
scaffold_3	transdecoder	gene	23274535	23279003	.	-	.	ID=Atsept14907^scaffold_3^-;Name="ORF type:complete (+),score=22.23"scaffold_3	transdecoder	mRNA	23274535	23279003	.	-	.	ID=Atsept14907.1.p1;Parent=Atsept14907^scaffold_3^-;Name="ORF type:complete (+),score=22.23"
Warning: unexpected tab character in last column, line truncated:
scaffold_3	transdecoder	gene	24220982	24233563	.	-	.	ID=Atsept14930^scaffold_3^-;Name="ORF type:5prime_partial (+),score=26.61"scaffold_3	transdecoder	mRNA	24220982	24233563	.	-	.	ID=Atsept14930.1.p1;Parent=Atsept14930^scaffold_3^-;Name="ORF type:5prime_partial (+),score=26.61"
Warning: unexpected tab character in last column, line truncated:
scaffold_3	transdecoder	gene	24738239	24740642	.	+	.	ID=Atsept14941^scaffold_3^+;Name="ORF type:complete (+),score=14.40"scaffold_3	transdecoder	mRNA	24738239	24740642	.	+	.	ID=Atsept14941.1.p3;Parent=Atsept14941^scaffold_3^+;Name="ORF type:complete (+),score=14.40"
Warning: unexpected tab character in last column, line truncated:
scaffold_3	transdecoder	gene	25285738	25290947	.	-	.	ID=Atsept14947^scaffold_3^-;Name="ORF type:complete (+),score=12.11"scaffold_3	transdecoder	mRNA	25285738	25290947	.	-	.	ID=Atsept14947.1.p7;Parent=Atsept14947^scaffold_3^-;Name="ORF type:complete (+),score=12.11"
Warning: unexpected tab character in last column, line truncated:
scaffold_3	transdecoder	gene	26507372	26513260	.	+	.	ID=Atsept14959^scaffold_3^+;Name="ORF type:complete (+),score=14.78"scaffold_3	transdecoder	mRNA	26507372	26513260	.	+	.	ID=Atsept14959.1.p1;Parent=Atsept14959^scaffold_3^+;Name="ORF type:complete (+),score=14.78"
Warning: unexpected tab character in last column, line truncated:
scaffold_3	transdecoder	gene	26889055	26891835	.	-	.	ID=Atsept14963^scaffold_3^-;Name="ORF type:5prime_partial (+),score=47.50"scaffold_3	transdecoder	mRNA	26889055	26891835	.	-	.	ID=Atsept14963.1.p1;Parent=Atsept14963^scaffold_3^-;Name="ORF type:5prime_partial (+),score=47.50"
Warning: unexpected tab character in last column, line truncated:
scaffold_3	transdecoder	gene	28786737	28795708	.	+	.	ID=Atsept14991^scaffold_3^+;Name="ORF type:complete (+),score=22.12"scaffold_3	transdecoder	mRNA	28786737	28795708	.	+	.	ID=Atsept14991.1.p1;Parent=Atsept14991^scaffold_3^+;Name="ORF type:complete (+),score=22.12"
Warning: unexpected tab character in last column, line truncated:
scaffold_3	transdecoder	gene	28857845	28867688	.	+	.	ID=Atsept14992^scaffold_3^+;Name="ORF type:complete (+),score=8.51"scaffold_3	transdecoder	mRNA	28857845	28867688	.	+	.	ID=Atsept14992.1.p4;Parent=Atsept14992^scaffold_3^+;Name="ORF type:complete (+),score=8.51"
Warning: unexpected tab character in last column, line truncated:
scaffold_3	transdecoder	gene	28895502	28901161	.	+	.	ID=Atsept14994^scaffold_3^+;Name="ORF type:5prime_partial (+),score=15.97"scaffold_3	transdecoder	mRNA	28895502	28901161	.	+	.	ID=Atsept14994.1.p4;Parent=Atsept14994^scaffold_3^+;Name="ORF type:5prime_partial (+),score=15.97"
Warning: unexpected tab character in last column, line truncated:
scaffold_3	transdecoder	gene	29160131	29161550	.	+	.	ID=Atsept15003^scaffold_3^+;Name="ORF type:complete (+),score=9.26"scaffold_3	transdecoder	mRNA	29160131	29161550	.	+	.	ID=Atsept15003.1.p1;Parent=Atsept15003^scaffold_3^+;Name="ORF type:complete (+),score=9.26"
Warning: unexpected tab character in last column, line truncated:
scaffold_3	transdecoder	gene	31033583	31036554	.	-	.	ID=Atsept15018^scaffold_3^-;Name="ORF type:complete (+),score=50.91"scaffold_3	transdecoder	mRNA	31033583	31036554	.	-	.	ID=Atsept15018.1.p2;Parent=Atsept15018^scaffold_3^-;Name="ORF type:complete (+),score=50.91"
Warning: unexpected tab character in last column, line truncated:
scaffold_3	transdecoder	gene	31582098	31587559	.	+	.	ID=Atsept15021^scaffold_3^+;Name="ORF type:complete (+),score=14.12"scaffold_3	transdecoder	mRNA	31582098	31587559	.	+	.	ID=Atsept15021.1.p1;Parent=Atsept15021^scaffold_3^+;Name="ORF type:complete (+),score=14.12"
Warning: unexpected tab character in last column, line truncated:
scaffold_3	transdecoder	gene	31571879	31577310	.	-	.	ID=Atsept15022^scaffold_3^-;Name="ORF type:5prime_partial (+),score=5.54"scaffold_3	transdecoder	mRNA	31571879	31577310	.	-	.	ID=Atsept15022.1.p1;Parent=Atsept15022^scaffold_3^-;Name="ORF type:5prime_partial (+),score=5.54"
Warning: unexpected tab character in last column, line truncated:
scaffold_3	transdecoder	gene	31935591	31936354	.	-	.	ID=Atsept15030^scaffold_3^-;Name="ORF type:5prime_partial (+),score=20.76"scaffold_3	transdecoder	mRNA	31935591	31936354	.	-	.	ID=Atsept15030.1.p1;Parent=Atsept15030^scaffold_3^-;Name="ORF type:5prime_partial (+),score=20.76"
Warning: unexpected tab character in last column, line truncated:
scaffold_3	transdecoder	gene	31965867	31969079	.	+	.	ID=Atsept15033^scaffold_3^+;Name="ORF type:complete (+),score=16.71"scaffold_3	transdecoder	mRNA	31965867	31969079	.	+	.	ID=Atsept15033.1.p2;Parent=Atsept15033^scaffold_3^+;Name="ORF type:complete (+),score=16.71"
Warning: unexpected tab character in last column, line truncated:
scaffold_3	transdecoder	gene	31959482	31960343	.	+	.	ID=Atsept15034^scaffold_3^+;Name="ORF type:3prime_partial (-),score=2.23"scaffold_3	transdecoder	mRNA	31959482	31960343	.	+	.	ID=Atsept15034.1.p5;Parent=Atsept15034^scaffold_3^+;Name="ORF type:3prime_partial (-),score=2.23"
Warning: unexpected tab character in last column, line truncated:
scaffold_3	transdecoder	gene	31959482	31960343	.	-	.	ID=Atsept15034^scaffold_3^-;Name="ORF type:complete (+),score=13.40"scaffold_3	transdecoder	mRNA	31959482	31960343	.	-	.	ID=Atsept15034.1.p2;Parent=Atsept15034^scaffold_3^-;Name="ORF type:complete (+),score=13.40"
Warning: unexpected tab character in last column, line truncated:
scaffold_3	transdecoder	gene	32087441	32090704	.	+	.	ID=Atsept15038^scaffold_3^+;Name="ORF type:complete (+),score=15.91"scaffold_3	transdecoder	mRNA	32087441	32090704	.	+	.	ID=Atsept15038.1.p1;Parent=Atsept15038^scaffold_3^+;Name="ORF type:complete (+),score=15.91"
Warning: unexpected tab character in last column, line truncated:
scaffold_3	transdecoder	gene	33278563	33284181	.	+	.	ID=Atsept15046^scaffold_3^+;Name="ORF type:complete (+),score=19.89"scaffold_3	transdecoder	mRNA	33278563	33284181	.	+	.	ID=Atsept15046.1.p1;Parent=Atsept15046^scaffold_3^+;Name="ORF type:complete (+),score=19.89"
Warning: unexpected tab character in last column, line truncated:
scaffold_3	transdecoder	gene	34541620	34542076	.	+	.	ID=Atsept15047^scaffold_3^+;Name="ORF type:5prime_partial (+),score=47.59"scaffold_3	transdecoder	mRNA	34541620	34542076	.	+	.	ID=Atsept15047.1.p1;Parent=Atsept15047^scaffold_3^+;Name="ORF type:5prime_partial (+),score=47.59"
Warning: unexpected tab character in last column, line truncated:
scaffold_3	transdecoder	gene	35960010	35972346	.	+	.	ID=Atsept15050^scaffold_3^+;Name="ORF type:complete (+),score=12.57"scaffold_3	transdecoder	mRNA	35960010	35972346	.	+	.	ID=Atsept15050.1.p1;Parent=Atsept15050^scaffold_3^+;Name="ORF type:complete (+),score=12.57"
Warning: unexpected tab character in last column, line truncated:
scaffold_3	transdecoder	gene	935175	949663	.	+	.	ID=Atsept15066^scaffold_3^+;Name="ORF type:complete (+),score=43.24"scaffold_3	transdecoder	mRNA	935175	949663	.	+	.	ID=Atsept15066.1.p2;Parent=Atsept15066^scaffold_3^+;Name="ORF type:complete (+),score=43.24"
Warning: unexpected tab character in last column, line truncated:
scaffold_3	transdecoder	gene	38029013	38035472	.	-	.	ID=Atsept15087^scaffold_3^-;Name="ORF type:complete (+),score=16.56"scaffold_3	transdecoder	mRNA	38029013	38035472	.	-	.	ID=Atsept15087.1.p2;Parent=Atsept15087^scaffold_3^-;Name="ORF type:complete (+),score=16.56"
Warning: unexpected tab character in last column, line truncated:
scaffold_3	transdecoder	gene	38134267	38142912	.	-	.	ID=Atsept15091^scaffold_3^-;Name="ORF type:complete (+),score=7.67"scaffold_3	transdecoder	mRNA	38134267	38142912	.	-	.	ID=Atsept15091.1.p1;Parent=Atsept15091^scaffold_3^-;Name="ORF type:complete (+),score=7.67"
Warning: unexpected tab character in last column, line truncated:
scaffold_3	transdecoder	gene	38729913	38731981	.	+	.	ID=Atsept15096^scaffold_3^+;Name="ORF type:complete (+),score=21.01"scaffold_3	transdecoder	mRNA	38729913	38731981	.	+	.	ID=Atsept15096.1.p1;Parent=Atsept15096^scaffold_3^+;Name="ORF type:complete (+),score=21.01"
Warning: unexpected tab character in last column, line truncated:
scaffold_3	transdecoder	gene	39352949	39359092	.	-	.	ID=Atsept15111^scaffold_3^-;Name="ORF type:complete (+),score=8.64"scaffold_3	transdecoder	mRNA	39352949	39359092	.	-	.	ID=Atsept15111.1.p4;Parent=Atsept15111^scaffold_3^-;Name="ORF type:complete (+),score=8.64"
Warning: unexpected tab character in last column, line truncated:
scaffold_3	transdecoder	gene	40312453	40313580	.	+	.	ID=Atsept15119^scaffold_3^+;Name="ORF type:5prime_partial (+),score=11.58"scaffold_3	transdecoder	mRNA	40312453	40313580	.	+	.	ID=Atsept15119.1.p1;Parent=Atsept15119^scaffold_3^+;Name="ORF type:5prime_partial (+),score=11.58"
Warning: unexpected tab character in last column, line truncated:
scaffold_3	transdecoder	gene	41439086	41439700	.	+	.	ID=Atsept15123^scaffold_3^+;Name="ORF type:complete (+),score=52.86"scaffold_3	transdecoder	mRNA	41439086	41439700	.	+	.	ID=Atsept15123.1.p1;Parent=Atsept15123^scaffold_3^+;Name="ORF type:complete (+),score=52.86"
Warning: unexpected tab character in last column, line truncated:
scaffold_3	transdecoder	gene	43134416	43152790	.	+	.	ID=Atsept15137^scaffold_3^+;Name="ORF type:complete (+),score=20.01"scaffold_3	transdecoder	mRNA	43134416	43152790	.	+	.	ID=Atsept15137.1.p1;Parent=Atsept15137^scaffold_3^+;Name="ORF type:complete (+),score=20.01"
Warning: unexpected tab character in last column, line truncated:
scaffold_3	transdecoder	gene	44208808	44212038	.	+	.	ID=Atsept15148^scaffold_3^+;Name="ORF type:complete (+),score=11.14"scaffold_3	transdecoder	mRNA	44208808	44212038	.	+	.	ID=Atsept15148.1.p1;Parent=Atsept15148^scaffold_3^+;Name="ORF type:complete (+),score=11.14"
Warning: unexpected tab character in last column, line truncated:
scaffold_3	transdecoder	gene	44366385	44382098	.	-	.	ID=Atsept15155^scaffold_3^-;Name="ORF type:complete (+),score=13.27"scaffold_3	transdecoder	mRNA	44366385	44382098	.	-	.	ID=Atsept15155.1.p1;Parent=Atsept15155^scaffold_3^-;Name="ORF type:complete (+),score=13.27"
Warning: unexpected tab character in last column, line truncated:
scaffold_3	transdecoder	gene	46405727	46412043	.	+	.	ID=Atsept15162^scaffold_3^+;Name="ORF type:complete (+),score=7.60"scaffold_3	transdecoder	mRNA	46405727	46412043	.	+	.	ID=Atsept15162.1.p1;Parent=Atsept15162^scaffold_3^+;Name="ORF type:complete (+),score=7.60"
Warning: unexpected tab character in last column, line truncated:
scaffold_3	transdecoder	gene	48168088	48202931	.	+	.	ID=Atsept15182^scaffold_3^+;Name="ORF type:complete (+),score=14.30"scaffold_3	transdecoder	mRNA	48168088	48202931	.	+	.	ID=Atsept15182.1.p2;Parent=Atsept15182^scaffold_3^+;Name="ORF type:complete (+),score=14.30"
Warning: unexpected tab character in last column, line truncated:
scaffold_3	transdecoder	gene	49978250	49981111	.	+	.	ID=Atsept15203^scaffold_3^+;Name="ORF type:complete (+),score=27.42"scaffold_3	transdecoder	mRNA	49978250	49981111	.	+	.	ID=Atsept15203.1.p1;Parent=Atsept15203^scaffold_3^+;Name="ORF type:complete (+),score=27.42"
Warning: unexpected tab character in last column, line truncated:
scaffold_3	transdecoder	gene	53117879	53210610	.	+	.	ID=Atsept15208^scaffold_3^+;Name="ORF type:5prime_partial (+),score=3.30"scaffold_3	transdecoder	mRNA	53117879	53210610	.	+	.	ID=Atsept15208.1.p1;Parent=Atsept15208^scaffold_3^+;Name="ORF type:5prime_partial (+),score=3.30"
Warning: unexpected tab character in last column, line truncated:
scaffold_3	transdecoder	gene	55144609	55146922	.	+	.	ID=Atsept15214^scaffold_3^+;Name="ORF type:complete (+),score=11.90"scaffold_3	transdecoder	mRNA	55144609	55146922	.	+	.	ID=Atsept15214.1.p1;Parent=Atsept15214^scaffold_3^+;Name="ORF type:complete (+),score=11.90"
Warning: unexpected tab character in last column, line truncated:
scaffold_3	transdecoder	gene	55751911	55949270	.	-	.	ID=Atsept15220^scaffold_3^-;Name="ORF type:complete (+),score=11.58"scaffold_3	transdecoder	mRNA	55751911	55949270	.	-	.	ID=Atsept15220.1.p2;Parent=Atsept15220^scaffold_3^-;Name="ORF type:complete (+),score=11.58"
Warning: unexpected tab character in last column, line truncated:
scaffold_3	transdecoder	gene	56667670	56709507	.	+	.	ID=Atsept15228^scaffold_3^+;Name="ORF type:complete (+),score=16.27"scaffold_3	transdecoder	mRNA	56667670	56709507	.	+	.	ID=Atsept15228.1.p3;Parent=Atsept15228^scaffold_3^+;Name="ORF type:complete (+),score=16.27"
Warning: unexpected tab character in last column, line truncated:
scaffold_3	transdecoder	gene	1245362	1251420	.	-	.	ID=Atsept15233^scaffold_3^-;Name="ORF type:complete (+),score=37.29"scaffold_3	transdecoder	mRNA	1245362	1251420	.	-	.	ID=Atsept15233.1.p2;Parent=Atsept15233^scaffold_3^-;Name="ORF type:complete (+),score=37.29"
Warning: unexpected tab character in last column, line truncated:
scaffold_3	transdecoder	gene	60186903	60192081	.	-	.	ID=Atsept15240^scaffold_3^-;Name="ORF type:complete (+),score=4.77"scaffold_3	transdecoder	mRNA	60186903	60192081	.	-	.	ID=Atsept15240.1.p1;Parent=Atsept15240^scaffold_3^-;Name="ORF type:complete (+),score=4.77"
Warning: unexpected tab character in last column, line truncated:
scaffold_3	transdecoder	gene	60631105	60637080	.	+	.	ID=Atsept15246^scaffold_3^+;Name="ORF type:complete (+),score=11.64"scaffold_3	transdecoder	mRNA	60631105	60637080	.	+	.	ID=Atsept15246.1.p1;Parent=Atsept15246^scaffold_3^+;Name="ORF type:complete (+),score=11.64"
Warning: unexpected tab character in last column, line truncated:
scaffold_3	transdecoder	gene	60944903	60978778	.	+	.	ID=Atsept15248^scaffold_3^+;Name="ORF type:complete (+),score=12.15"scaffold_3	transdecoder	mRNA	60944903	60978778	.	+	.	ID=Atsept15248.1.p1;Parent=Atsept15248^scaffold_3^+;Name="ORF type:complete (+),score=12.15"
Warning: unexpected tab character in last column, line truncated:
scaffold_3	transdecoder	gene	61576435	61593600	.	+	.	ID=Atsept15251^scaffold_3^+;Name="ORF type:3prime_partial (+),score=13.14"scaffold_3	transdecoder	mRNA	61576435	61593600	.	+	.	ID=Atsept15251.1.p1;Parent=Atsept15251^scaffold_3^+;Name="ORF type:3prime_partial (+),score=13.14"
Warning: unexpected tab character in last column, line truncated:
scaffold_3	transdecoder	gene	62036794	62051064	.	+	.	ID=Atsept15261^scaffold_3^+;Name="ORF type:complete (+),score=10.06"scaffold_3	transdecoder	mRNA	62036794	62051064	.	+	.	ID=Atsept15261.1.p4;Parent=Atsept15261^scaffold_3^+;Name="ORF type:complete (+),score=10.06"
Warning: unexpected tab character in last column, line truncated:
scaffold_3	transdecoder	gene	1360531	1378311	.	-	.	ID=Atsept15267^scaffold_3^-;Name="ORF type:complete (+),score=11.10"scaffold_3	transdecoder	mRNA	1360531	1378311	.	-	.	ID=Atsept15267.1.p5;Parent=Atsept15267^scaffold_3^-;Name="ORF type:complete (+),score=11.10"
Warning: unexpected tab character in last column, line truncated:
scaffold_3	transdecoder	gene	63295068	63306567	.	-	.	ID=Atsept15277^scaffold_3^-;Name="ORF type:complete (+),score=25.52"scaffold_3	transdecoder	mRNA	63295068	63306567	.	-	.	ID=Atsept15277.1.p1;Parent=Atsept15277^scaffold_3^-;Name="ORF type:complete (+),score=25.52"
Warning: unexpected tab character in last column, line truncated:
scaffold_3	transdecoder	gene	64234514	64240034	.	+	.	ID=Atsept15296^scaffold_3^+;Name="ORF type:complete (+),score=22.21"scaffold_3	transdecoder	mRNA	64234514	64240034	.	+	.	ID=Atsept15296.1.p2;Parent=Atsept15296^scaffold_3^+;Name="ORF type:complete (+),score=22.21"
Warning: unexpected tab character in last column, line truncated:
scaffold_3	transdecoder	gene	64480447	64488896	.	-	.	ID=Atsept15302^scaffold_3^-;Name="ORF type:complete (+),score=42.76"scaffold_3	transdecoder	mRNA	64480447	64488896	.	-	.	ID=Atsept15302.1.p1;Parent=Atsept15302^scaffold_3^-;Name="ORF type:complete (+),score=42.76"
Warning: unexpected tab character in last column, line truncated:
scaffold_3	transdecoder	gene	64753609	64755595	.	-	.	ID=Atsept15304^scaffold_3^-;Name="ORF type:complete (+),score=12.77"scaffold_3	transdecoder	mRNA	64753609	64755595	.	-	.	ID=Atsept15304.1.p1;Parent=Atsept15304^scaffold_3^-;Name="ORF type:complete (+),score=12.77"
Warning: unexpected tab character in last column, line truncated:
scaffold_3	transdecoder	gene	65752588	65762773	.	+	.	ID=Atsept15314^scaffold_3^+;Name="ORF type:complete (+),score=56.24"scaffold_3	transdecoder	mRNA	65752588	65762773	.	+	.	ID=Atsept15314.1.p1;Parent=Atsept15314^scaffold_3^+;Name="ORF type:complete (+),score=56.24"
Warning: unexpected tab character in last column, line truncated:
scaffold_3	transdecoder	gene	65929155	65943618	.	+	.	ID=Atsept15319^scaffold_3^+;Name="ORF type:complete (+),score=19.82"scaffold_3	transdecoder	mRNA	65929155	65943618	.	+	.	ID=Atsept15319.1.p1;Parent=Atsept15319^scaffold_3^+;Name="ORF type:complete (+),score=19.82"
Warning: unexpected tab character in last column, line truncated:
scaffold_3	transdecoder	gene	67223595	67226449	.	+	.	ID=Atsept15331^scaffold_3^+;Name="ORF type:5prime_partial (+),score=25.22"scaffold_3	transdecoder	mRNA	67223595	67226449	.	+	.	ID=Atsept15331.1.p3;Parent=Atsept15331^scaffold_3^+;Name="ORF type:5prime_partial (+),score=25.22"
Warning: unexpected tab character in last column, line truncated:
scaffold_3	transdecoder	gene	67334882	67349124	.	+	.	ID=Atsept15333^scaffold_3^+;Name="ORF type:complete (+),score=8.87"scaffold_3	transdecoder	mRNA	67334882	67349124	.	+	.	ID=Atsept15333.1.p1;Parent=Atsept15333^scaffold_3^+;Name="ORF type:complete (+),score=8.87"
Warning: unexpected tab character in last column, line truncated:
scaffold_3	transdecoder	gene	69347438	69353932	.	-	.	ID=Atsept15368^scaffold_3^-;Name="ORF type:complete (+),score=5.91"scaffold_3	transdecoder	mRNA	69347438	69353932	.	-	.	ID=Atsept15368.1.p1;Parent=Atsept15368^scaffold_3^-;Name="ORF type:complete (+),score=5.91"
Warning: unexpected tab character in last column, line truncated:
scaffold_3	transdecoder	gene	69699361	69844986	.	+	.	ID=Atsept15374^scaffold_3^+;Name="ORF type:5prime_partial (+),score=16.05"scaffold_3	transdecoder	mRNA	69699361	69844986	.	+	.	ID=Atsept15374.1.p2;Parent=Atsept15374^scaffold_3^+;Name="ORF type:5prime_partial (+),score=16.05"
Warning: unexpected tab character in last column, line truncated:
scaffold_3	transdecoder	gene	2375435	2379498	.	-	.	ID=Atsept15377^scaffold_3^-;Name="ORF type:complete (+),score=70.22"scaffold_3	transdecoder	mRNA	2375435	2379498	.	-	.	ID=Atsept15377.1.p1;Parent=Atsept15377^scaffold_3^-;Name="ORF type:complete (+),score=70.22"
Warning: unexpected tab character in last column, line truncated:
scaffold_3	transdecoder	gene	70127200	70127736	.	-	.	ID=Atsept15379^scaffold_3^-;Name="ORF type:complete (+),score=17.12"scaffold_3	transdecoder	mRNA	70127200	70127736	.	-	.	ID=Atsept15379.1.p1;Parent=Atsept15379^scaffold_3^-;Name="ORF type:complete (+),score=17.12"
Warning: unexpected tab character in last column, line truncated:
scaffold_3	transdecoder	gene	71642635	71644212	.	-	.	ID=Atsept15394^scaffold_3^-;Name="ORF type:5prime_partial (+),score=10.97"scaffold_3	transdecoder	mRNA	71642635	71644212	.	-	.	ID=Atsept15394.1.p3;Parent=Atsept15394^scaffold_3^-;Name="ORF type:5prime_partial (+),score=10.97"
Warning: unexpected tab character in last column, line truncated:
scaffold_3	transdecoder	gene	72218487	72223699	.	-	.	ID=Atsept15396^scaffold_3^-;Name="ORF type:complete (+),score=6.17"scaffold_3	transdecoder	mRNA	72218487	72223699	.	-	.	ID=Atsept15396.1.p1;Parent=Atsept15396^scaffold_3^-;Name="ORF type:complete (+),score=6.17"
Warning: unexpected tab character in last column, line truncated:
scaffold_3	transdecoder	gene	74097027	74124193	.	+	.	ID=Atsept15416^scaffold_3^+;Name="ORF type:complete (+),score=8.90"scaffold_3	transdecoder	mRNA	74097027	74124193	.	+	.	ID=Atsept15416.1.p3;Parent=Atsept15416^scaffold_3^+;Name="ORF type:complete (+),score=8.90"
Warning: unexpected tab character in last column, line truncated:
scaffold_3	transdecoder	gene	75653087	75657193	.	+	.	ID=Atsept15423^scaffold_3^+;Name="ORF type:complete (+),score=88.22"scaffold_3	transdecoder	mRNA	75653087	75657193	.	+	.	ID=Atsept15423.1.p2;Parent=Atsept15423^scaffold_3^+;Name="ORF type:complete (+),score=88.22"
Warning: unexpected tab character in last column, line truncated:
scaffold_3	transdecoder	gene	76252345	76311882	.	-	.	ID=Atsept15426^scaffold_3^-;Name="ORF type:complete (+),score=17.11"scaffold_3	transdecoder	mRNA	76252345	76311882	.	-	.	ID=Atsept15426.1.p2;Parent=Atsept15426^scaffold_3^-;Name="ORF type:complete (+),score=17.11"
Warning: unexpected tab character in last column, line truncated:
scaffold_3	transdecoder	gene	76792744	76837677	.	+	.	ID=Atsept15427^scaffold_3^+;Name="ORF type:complete (+),score=22.30"scaffold_3	transdecoder	mRNA	76792744	76837677	.	+	.	ID=Atsept15427.1.p1;Parent=Atsept15427^scaffold_3^+;Name="ORF type:complete (+),score=22.30"
Warning: unexpected tab character in last column, line truncated:
scaffold_3	transdecoder	gene	76942640	76955618	.	+	.	ID=Atsept15428^scaffold_3^+;Name="ORF type:complete (+),score=15.97"scaffold_3	transdecoder	mRNA	76942640	76955618	.	+	.	ID=Atsept15428.1.p1;Parent=Atsept15428^scaffold_3^+;Name="ORF type:complete (+),score=15.97"
Warning: unexpected tab character in last column, line truncated:
scaffold_3	transdecoder	gene	77419122	77419553	.	-	.	ID=Atsept15429^scaffold_3^-;Name="ORF type:complete (+),score=1.68"scaffold_3	transdecoder	mRNA	77419122	77419553	.	-	.	ID=Atsept15429.1.p1;Parent=Atsept15429^scaffold_3^-;Name="ORF type:complete (+),score=1.68"
Warning: unexpected tab character in last column, line truncated:
scaffold_3	transdecoder	gene	77472885	77476696	.	-	.	ID=Atsept15430^scaffold_3^-;Name="ORF type:complete (+),score=15.43"scaffold_3	transdecoder	mRNA	77472885	77476696	.	-	.	ID=Atsept15430.1.p1;Parent=Atsept15430^scaffold_3^-;Name="ORF type:complete (+),score=15.43"
Warning: unexpected tab character in last column, line truncated:
scaffold_3	transdecoder	gene	77825884	77827881	.	-	.	ID=Atsept15433^scaffold_3^-;Name="ORF type:complete (+),score=16.28"scaffold_3	transdecoder	mRNA	77825884	77827881	.	-	.	ID=Atsept15433.1.p2;Parent=Atsept15433^scaffold_3^-;Name="ORF type:complete (+),score=16.28"
Warning: unexpected tab character in last column, line truncated:
scaffold_3	transdecoder	gene	79743775	79806304	.	-	.	ID=Atsept15456^scaffold_3^-;Name="ORF type:5prime_partial (+),score=10.41"scaffold_3	transdecoder	mRNA	79743775	79806304	.	-	.	ID=Atsept15456.1.p6;Parent=Atsept15456^scaffold_3^-;Name="ORF type:5prime_partial (+),score=10.41"
Warning: unexpected tab character in last column, line truncated:
scaffold_3	transdecoder	gene	81325880	81342807	.	-	.	ID=Atsept15474^scaffold_3^-;Name="ORF type:complete (+),score=14.48"scaffold_3	transdecoder	mRNA	81325880	81342807	.	-	.	ID=Atsept15474.1.p3;Parent=Atsept15474^scaffold_3^-;Name="ORF type:complete (+),score=14.48"
Warning: unexpected tab character in last column, line truncated:
scaffold_3	transdecoder	gene	2828748	2834675	.	+	.	ID=Atsept15476^scaffold_3^+;Name="ORF type:complete (+),score=37.69"scaffold_3	transdecoder	mRNA	2828748	2834675	.	+	.	ID=Atsept15476.1.p1;Parent=Atsept15476^scaffold_3^+;Name="ORF type:complete (+),score=37.69"
Warning: unexpected tab character in last column, line truncated:
scaffold_3	transdecoder	gene	81917296	81951439	.	+	.	ID=Atsept15485^scaffold_3^+;Name="ORF type:complete (+),score=32.09"scaffold_3	transdecoder	mRNA	81917296	81951439	.	+	.	ID=Atsept15485.1.p2;Parent=Atsept15485^scaffold_3^+;Name="ORF type:complete (+),score=32.09"
Warning: unexpected tab character in last column, line truncated:
scaffold_3	transdecoder	gene	82782472	82784876	.	-	.	ID=Atsept15496^scaffold_3^-;Name="ORF type:complete (+),score=13.08"scaffold_3	transdecoder	mRNA	82782472	82784876	.	-	.	ID=Atsept15496.1.p1;Parent=Atsept15496^scaffold_3^-;Name="ORF type:complete (+),score=13.08"
Warning: unexpected tab character in last column, line truncated:
scaffold_3	transdecoder	gene	83823984	83832798	.	-	.	ID=Atsept15510^scaffold_3^-;Name="ORF type:complete (+),score=9.77"scaffold_3	transdecoder	mRNA	83823984	83832798	.	-	.	ID=Atsept15510.1.p4;Parent=Atsept15510^scaffold_3^-;Name="ORF type:complete (+),score=9.77"
Warning: unexpected tab character in last column, line truncated:
scaffold_3	transdecoder	gene	84663504	84666880	.	-	.	ID=Atsept15516^scaffold_3^-;Name="ORF type:complete (+),score=9.92"scaffold_3	transdecoder	mRNA	84663504	84666880	.	-	.	ID=Atsept15516.1.p4;Parent=Atsept15516^scaffold_3^-;Name="ORF type:complete (+),score=9.92"
Warning: unexpected tab character in last column, line truncated:
scaffold_3	transdecoder	gene	87018591	87019894	.	-	.	ID=Atsept15526^scaffold_3^-;Name="ORF type:complete (+),score=30.25"scaffold_3	transdecoder	mRNA	87018591	87019894	.	-	.	ID=Atsept15526.1.p1;Parent=Atsept15526^scaffold_3^-;Name="ORF type:complete (+),score=30.25"
Warning: unexpected tab character in last column, line truncated:
scaffold_3	transdecoder	gene	89859543	89871080	.	+	.	ID=Atsept15554^scaffold_3^+;Name="ORF type:complete (+),score=29.15"scaffold_3	transdecoder	mRNA	89859543	89871080	.	+	.	ID=Atsept15554.1.p2;Parent=Atsept15554^scaffold_3^+;Name="ORF type:complete (+),score=29.15"
Warning: unexpected tab character in last column, line truncated:
scaffold_3	transdecoder	gene	89920163	89937887	.	-	.	ID=Atsept15556^scaffold_3^-;Name="ORF type:5prime_partial (+),score=113.32"scaffold_3	transdecoder	mRNA	89920163	89937887	.	-	.	ID=Atsept15556.1.p2;Parent=Atsept15556^scaffold_3^-;Name="ORF type:5prime_partial (+),score=113.32"
Warning: unexpected tab character in last column, line truncated:
scaffold_3	transdecoder	gene	89937001	89939125	.	+	.	ID=Atsept15557^scaffold_3^+;Name="ORF type:complete (-),score=26.92"scaffold_3	transdecoder	mRNA	89937001	89939125	.	+	.	ID=Atsept15557.1.p4;Parent=Atsept15557^scaffold_3^+;Name="ORF type:complete (-),score=26.92"
Warning: unexpected tab character in last column, line truncated:
scaffold_3	transdecoder	gene	89937001	89939125	.	-	.	ID=Atsept15557^scaffold_3^-;Name="ORF type:complete (+),score=6.67"scaffold_3	transdecoder	mRNA	89937001	89939125	.	-	.	ID=Atsept15557.1.p9;Parent=Atsept15557^scaffold_3^-;Name="ORF type:complete (+),score=6.67"
Warning: unexpected tab character in last column, line truncated:
scaffold_3	transdecoder	gene	90801805	90967101	.	-	.	ID=Atsept15568^scaffold_3^-;Name="ORF type:complete (+),score=15.48"scaffold_3	transdecoder	mRNA	90801805	90967101	.	-	.	ID=Atsept15568.1.p3;Parent=Atsept15568^scaffold_3^-;Name="ORF type:complete (+),score=15.48"
Warning: unexpected tab character in last column, line truncated:
scaffold_3	transdecoder	gene	91308667	91316624	.	-	.	ID=Atsept15571^scaffold_3^-;Name="ORF type:complete (+),score=13.43"scaffold_3	transdecoder	mRNA	91308667	91316624	.	-	.	ID=Atsept15571.1.p1;Parent=Atsept15571^scaffold_3^-;Name="ORF type:complete (+),score=13.43"
Warning: unexpected tab character in last column, line truncated:
scaffold_3	transdecoder	gene	92336203	92343005	.	-	.	ID=Atsept15580^scaffold_3^-;Name="ORF type:complete (+),score=10.55"scaffold_3	transdecoder	mRNA	92336203	92343005	.	-	.	ID=Atsept15580.1.p2;Parent=Atsept15580^scaffold_3^-;Name="ORF type:complete (+),score=10.55"
Warning: unexpected tab character in last column, line truncated:
scaffold_3	transdecoder	gene	93061328	93062717	.	+	.	ID=Atsept15594^scaffold_3^+;Name="ORF type:complete (+),score=18.47"scaffold_3	transdecoder	mRNA	93061328	93062717	.	+	.	ID=Atsept15594.1.p1;Parent=Atsept15594^scaffold_3^+;Name="ORF type:complete (+),score=18.47"
Warning: unexpected tab character in last column, line truncated:
scaffold_3	transdecoder	gene	93589994	93602569	.	-	.	ID=Atsept15612^scaffold_3^-;Name="ORF type:complete (+),score=24.45"scaffold_3	transdecoder	mRNA	93589994	93602569	.	-	.	ID=Atsept15612.1.p1;Parent=Atsept15612^scaffold_3^-;Name="ORF type:complete (+),score=24.45"
Warning: unexpected tab character in last column, line truncated:
scaffold_3	transdecoder	gene	95521779	95541099	.	-	.	ID=Atsept15638^scaffold_3^-;Name="ORF type:complete (+),score=10.91"scaffold_3	transdecoder	mRNA	95521779	95541099	.	-	.	ID=Atsept15638.1.p3;Parent=Atsept15638^scaffold_3^-;Name="ORF type:complete (+),score=10.91"
Warning: unexpected tab character in last column, line truncated:
scaffold_3	transdecoder	gene	95565743	95567703	.	-	.	ID=Atsept15639^scaffold_3^-;Name="ORF type:complete (+),score=8.71"scaffold_3	transdecoder	mRNA	95565743	95567703	.	-	.	ID=Atsept15639.1.p1;Parent=Atsept15639^scaffold_3^-;Name="ORF type:complete (+),score=8.71"
Warning: unexpected tab character in last column, line truncated:
scaffold_3	transdecoder	gene	96627851	96633472	.	-	.	ID=Atsept15650^scaffold_3^-;Name="ORF type:complete (+),score=8.13"scaffold_3	transdecoder	mRNA	96627851	96633472	.	-	.	ID=Atsept15650.1.p1;Parent=Atsept15650^scaffold_3^-;Name="ORF type:complete (+),score=8.13"
Warning: unexpected tab character in last column, line truncated:
scaffold_3	transdecoder	gene	96918889	96922904	.	-	.	ID=Atsept15658^scaffold_3^-;Name="ORF type:complete (+),score=19.19"scaffold_3	transdecoder	mRNA	96918889	96922904	.	-	.	ID=Atsept15658.1.p4;Parent=Atsept15658^scaffold_3^-;Name="ORF type:complete (+),score=19.19"
Warning: unexpected tab character in last column, line truncated:
scaffold_3	transdecoder	gene	97051756	97059485	.	-	.	ID=Atsept15660^scaffold_3^-;Name="ORF type:complete (+),score=15.30"scaffold_3	transdecoder	mRNA	97051756	97059485	.	-	.	ID=Atsept15660.1.p1;Parent=Atsept15660^scaffold_3^-;Name="ORF type:complete (+),score=15.30"
Warning: unexpected tab character in last column, line truncated:
scaffold_3	transdecoder	gene	97793482	97805031	.	-	.	ID=Atsept15672^scaffold_3^-;Name="ORF type:complete (+),score=38.60"scaffold_3	transdecoder	mRNA	97793482	97805031	.	-	.	ID=Atsept15672.1.p3;Parent=Atsept15672^scaffold_3^-;Name="ORF type:complete (+),score=38.60"
Warning: unexpected tab character in last column, line truncated:
scaffold_3	transdecoder	gene	97986828	98002863	.	+	.	ID=Atsept15674^scaffold_3^+;Name="ORF type:complete (+),score=59.63"scaffold_3	transdecoder	mRNA	97986828	98002863	.	+	.	ID=Atsept15674.1.p1;Parent=Atsept15674^scaffold_3^+;Name="ORF type:complete (+),score=59.63"
Warning: unexpected tab character in last column, line truncated:
scaffold_3	transdecoder	gene	98833103	98839974	.	+	.	ID=Atsept15694^scaffold_3^+;Name="ORF type:complete (+),score=11.30"scaffold_3	transdecoder	mRNA	98833103	98839974	.	+	.	ID=Atsept15694.1.p1;Parent=Atsept15694^scaffold_3^+;Name="ORF type:complete (+),score=11.30"
Warning: unexpected tab character in last column, line truncated:
scaffold_3	transdecoder	gene	98948888	98994088	.	+	.	ID=Atsept15696^scaffold_3^+;Name="ORF type:complete (+),score=10.54"scaffold_3	transdecoder	mRNA	98948888	98994088	.	+	.	ID=Atsept15696.1.p2;Parent=Atsept15696^scaffold_3^+;Name="ORF type:complete (+),score=10.54"
Warning: unexpected tab character in last column, line truncated:
scaffold_3	transdecoder	gene	3398386	3408550	.	-	.	ID=Atsept15697^scaffold_3^-;Name="ORF type:complete (+),score=76.76"scaffold_3	transdecoder	mRNA	3398386	3408550	.	-	.	ID=Atsept15697.1.p2;Parent=Atsept15697^scaffold_3^-;Name="ORF type:complete (+),score=76.76"
Warning: unexpected tab character in last column, line truncated:
scaffold_3	transdecoder	gene	219607	220707	.	-	.	ID=Atsept15698^scaffold_3^-;Name="ORF type:5prime_partial (+),score=27.96"scaffold_3	transdecoder	mRNA	219607	220707	.	-	.	ID=Atsept15698.1.p2;Parent=Atsept15698^scaffold_3^-;Name="ORF type:5prime_partial (+),score=27.96"
Warning: unexpected tab character in last column, line truncated:
scaffold_4	transdecoder	gene	97063323	97065683	.	-	.	ID=Atsept15723^scaffold_4^-;Name="ORF type:complete (+),score=13.74"scaffold_4	transdecoder	mRNA	97063323	97065683	.	-	.	ID=Atsept15723.1.p3;Parent=Atsept15723^scaffold_4^-;Name="ORF type:complete (+),score=13.74"
Warning: unexpected tab character in last column, line truncated:
scaffold_4	transdecoder	gene	97359742	97372947	.	-	.	ID=Atsept15727^scaffold_4^-;Name="ORF type:complete (+),score=4.74"scaffold_4	transdecoder	mRNA	97359742	97372947	.	-	.	ID=Atsept15727.1.p4;Parent=Atsept15727^scaffold_4^-;Name="ORF type:complete (+),score=4.74"
Warning: unexpected tab character in last column, line truncated:
scaffold_4	transdecoder	gene	99333446	99334463	.	+	.	ID=Atsept15734^scaffold_4^+;Name="ORF type:complete (+),score=8.38"scaffold_4	transdecoder	mRNA	99333446	99334463	.	+	.	ID=Atsept15734.1.p3;Parent=Atsept15734^scaffold_4^+;Name="ORF type:complete (+),score=8.38"
Warning: unexpected tab character in last column, line truncated:
scaffold_4	transdecoder	gene	99963233	99967801	.	-	.	ID=Atsept15741^scaffold_4^-;Name="ORF type:complete (+),score=6.89"scaffold_4	transdecoder	mRNA	99963233	99967801	.	-	.	ID=Atsept15741.1.p4;Parent=Atsept15741^scaffold_4^-;Name="ORF type:complete (+),score=6.89"
Warning: unexpected tab character in last column, line truncated:
scaffold_4	transdecoder	gene	100093455	100118986	.	+	.	ID=Atsept15743^scaffold_4^+;Name="ORF type:complete (+),score=25.34"scaffold_4	transdecoder	mRNA	100093455	100118986	.	+	.	ID=Atsept15743.1.p2;Parent=Atsept15743^scaffold_4^+;Name="ORF type:complete (+),score=25.34"
Warning: unexpected tab character in last column, line truncated:
scaffold_4	transdecoder	gene	102365679	102367073	.	-	.	ID=Atsept15757^scaffold_4^-;Name="ORF type:complete (+),score=10.11"scaffold_4	transdecoder	mRNA	102365679	102367073	.	-	.	ID=Atsept15757.1.p1;Parent=Atsept15757^scaffold_4^-;Name="ORF type:complete (+),score=10.11"
Warning: unexpected tab character in last column, line truncated:
scaffold_4	transdecoder	gene	103320138	103327669	.	+	.	ID=Atsept15765^scaffold_4^+;Name="ORF type:complete (+),score=27.91"scaffold_4	transdecoder	mRNA	103320138	103327669	.	+	.	ID=Atsept15765.1.p1;Parent=Atsept15765^scaffold_4^+;Name="ORF type:complete (+),score=27.91"
Warning: unexpected tab character in last column, line truncated:
scaffold_4	transdecoder	gene	103826767	103829917	.	+	.	ID=Atsept15776^scaffold_4^+;Name="ORF type:complete (+),score=5.24"scaffold_4	transdecoder	mRNA	103826767	103829917	.	+	.	ID=Atsept15776.1.p3;Parent=Atsept15776^scaffold_4^+;Name="ORF type:complete (+),score=5.24"
Warning: unexpected tab character in last column, line truncated:
scaffold_4	transdecoder	gene	104404985	104405787	.	+	.	ID=Atsept15786^scaffold_4^+;Name="ORF type:complete (+),score=12.21"scaffold_4	transdecoder	mRNA	104404985	104405787	.	+	.	ID=Atsept15786.1.p1;Parent=Atsept15786^scaffold_4^+;Name="ORF type:complete (+),score=12.21"
Warning: unexpected tab character in last column, line truncated:
scaffold_4	transdecoder	gene	105254868	105340343	.	-	.	ID=Atsept15788^scaffold_4^-;Name="ORF type:complete (+),score=5.38"scaffold_4	transdecoder	mRNA	105254868	105340343	.	-	.	ID=Atsept15788.1.p8;Parent=Atsept15788^scaffold_4^-;Name="ORF type:complete (+),score=5.38"
Warning: unexpected tab character in last column, line truncated:
scaffold_4	transdecoder	gene	105622041	105648049	.	-	.	ID=Atsept15789^scaffold_4^-;Name="ORF type:complete (+),score=4.19"scaffold_4	transdecoder	mRNA	105622041	105648049	.	-	.	ID=Atsept15789.1.p1;Parent=Atsept15789^scaffold_4^-;Name="ORF type:complete (+),score=4.19"
Warning: unexpected tab character in last column, line truncated:
scaffold_4	transdecoder	gene	106722550	106725447	.	-	.	ID=Atsept15805^scaffold_4^-;Name="ORF type:complete (+),score=15.52"scaffold_4	transdecoder	mRNA	106722550	106725447	.	-	.	ID=Atsept15805.1.p3;Parent=Atsept15805^scaffold_4^-;Name="ORF type:complete (+),score=15.52"
Warning: unexpected tab character in last column, line truncated:
scaffold_4	transdecoder	gene	109342227	109342735	.	+	.	ID=Atsept15819^scaffold_4^+;Name="ORF type:complete (+),score=22.04"scaffold_4	transdecoder	mRNA	109342227	109342735	.	+	.	ID=Atsept15819.1.p2;Parent=Atsept15819^scaffold_4^+;Name="ORF type:complete (+),score=22.04"
Warning: unexpected tab character in last column, line truncated:
scaffold_4	transdecoder	gene	110007451	110027030	.	-	.	ID=Atsept15825^scaffold_4^-;Name="ORF type:complete (+),score=2.07"scaffold_4	transdecoder	mRNA	110007451	110027030	.	-	.	ID=Atsept15825.1.p13;Parent=Atsept15825^scaffold_4^-;Name="ORF type:complete (+),score=2.07"
Warning: unexpected tab character in last column, line truncated:
scaffold_4	transdecoder	gene	110340699	110359369	.	+	.	ID=Atsept15829^scaffold_4^+;Name="ORF type:complete (+),score=14.27"scaffold_4	transdecoder	mRNA	110340699	110359369	.	+	.	ID=Atsept15829.1.p1;Parent=Atsept15829^scaffold_4^+;Name="ORF type:complete (+),score=14.27"
Warning: unexpected tab character in last column, line truncated:
scaffold_4	transdecoder	gene	110523236	110528460	.	+	.	ID=Atsept15830^scaffold_4^+;Name="ORF type:complete (+),score=6.81"scaffold_4	transdecoder	mRNA	110523236	110528460	.	+	.	ID=Atsept15830.1.p1;Parent=Atsept15830^scaffold_4^+;Name="ORF type:complete (+),score=6.81"
Warning: unexpected tab character in last column, line truncated:
scaffold_4	transdecoder	gene	110641808	111000580	.	+	.	ID=Atsept15832^scaffold_4^+;Name="ORF type:5prime_partial (+),score=11.12"scaffold_4	transdecoder	mRNA	110641808	111000580	.	+	.	ID=Atsept15832.1.p1;Parent=Atsept15832^scaffold_4^+;Name="ORF type:5prime_partial (+),score=11.12"
Warning: unexpected tab character in last column, line truncated:
scaffold_4	transdecoder	gene	111000582	111487176	.	+	.	ID=Atsept15833^scaffold_4^+;Name="ORF type:complete (+),score=15.49"scaffold_4	transdecoder	mRNA	111000582	111487176	.	+	.	ID=Atsept15833.1.p2;Parent=Atsept15833^scaffold_4^+;Name="ORF type:complete (+),score=15.49"
Warning: unexpected tab character in last column, line truncated:
scaffold_4	transdecoder	gene	111001379	111006643	.	-	.	ID=Atsept15834^scaffold_4^-;Name="ORF type:complete (+),score=7.40"scaffold_4	transdecoder	mRNA	111001379	111006643	.	-	.	ID=Atsept15834.1.p1;Parent=Atsept15834^scaffold_4^-;Name="ORF type:complete (+),score=7.40"
Warning: unexpected tab character in last column, line truncated:
scaffold_4	transdecoder	gene	111098655	111106786	.	-	.	ID=Atsept15836^scaffold_4^-;Name="ORF type:complete (+),score=16.58"scaffold_4	transdecoder	mRNA	111098655	111106786	.	-	.	ID=Atsept15836.1.p2;Parent=Atsept15836^scaffold_4^-;Name="ORF type:complete (+),score=16.58"
Warning: unexpected tab character in last column, line truncated:
scaffold_4	transdecoder	gene	111668744	111673550	.	-	.	ID=Atsept15837^scaffold_4^-;Name="ORF type:complete (+),score=10.67"scaffold_4	transdecoder	mRNA	111668744	111673550	.	-	.	ID=Atsept15837.1.p1;Parent=Atsept15837^scaffold_4^-;Name="ORF type:complete (+),score=10.67"
Warning: unexpected tab character in last column, line truncated:
scaffold_4	transdecoder	gene	112345031	112356727	.	+	.	ID=Atsept15838^scaffold_4^+;Name="ORF type:complete (+),score=22.03"scaffold_4	transdecoder	mRNA	112345031	112356727	.	+	.	ID=Atsept15838.1.p2;Parent=Atsept15838^scaffold_4^+;Name="ORF type:complete (+),score=22.03"
Warning: unexpected tab character in last column, line truncated:
scaffold_4	transdecoder	gene	112579189	112583611	.	+	.	ID=Atsept15839^scaffold_4^+;Name="ORF type:complete (+),score=19.54"scaffold_4	transdecoder	mRNA	112579189	112583611	.	+	.	ID=Atsept15839.1.p1;Parent=Atsept15839^scaffold_4^+;Name="ORF type:complete (+),score=19.54"
Warning: unexpected tab character in last column, line truncated:
scaffold_4	transdecoder	gene	111909687	111921710	.	-	.	ID=Atsept15840^scaffold_4^-;Name="ORF type:5prime_partial (+),score=13.88"scaffold_4	transdecoder	mRNA	111909687	111921710	.	-	.	ID=Atsept15840.1.p2;Parent=Atsept15840^scaffold_4^-;Name="ORF type:5prime_partial (+),score=13.88"
Warning: unexpected tab character in last column, line truncated:
scaffold_4	transdecoder	gene	113705482	113730081	.	-	.	ID=Atsept15847^scaffold_4^-;Name="ORF type:5prime_partial (+),score=3.22"scaffold_4	transdecoder	mRNA	113705482	113730081	.	-	.	ID=Atsept15847.1.p4;Parent=Atsept15847^scaffold_4^-;Name="ORF type:5prime_partial (+),score=3.22"
Warning: unexpected tab character in last column, line truncated:
scaffold_4	transdecoder	gene	114031320	114032834	.	+	.	ID=Atsept15848^scaffold_4^+;Name="ORF type:complete (+),score=14.13"scaffold_4	transdecoder	mRNA	114031320	114032834	.	+	.	ID=Atsept15848.1.p1;Parent=Atsept15848^scaffold_4^+;Name="ORF type:complete (+),score=14.13"
Warning: unexpected tab character in last column, line truncated:
scaffold_4	transdecoder	gene	114929529	114952880	.	-	.	ID=Atsept15853^scaffold_4^-;Name="ORF type:complete (+),score=18.64"scaffold_4	transdecoder	mRNA	114929529	114952880	.	-	.	ID=Atsept15853.1.p2;Parent=Atsept15853^scaffold_4^-;Name="ORF type:complete (+),score=18.64"
Warning: unexpected tab character in last column, line truncated:
scaffold_4	transdecoder	gene	114986336	114996149	.	-	.	ID=Atsept15856^scaffold_4^-;Name="ORF type:3prime_partial (+),score=15.87"scaffold_4	transdecoder	mRNA	114986336	114996149	.	-	.	ID=Atsept15856.1.p1;Parent=Atsept15856^scaffold_4^-;Name="ORF type:3prime_partial (+),score=15.87"
Warning: unexpected tab character in last column, line truncated:
scaffold_4	transdecoder	gene	115175240	115178463	.	-	.	ID=Atsept15858^scaffold_4^-;Name="ORF type:complete (+),score=3.19"scaffold_4	transdecoder	mRNA	115175240	115178463	.	-	.	ID=Atsept15858.1.p3;Parent=Atsept15858^scaffold_4^-;Name="ORF type:complete (+),score=3.19"
Warning: unexpected tab character in last column, line truncated:
scaffold_4	transdecoder	gene	115651889	115653438	.	+	.	ID=Atsept15869^scaffold_4^+;Name="ORF type:complete (+),score=18.08"scaffold_4	transdecoder	mRNA	115651889	115653438	.	+	.	ID=Atsept15869.1.p2;Parent=Atsept15869^scaffold_4^+;Name="ORF type:complete (+),score=18.08"
Warning: unexpected tab character in last column, line truncated:
scaffold_4	transdecoder	gene	115719660	115732071	.	+	.	ID=Atsept15872^scaffold_4^+;Name="ORF type:complete (+),score=16.14"scaffold_4	transdecoder	mRNA	115719660	115732071	.	+	.	ID=Atsept15872.1.p5;Parent=Atsept15872^scaffold_4^+;Name="ORF type:complete (+),score=16.14"
Warning: unexpected tab character in last column, line truncated:
scaffold_4	transdecoder	gene	117256176	117260796	.	+	.	ID=Atsept15899^scaffold_4^+;Name="ORF type:complete (+),score=11.01"scaffold_4	transdecoder	mRNA	117256176	117260796	.	+	.	ID=Atsept15899.1.p1;Parent=Atsept15899^scaffold_4^+;Name="ORF type:complete (+),score=11.01"
Warning: unexpected tab character in last column, line truncated:
scaffold_4	transdecoder	gene	118088436	118088758	.	-	.	ID=Atsept15902^scaffold_4^-;Name="ORF type:complete (+),score=12.23"scaffold_4	transdecoder	mRNA	118088436	118088758	.	-	.	ID=Atsept15902.1.p1;Parent=Atsept15902^scaffold_4^-;Name="ORF type:complete (+),score=12.23"
Warning: unexpected tab character in last column, line truncated:
scaffold_4	transdecoder	gene	118765367	118771835	.	+	.	ID=Atsept15916^scaffold_4^+;Name="ORF type:complete (+),score=17.58"scaffold_4	transdecoder	mRNA	118765367	118771835	.	+	.	ID=Atsept15916.1.p1;Parent=Atsept15916^scaffold_4^+;Name="ORF type:complete (+),score=17.58"
Warning: unexpected tab character in last column, line truncated:
scaffold_4	transdecoder	gene	119104465	119112970	.	+	.	ID=Atsept15925^scaffold_4^+;Name="ORF type:complete (+),score=22.89"scaffold_4	transdecoder	mRNA	119104465	119112970	.	+	.	ID=Atsept15925.1.p2;Parent=Atsept15925^scaffold_4^+;Name="ORF type:complete (+),score=22.89"
Warning: unexpected tab character in last column, line truncated:
scaffold_4	transdecoder	gene	119368514	119378105	.	+	.	ID=Atsept15928^scaffold_4^+;Name="ORF type:5prime_partial (+),score=17.65"scaffold_4	transdecoder	mRNA	119368514	119378105	.	+	.	ID=Atsept15928.1.p1;Parent=Atsept15928^scaffold_4^+;Name="ORF type:5prime_partial (+),score=17.65"
Warning: unexpected tab character in last column, line truncated:
scaffold_4	transdecoder	gene	119312453	119368356	.	-	.	ID=Atsept15930^scaffold_4^-;Name="ORF type:5prime_partial (+),score=27.48"scaffold_4	transdecoder	mRNA	119312453	119368356	.	-	.	ID=Atsept15930.1.p1;Parent=Atsept15930^scaffold_4^-;Name="ORF type:5prime_partial (+),score=27.48"
Warning: unexpected tab character in last column, line truncated:
scaffold_4	transdecoder	gene	9788428	9793069	.	+	.	ID=Atsept15960^scaffold_4^+;Name="ORF type:complete (+),score=22.46"scaffold_4	transdecoder	mRNA	9788428	9793069	.	+	.	ID=Atsept15960.1.p2;Parent=Atsept15960^scaffold_4^+;Name="ORF type:complete (+),score=22.46"
Warning: unexpected tab character in last column, line truncated:
scaffold_4	transdecoder	gene	10617565	10619438	.	-	.	ID=Atsept15965^scaffold_4^-;Name="ORF type:complete (+),score=10.86"scaffold_4	transdecoder	mRNA	10617565	10619438	.	-	.	ID=Atsept15965.1.p1;Parent=Atsept15965^scaffold_4^-;Name="ORF type:complete (+),score=10.86"
Warning: unexpected tab character in last column, line truncated:
scaffold_4	transdecoder	gene	10839313	10850207	.	-	.	ID=Atsept15974^scaffold_4^-;Name="ORF type:complete (+),score=16.38"scaffold_4	transdecoder	mRNA	10839313	10850207	.	-	.	ID=Atsept15974.1.p2;Parent=Atsept15974^scaffold_4^-;Name="ORF type:complete (+),score=16.38"
Warning: unexpected tab character in last column, line truncated:
scaffold_4	transdecoder	gene	11892910	11942453	.	-	.	ID=Atsept15982^scaffold_4^-;Name="ORF type:complete (+),score=80.44"scaffold_4	transdecoder	mRNA	11892910	11942453	.	-	.	ID=Atsept15982.1.p2;Parent=Atsept15982^scaffold_4^-;Name="ORF type:complete (+),score=80.44"
Warning: unexpected tab character in last column, line truncated:
scaffold_4	transdecoder	gene	12374898	12378468	.	-	.	ID=Atsept15984^scaffold_4^-;Name="ORF type:complete (+),score=39.40"scaffold_4	transdecoder	mRNA	12374898	12378468	.	-	.	ID=Atsept15984.1.p1;Parent=Atsept15984^scaffold_4^-;Name="ORF type:complete (+),score=39.40"
Warning: unexpected tab character in last column, line truncated:
scaffold_4	transdecoder	gene	13315015	13324330	.	-	.	ID=Atsept15999^scaffold_4^-;Name="ORF type:5prime_partial (+),score=19.86"scaffold_4	transdecoder	mRNA	13315015	13324330	.	-	.	ID=Atsept15999.1.p1;Parent=Atsept15999^scaffold_4^-;Name="ORF type:5prime_partial (+),score=19.86"
Warning: unexpected tab character in last column, line truncated:
scaffold_4	transdecoder	gene	14717229	14722526	.	-	.	ID=Atsept16006^scaffold_4^-;Name="ORF type:complete (+),score=10.37"scaffold_4	transdecoder	mRNA	14717229	14722526	.	-	.	ID=Atsept16006.1.p3;Parent=Atsept16006^scaffold_4^-;Name="ORF type:complete (+),score=10.37"
Warning: unexpected tab character in last column, line truncated:
scaffold_4	transdecoder	gene	14958518	14960075	.	-	.	ID=Atsept16007^scaffold_4^-;Name="ORF type:complete (+),score=9.79"scaffold_4	transdecoder	mRNA	14958518	14960075	.	-	.	ID=Atsept16007.1.p1;Parent=Atsept16007^scaffold_4^-;Name="ORF type:complete (+),score=9.79"
Warning: unexpected tab character in last column, line truncated:
scaffold_4	transdecoder	gene	15305214	15342615	.	-	.	ID=Atsept16008^scaffold_4^-;Name="ORF type:5prime_partial (+),score=14.82"scaffold_4	transdecoder	mRNA	15305214	15342615	.	-	.	ID=Atsept16008.1.p2;Parent=Atsept16008^scaffold_4^-;Name="ORF type:5prime_partial (+),score=14.82"
Warning: unexpected tab character in last column, line truncated:
scaffold_4	transdecoder	gene	18274067	18276500	.	+	.	ID=Atsept16021^scaffold_4^+;Name="ORF type:complete (+),score=12.58"scaffold_4	transdecoder	mRNA	18274067	18276500	.	+	.	ID=Atsept16021.1.p8;Parent=Atsept16021^scaffold_4^+;Name="ORF type:complete (+),score=12.58"
Warning: unexpected tab character in last column, line truncated:
scaffold_4	transdecoder	gene	663407	665786	.	-	.	ID=Atsept16031^scaffold_4^-;Name="ORF type:complete (+),score=52.05"scaffold_4	transdecoder	mRNA	663407	665786	.	-	.	ID=Atsept16031.1.p2;Parent=Atsept16031^scaffold_4^-;Name="ORF type:complete (+),score=52.05"
Warning: unexpected tab character in last column, line truncated:
scaffold_4	transdecoder	gene	19457753	19480618	.	-	.	ID=Atsept16037^scaffold_4^-;Name="ORF type:complete (+),score=3.94"scaffold_4	transdecoder	mRNA	19457753	19480618	.	-	.	ID=Atsept16037.1.p12;Parent=Atsept16037^scaffold_4^-;Name="ORF type:complete (+),score=3.94"
Warning: unexpected tab character in last column, line truncated:
scaffold_4	transdecoder	gene	19705390	19705775	.	-	.	ID=Atsept16047^scaffold_4^-;Name="ORF type:complete (+),score=14.52"scaffold_4	transdecoder	mRNA	19705390	19705775	.	-	.	ID=Atsept16047.1.p1;Parent=Atsept16047^scaffold_4^-;Name="ORF type:complete (+),score=14.52"
Warning: unexpected tab character in last column, line truncated:
scaffold_4	transdecoder	gene	20479338	20482795	.	-	.	ID=Atsept16051^scaffold_4^-;Name="ORF type:complete (+),score=11.53"scaffold_4	transdecoder	mRNA	20479338	20482795	.	-	.	ID=Atsept16051.1.p1;Parent=Atsept16051^scaffold_4^-;Name="ORF type:complete (+),score=11.53"
Warning: unexpected tab character in last column, line truncated:
scaffold_4	transdecoder	gene	21792171	21792736	.	+	.	ID=Atsept16060^scaffold_4^+;Name="ORF type:complete (+),score=4.91"scaffold_4	transdecoder	mRNA	21792171	21792736	.	+	.	ID=Atsept16060.1.p1;Parent=Atsept16060^scaffold_4^+;Name="ORF type:complete (+),score=4.91"
Warning: unexpected tab character in last column, line truncated:
scaffold_4	transdecoder	gene	22130753	22135176	.	-	.	ID=Atsept16062^scaffold_4^-;Name="ORF type:complete (+),score=14.47"scaffold_4	transdecoder	mRNA	22130753	22135176	.	-	.	ID=Atsept16062.1.p1;Parent=Atsept16062^scaffold_4^-;Name="ORF type:complete (+),score=14.47"
Warning: unexpected tab character in last column, line truncated:
scaffold_4	transdecoder	gene	22817387	22825302	.	+	.	ID=Atsept16066^scaffold_4^+;Name="ORF type:complete (+),score=26.38"scaffold_4	transdecoder	mRNA	22817387	22825302	.	+	.	ID=Atsept16066.1.p1;Parent=Atsept16066^scaffold_4^+;Name="ORF type:complete (+),score=26.38"
Warning: unexpected tab character in last column, line truncated:
scaffold_4	transdecoder	gene	23098882	23100969	.	+	.	ID=Atsept16067^scaffold_4^+;Name="ORF type:complete (+),score=53.13"scaffold_4	transdecoder	mRNA	23098882	23100969	.	+	.	ID=Atsept16067.1.p1;Parent=Atsept16067^scaffold_4^+;Name="ORF type:complete (+),score=53.13"
Warning: unexpected tab character in last column, line truncated:
scaffold_4	transdecoder	gene	23265520	23296991	.	-	.	ID=Atsept16068^scaffold_4^-;Name="ORF type:complete (+),score=18.78"scaffold_4	transdecoder	mRNA	23265520	23296991	.	-	.	ID=Atsept16068.1.p1;Parent=Atsept16068^scaffold_4^-;Name="ORF type:complete (+),score=18.78"
Warning: unexpected tab character in last column, line truncated:
scaffold_4	transdecoder	gene	24357483	24365616	.	-	.	ID=Atsept16071^scaffold_4^-;Name="ORF type:3prime_partial (+),score=26.75"scaffold_4	transdecoder	mRNA	24357483	24365616	.	-	.	ID=Atsept16071.1.p1;Parent=Atsept16071^scaffold_4^-;Name="ORF type:3prime_partial (+),score=26.75"
Warning: unexpected tab character in last column, line truncated:
scaffold_4	transdecoder	gene	25227040	25244860	.	-	.	ID=Atsept16084^scaffold_4^-;Name="ORF type:5prime_partial (+),score=4.53"scaffold_4	transdecoder	mRNA	25227040	25244860	.	-	.	ID=Atsept16084.1.p3;Parent=Atsept16084^scaffold_4^-;Name="ORF type:5prime_partial (+),score=4.53"
Warning: unexpected tab character in last column, line truncated:
scaffold_4	transdecoder	gene	862693	867271	.	-	.	ID=Atsept16087^scaffold_4^-;Name="ORF type:5prime_partial (+),score=30.43"scaffold_4	transdecoder	mRNA	862693	867271	.	-	.	ID=Atsept16087.1.p1;Parent=Atsept16087^scaffold_4^-;Name="ORF type:5prime_partial (+),score=30.43"
Warning: unexpected tab character in last column, line truncated:
scaffold_4	transdecoder	gene	945275	984973	.	+	.	ID=Atsept16098^scaffold_4^+;Name="ORF type:5prime_partial (+),score=191.03"scaffold_4	transdecoder	mRNA	945275	984973	.	+	.	ID=Atsept16098.1.p2;Parent=Atsept16098^scaffold_4^+;Name="ORF type:5prime_partial (+),score=191.03"
Warning: unexpected tab character in last column, line truncated:
scaffold_4	transdecoder	gene	29368223	29368818	.	-	.	ID=Atsept16116^scaffold_4^-;Name="ORF type:complete (+),score=21.68"scaffold_4	transdecoder	mRNA	29368223	29368818	.	-	.	ID=Atsept16116.1.p1;Parent=Atsept16116^scaffold_4^-;Name="ORF type:complete (+),score=21.68"
Warning: unexpected tab character in last column, line truncated:
scaffold_4	transdecoder	gene	30986285	31000571	.	-	.	ID=Atsept16134^scaffold_4^-;Name="ORF type:complete (+),score=12.88"scaffold_4	transdecoder	mRNA	30986285	31000571	.	-	.	ID=Atsept16134.1.p3;Parent=Atsept16134^scaffold_4^-;Name="ORF type:complete (+),score=12.88"
Warning: unexpected tab character in last column, line truncated:
scaffold_4	transdecoder	gene	31541784	31554893	.	+	.	ID=Atsept16146^scaffold_4^+;Name="ORF type:complete (+),score=21.07"scaffold_4	transdecoder	mRNA	31541784	31554893	.	+	.	ID=Atsept16146.1.p1;Parent=Atsept16146^scaffold_4^+;Name="ORF type:complete (+),score=21.07"
Warning: unexpected tab character in last column, line truncated:
scaffold_4	transdecoder	gene	31982342	32005242	.	-	.	ID=Atsept16152^scaffold_4^-;Name="ORF type:complete (+),score=11.94"scaffold_4	transdecoder	mRNA	31982342	32005242	.	-	.	ID=Atsept16152.1.p3;Parent=Atsept16152^scaffold_4^-;Name="ORF type:complete (+),score=11.94"
Warning: unexpected tab character in last column, line truncated:
scaffold_4	transdecoder	gene	1680760	1682868	.	-	.	ID=Atsept16154^scaffold_4^-;Name="ORF type:5prime_partial (+),score=71.60"scaffold_4	transdecoder	mRNA	1680760	1682868	.	-	.	ID=Atsept16154.1.p2;Parent=Atsept16154^scaffold_4^-;Name="ORF type:5prime_partial (+),score=71.60"
Warning: unexpected tab character in last column, line truncated:
scaffold_4	transdecoder	gene	32094477	32095604	.	-	.	ID=Atsept16155^scaffold_4^-;Name="ORF type:complete (+),score=4.50"scaffold_4	transdecoder	mRNA	32094477	32095604	.	-	.	ID=Atsept16155.1.p1;Parent=Atsept16155^scaffold_4^-;Name="ORF type:complete (+),score=4.50"
Warning: unexpected tab character in last column, line truncated:
scaffold_4	transdecoder	gene	32193575	32195846	.	-	.	ID=Atsept16156^scaffold_4^-;Name="ORF type:complete (+),score=19.58"scaffold_4	transdecoder	mRNA	32193575	32195846	.	-	.	ID=Atsept16156.1.p1;Parent=Atsept16156^scaffold_4^-;Name="ORF type:complete (+),score=19.58"
Warning: unexpected tab character in last column, line truncated:
scaffold_4	transdecoder	gene	32481579	32487046	.	-	.	ID=Atsept16157^scaffold_4^-;Name="ORF type:complete (+),score=7.34"scaffold_4	transdecoder	mRNA	32481579	32487046	.	-	.	ID=Atsept16157.1.p5;Parent=Atsept16157^scaffold_4^-;Name="ORF type:complete (+),score=7.34"
Warning: unexpected tab character in last column, line truncated:
scaffold_4	transdecoder	gene	32499730	32500823	.	+	.	ID=Atsept16158^scaffold_4^+;Name="ORF type:complete (+),score=18.65"scaffold_4	transdecoder	mRNA	32499730	32500823	.	+	.	ID=Atsept16158.1.p1;Parent=Atsept16158^scaffold_4^+;Name="ORF type:complete (+),score=18.65"
Warning: unexpected tab character in last column, line truncated:
scaffold_4	transdecoder	gene	32643757	32724280	.	+	.	ID=Atsept16160^scaffold_4^+;Name="ORF type:complete (+),score=16.68"scaffold_4	transdecoder	mRNA	32643757	32724280	.	+	.	ID=Atsept16160.1.p2;Parent=Atsept16160^scaffold_4^+;Name="ORF type:complete (+),score=16.68"
Warning: unexpected tab character in last column, line truncated:
scaffold_4	transdecoder	gene	34127629	34134521	.	+	.	ID=Atsept16167^scaffold_4^+;Name="ORF type:complete (+),score=20.71"scaffold_4	transdecoder	mRNA	34127629	34134521	.	+	.	ID=Atsept16167.1.p1;Parent=Atsept16167^scaffold_4^+;Name="ORF type:complete (+),score=20.71"
Warning: unexpected tab character in last column, line truncated:
scaffold_4	transdecoder	gene	34005680	34127559	.	-	.	ID=Atsept16168^scaffold_4^-;Name="ORF type:complete (+),score=19.63"scaffold_4	transdecoder	mRNA	34005680	34127559	.	-	.	ID=Atsept16168.1.p1;Parent=Atsept16168^scaffold_4^-;Name="ORF type:complete (+),score=19.63"
Warning: unexpected tab character in last column, line truncated:
scaffold_4	transdecoder	gene	1878602	1918489	.	+	.	ID=Atsept16176^scaffold_4^+;Name="ORF type:complete (+),score=32.70"scaffold_4	transdecoder	mRNA	1878602	1918489	.	+	.	ID=Atsept16176.1.p2;Parent=Atsept16176^scaffold_4^+;Name="ORF type:complete (+),score=32.70"
Warning: unexpected tab character in last column, line truncated:
scaffold_4	transdecoder	gene	35476491	35481746	.	-	.	ID=Atsept16190^scaffold_4^-;Name="ORF type:complete (+),score=13.73"scaffold_4	transdecoder	mRNA	35476491	35481746	.	-	.	ID=Atsept16190.1.p1;Parent=Atsept16190^scaffold_4^-;Name="ORF type:complete (+),score=13.73"
Warning: unexpected tab character in last column, line truncated:
scaffold_4	transdecoder	gene	36837010	36838232	.	-	.	ID=Atsept16205^scaffold_4^-;Name="ORF type:complete (+),score=12.86"scaffold_4	transdecoder	mRNA	36837010	36838232	.	-	.	ID=Atsept16205.1.p1;Parent=Atsept16205^scaffold_4^-;Name="ORF type:complete (+),score=12.86"
Warning: unexpected tab character in last column, line truncated:
scaffold_4	transdecoder	gene	36932665	36981850	.	+	.	ID=Atsept16207^scaffold_4^+;Name="ORF type:complete (+),score=25.49"scaffold_4	transdecoder	mRNA	36932665	36981850	.	+	.	ID=Atsept16207.1.p1;Parent=Atsept16207^scaffold_4^+;Name="ORF type:complete (+),score=25.49"
Warning: unexpected tab character in last column, line truncated:
scaffold_4	transdecoder	gene	37014149	37015730	.	-	.	ID=Atsept16208^scaffold_4^-;Name="ORF type:complete (+),score=24.91"scaffold_4	transdecoder	mRNA	37014149	37015730	.	-	.	ID=Atsept16208.1.p1;Parent=Atsept16208^scaffold_4^-;Name="ORF type:complete (+),score=24.91"
Warning: unexpected tab character in last column, line truncated:
scaffold_4	transdecoder	gene	37179036	37181740	.	-	.	ID=Atsept16210^scaffold_4^-;Name="ORF type:complete (+),score=17.84"scaffold_4	transdecoder	mRNA	37179036	37181740	.	-	.	ID=Atsept16210.1.p1;Parent=Atsept16210^scaffold_4^-;Name="ORF type:complete (+),score=17.84"
Warning: unexpected tab character in last column, line truncated:
scaffold_4	transdecoder	gene	37841196	37851738	.	+	.	ID=Atsept16214^scaffold_4^+;Name="ORF type:complete (+),score=31.12"scaffold_4	transdecoder	mRNA	37841196	37851738	.	+	.	ID=Atsept16214.1.p1;Parent=Atsept16214^scaffold_4^+;Name="ORF type:complete (+),score=31.12"
Warning: unexpected tab character in last column, line truncated:
scaffold_4	transdecoder	gene	38361013	38361655	.	-	.	ID=Atsept16224^scaffold_4^-;Name="ORF type:complete (+),score=16.91"scaffold_4	transdecoder	mRNA	38361013	38361655	.	-	.	ID=Atsept16224.1.p1;Parent=Atsept16224^scaffold_4^-;Name="ORF type:complete (+),score=16.91"
Warning: unexpected tab character in last column, line truncated:
scaffold_4	transdecoder	gene	38520541	38527437	.	+	.	ID=Atsept16227^scaffold_4^+;Name="ORF type:complete (+),score=12.90"scaffold_4	transdecoder	mRNA	38520541	38527437	.	+	.	ID=Atsept16227.1.p2;Parent=Atsept16227^scaffold_4^+;Name="ORF type:complete (+),score=12.90"
Warning: unexpected tab character in last column, line truncated:
scaffold_4	transdecoder	gene	2859979	2861283	.	-	.	ID=Atsept16241^scaffold_4^-;Name="ORF type:5prime_partial (+),score=13.16"scaffold_4	transdecoder	mRNA	2859979	2861283	.	-	.	ID=Atsept16241.1.p2;Parent=Atsept16241^scaffold_4^-;Name="ORF type:5prime_partial (+),score=13.16"
Warning: unexpected tab character in last column, line truncated:
scaffold_4	transdecoder	gene	39533356	39541559	.	-	.	ID=Atsept16243^scaffold_4^-;Name="ORF type:complete (+),score=11.92"scaffold_4	transdecoder	mRNA	39533356	39541559	.	-	.	ID=Atsept16243.1.p1;Parent=Atsept16243^scaffold_4^-;Name="ORF type:complete (+),score=11.92"
Warning: unexpected tab character in last column, line truncated:
scaffold_4	transdecoder	gene	40482951	40501321	.	+	.	ID=Atsept16244^scaffold_4^+;Name="ORF type:complete (+),score=16.08"scaffold_4	transdecoder	mRNA	40482951	40501321	.	+	.	ID=Atsept16244.1.p2;Parent=Atsept16244^scaffold_4^+;Name="ORF type:complete (+),score=16.08"
Warning: unexpected tab character in last column, line truncated:
scaffold_4	transdecoder	gene	42313075	42325921	.	-	.	ID=Atsept16258^scaffold_4^-;Name="ORF type:complete (+),score=24.91"scaffold_4	transdecoder	mRNA	42313075	42325921	.	-	.	ID=Atsept16258.1.p1;Parent=Atsept16258^scaffold_4^-;Name="ORF type:complete (+),score=24.91"
Warning: unexpected tab character in last column, line truncated:
scaffold_4	transdecoder	gene	42538662	42542854	.	+	.	ID=Atsept16260^scaffold_4^+;Name="ORF type:complete (+),score=25.13"scaffold_4	transdecoder	mRNA	42538662	42542854	.	+	.	ID=Atsept16260.1.p1;Parent=Atsept16260^scaffold_4^+;Name="ORF type:complete (+),score=25.13"
Warning: unexpected tab character in last column, line truncated:
scaffold_4	transdecoder	gene	43217453	43217881	.	-	.	ID=Atsept16273^scaffold_4^-;Name="ORF type:complete (+),score=10.28"scaffold_4	transdecoder	mRNA	43217453	43217881	.	-	.	ID=Atsept16273.1.p2;Parent=Atsept16273^scaffold_4^-;Name="ORF type:complete (+),score=10.28"
Warning: unexpected tab character in last column, line truncated:
scaffold_4	transdecoder	gene	46560887	46570994	.	-	.	ID=Atsept16328^scaffold_4^-;Name="ORF type:complete (+),score=25.61"scaffold_4	transdecoder	mRNA	46560887	46570994	.	-	.	ID=Atsept16328.1.p3;Parent=Atsept16328^scaffold_4^-;Name="ORF type:complete (+),score=25.61"
Warning: unexpected tab character in last column, line truncated:
scaffold_4	transdecoder	gene	47449166	47504412	.	+	.	ID=Atsept16332^scaffold_4^+;Name="ORF type:complete (+),score=5.27"scaffold_4	transdecoder	mRNA	47449166	47504412	.	+	.	ID=Atsept16332.1.p1;Parent=Atsept16332^scaffold_4^+;Name="ORF type:complete (+),score=5.27"
Warning: unexpected tab character in last column, line truncated:
scaffold_4	transdecoder	gene	48191915	48226769	.	+	.	ID=Atsept16333^scaffold_4^+;Name="ORF type:complete (+),score=9.14"scaffold_4	transdecoder	mRNA	48191915	48226769	.	+	.	ID=Atsept16333.1.p7;Parent=Atsept16333^scaffold_4^+;Name="ORF type:complete (+),score=9.14"
Warning: unexpected tab character in last column, line truncated:
scaffold_4	transdecoder	gene	146646	147029	.	+	.	ID=Atsept16351^scaffold_4^+;Name="ORF type:complete (+),score=11.96"scaffold_4	transdecoder	mRNA	146646	147029	.	+	.	ID=Atsept16351.1.p3;Parent=Atsept16351^scaffold_4^+;Name="ORF type:complete (+),score=11.96"
Warning: unexpected tab character in last column, line truncated:
scaffold_4	transdecoder	gene	49195248	49196034	.	+	.	ID=Atsept16353^scaffold_4^+;Name="ORF type:complete (+),score=9.96"scaffold_4	transdecoder	mRNA	49195248	49196034	.	+	.	ID=Atsept16353.1.p1;Parent=Atsept16353^scaffold_4^+;Name="ORF type:complete (+),score=9.96"
Warning: unexpected tab character in last column, line truncated:
scaffold_4	transdecoder	gene	50605752	50607374	.	-	.	ID=Atsept16378^scaffold_4^-;Name="ORF type:complete (+),score=2.68"scaffold_4	transdecoder	mRNA	50605752	50607374	.	-	.	ID=Atsept16378.1.p3;Parent=Atsept16378^scaffold_4^-;Name="ORF type:complete (+),score=2.68"
Warning: unexpected tab character in last column, line truncated:
scaffold_4	transdecoder	gene	53488813	53489947	.	-	.	ID=Atsept16431^scaffold_4^-;Name="ORF type:internal (+),score=68.52"scaffold_4	transdecoder	mRNA	53488813	53489947	.	-	.	ID=Atsept16431.1.p1;Parent=Atsept16431^scaffold_4^-;Name="ORF type:internal (+),score=68.52"
Warning: unexpected tab character in last column, line truncated:
scaffold_4	transdecoder	gene	53848018	53852943	.	-	.	ID=Atsept16442^scaffold_4^-;Name="ORF type:complete (+),score=19.23"scaffold_4	transdecoder	mRNA	53848018	53852943	.	-	.	ID=Atsept16442.1.p5;Parent=Atsept16442^scaffold_4^-;Name="ORF type:complete (+),score=19.23"
Warning: unexpected tab character in last column, line truncated:
scaffold_4	transdecoder	gene	55160210	55174899	.	-	.	ID=Atsept16473^scaffold_4^-;Name="ORF type:complete (+),score=14.92"scaffold_4	transdecoder	mRNA	55160210	55174899	.	-	.	ID=Atsept16473.1.p1;Parent=Atsept16473^scaffold_4^-;Name="ORF type:complete (+),score=14.92"
Warning: unexpected tab character in last column, line truncated:
scaffold_4	transdecoder	gene	55235332	55237410	.	-	.	ID=Atsept16476^scaffold_4^-;Name="ORF type:5prime_partial (+),score=10.97"scaffold_4	transdecoder	mRNA	55235332	55237410	.	-	.	ID=Atsept16476.1.p1;Parent=Atsept16476^scaffold_4^-;Name="ORF type:5prime_partial (+),score=10.97"
Warning: unexpected tab character in last column, line truncated:
scaffold_4	transdecoder	gene	55372073	55388661	.	-	.	ID=Atsept16479^scaffold_4^-;Name="ORF type:complete (+),score=8.35"scaffold_4	transdecoder	mRNA	55372073	55388661	.	-	.	ID=Atsept16479.1.p1;Parent=Atsept16479^scaffold_4^-;Name="ORF type:complete (+),score=8.35"
Warning: unexpected tab character in last column, line truncated:
scaffold_4	transdecoder	gene	4300125	4306694	.	+	.	ID=Atsept16495^scaffold_4^+;Name="ORF type:complete (+),score=15.45"scaffold_4	transdecoder	mRNA	4300125	4306694	.	+	.	ID=Atsept16495.1.p2;Parent=Atsept16495^scaffold_4^+;Name="ORF type:complete (+),score=15.45"
Warning: unexpected tab character in last column, line truncated:
scaffold_4	transdecoder	gene	56639378	56642018	.	+	.	ID=Atsept16496^scaffold_4^+;Name="ORF type:complete (+),score=33.51"scaffold_4	transdecoder	mRNA	56639378	56642018	.	+	.	ID=Atsept16496.1.p1;Parent=Atsept16496^scaffold_4^+;Name="ORF type:complete (+),score=33.51"
Warning: unexpected tab character in last column, line truncated:
scaffold_4	transdecoder	gene	57493587	57496560	.	-	.	ID=Atsept16512^scaffold_4^-;Name="ORF type:complete (+),score=13.46"scaffold_4	transdecoder	mRNA	57493587	57496560	.	-	.	ID=Atsept16512.1.p1;Parent=Atsept16512^scaffold_4^-;Name="ORF type:complete (+),score=13.46"
Warning: unexpected tab character in last column, line truncated:
scaffold_4	transdecoder	gene	59469590	59486971	.	+	.	ID=Atsept16544^scaffold_4^+;Name="ORF type:complete (+),score=10.79"scaffold_4	transdecoder	mRNA	59469590	59486971	.	+	.	ID=Atsept16544.1.p1;Parent=Atsept16544^scaffold_4^+;Name="ORF type:complete (+),score=10.79"
Warning: unexpected tab character in last column, line truncated:
scaffold_4	transdecoder	gene	59607066	59652195	.	+	.	ID=Atsept16546^scaffold_4^+;Name="ORF type:complete (+),score=15.49"scaffold_4	transdecoder	mRNA	59607066	59652195	.	+	.	ID=Atsept16546.1.p1;Parent=Atsept16546^scaffold_4^+;Name="ORF type:complete (+),score=15.49"
Warning: unexpected tab character in last column, line truncated:
scaffold_4	transdecoder	gene	62759454	62763434	.	-	.	ID=Atsept16564^scaffold_4^-;Name="ORF type:complete (+),score=17.40"scaffold_4	transdecoder	mRNA	62759454	62763434	.	-	.	ID=Atsept16564.1.p4;Parent=Atsept16564^scaffold_4^-;Name="ORF type:complete (+),score=17.40"
Warning: unexpected tab character in last column, line truncated:
scaffold_4	transdecoder	gene	4701347	4734391	.	+	.	ID=Atsept16570^scaffold_4^+;Name="ORF type:complete (+),score=11.20"scaffold_4	transdecoder	mRNA	4701347	4734391	.	+	.	ID=Atsept16570.1.p1;Parent=Atsept16570^scaffold_4^+;Name="ORF type:complete (+),score=11.20"
Warning: unexpected tab character in last column, line truncated:
scaffold_4	transdecoder	gene	64417038	64425349	.	-	.	ID=Atsept16576^scaffold_4^-;Name="ORF type:complete (+),score=34.30"scaffold_4	transdecoder	mRNA	64417038	64425349	.	-	.	ID=Atsept16576.1.p1;Parent=Atsept16576^scaffold_4^-;Name="ORF type:complete (+),score=34.30"
Warning: unexpected tab character in last column, line truncated:
scaffold_4	transdecoder	gene	65187740	65189596	.	+	.	ID=Atsept16586^scaffold_4^+;Name="ORF type:complete (+),score=54.88"scaffold_4	transdecoder	mRNA	65187740	65189596	.	+	.	ID=Atsept16586.1.p1;Parent=Atsept16586^scaffold_4^+;Name="ORF type:complete (+),score=54.88"
Warning: unexpected tab character in last column, line truncated:
scaffold_4	transdecoder	gene	65197306	65219317	.	-	.	ID=Atsept16588^scaffold_4^-;Name="ORF type:complete (+),score=43.94"scaffold_4	transdecoder	mRNA	65197306	65219317	.	-	.	ID=Atsept16588.1.p3;Parent=Atsept16588^scaffold_4^-;Name="ORF type:complete (+),score=43.94"
Warning: unexpected tab character in last column, line truncated:
scaffold_4	transdecoder	gene	65815778	65816740	.	-	.	ID=Atsept16597^scaffold_4^-;Name="ORF type:complete (+),score=10.74"scaffold_4	transdecoder	mRNA	65815778	65816740	.	-	.	ID=Atsept16597.1.p1;Parent=Atsept16597^scaffold_4^-;Name="ORF type:complete (+),score=10.74"
Warning: unexpected tab character in last column, line truncated:
scaffold_4	transdecoder	gene	66369400	66393065	.	-	.	ID=Atsept16601^scaffold_4^-;Name="ORF type:complete (+),score=12.06"scaffold_4	transdecoder	mRNA	66369400	66393065	.	-	.	ID=Atsept16601.1.p1;Parent=Atsept16601^scaffold_4^-;Name="ORF type:complete (+),score=12.06"
Warning: unexpected tab character in last column, line truncated:
scaffold_4	transdecoder	gene	67205357	67212829	.	-	.	ID=Atsept16604^scaffold_4^-;Name="ORF type:complete (+),score=12.75"scaffold_4	transdecoder	mRNA	67205357	67212829	.	-	.	ID=Atsept16604.1.p1;Parent=Atsept16604^scaffold_4^-;Name="ORF type:complete (+),score=12.75"
Warning: unexpected tab character in last column, line truncated:
scaffold_4	transdecoder	gene	5113220	5132291	.	+	.	ID=Atsept16614^scaffold_4^+;Name="ORF type:complete (+),score=53.39"scaffold_4	transdecoder	mRNA	5113220	5132291	.	+	.	ID=Atsept16614.1.p2;Parent=Atsept16614^scaffold_4^+;Name="ORF type:complete (+),score=53.39"
Warning: unexpected tab character in last column, line truncated:
scaffold_4	transdecoder	gene	68271973	68277735	.	-	.	ID=Atsept16620^scaffold_4^-;Name="ORF type:5prime_partial (+),score=3.26"scaffold_4	transdecoder	mRNA	68271973	68277735	.	-	.	ID=Atsept16620.1.p1;Parent=Atsept16620^scaffold_4^-;Name="ORF type:5prime_partial (+),score=3.26"
Warning: unexpected tab character in last column, line truncated:
scaffold_4	transdecoder	gene	69668377	69671740	.	-	.	ID=Atsept16633^scaffold_4^-;Name="ORF type:complete (+),score=48.74"scaffold_4	transdecoder	mRNA	69668377	69671740	.	-	.	ID=Atsept16633.1.p1;Parent=Atsept16633^scaffold_4^-;Name="ORF type:complete (+),score=48.74"
Warning: unexpected tab character in last column, line truncated:
scaffold_4	transdecoder	gene	69839511	69846448	.	+	.	ID=Atsept16638^scaffold_4^+;Name="ORF type:complete (+),score=11.07"scaffold_4	transdecoder	mRNA	69839511	69846448	.	+	.	ID=Atsept16638.1.p2;Parent=Atsept16638^scaffold_4^+;Name="ORF type:complete (+),score=11.07"
Warning: unexpected tab character in last column, line truncated:
scaffold_4	transdecoder	gene	72225651	72228318	.	+	.	ID=Atsept16666^scaffold_4^+;Name="ORF type:complete (+),score=38.18"scaffold_4	transdecoder	mRNA	72225651	72228318	.	+	.	ID=Atsept16666.1.p2;Parent=Atsept16666^scaffold_4^+;Name="ORF type:complete (+),score=38.18"
Warning: unexpected tab character in last column, line truncated:
scaffold_4	transdecoder	gene	72945346	72949328	.	-	.	ID=Atsept16672^scaffold_4^-;Name="ORF type:complete (+),score=5.30"scaffold_4	transdecoder	mRNA	72945346	72949328	.	-	.	ID=Atsept16672.1.p15;Parent=Atsept16672^scaffold_4^-;Name="ORF type:complete (+),score=5.30"
Warning: unexpected tab character in last column, line truncated:
scaffold_4	transdecoder	gene	74411028	74426722	.	-	.	ID=Atsept16689^scaffold_4^-;Name="ORF type:5prime_partial (+),score=7.04"scaffold_4	transdecoder	mRNA	74411028	74426722	.	-	.	ID=Atsept16689.1.p1;Parent=Atsept16689^scaffold_4^-;Name="ORF type:5prime_partial (+),score=7.04"
Warning: unexpected tab character in last column, line truncated:
scaffold_4	transdecoder	gene	76884437	76910696	.	+	.	ID=Atsept16705^scaffold_4^+;Name="ORF type:complete (+),score=12.22"scaffold_4	transdecoder	mRNA	76884437	76910696	.	+	.	ID=Atsept16705.1.p1;Parent=Atsept16705^scaffold_4^+;Name="ORF type:complete (+),score=12.22"
Warning: unexpected tab character in last column, line truncated:
scaffold_4	transdecoder	gene	79533738	79539280	.	-	.	ID=Atsept16711^scaffold_4^-;Name="ORF type:complete (+),score=15.94"scaffold_4	transdecoder	mRNA	79533738	79539280	.	-	.	ID=Atsept16711.1.p2;Parent=Atsept16711^scaffold_4^-;Name="ORF type:complete (+),score=15.94"
Warning: unexpected tab character in last column, line truncated:
scaffold_4	transdecoder	gene	80228965	80269081	.	+	.	ID=Atsept16720^scaffold_4^+;Name="ORF type:complete (+),score=11.22"scaffold_4	transdecoder	mRNA	80228965	80269081	.	+	.	ID=Atsept16720.1.p4;Parent=Atsept16720^scaffold_4^+;Name="ORF type:complete (+),score=11.22"
Warning: unexpected tab character in last column, line truncated:
scaffold_4	transdecoder	gene	80648327	80656681	.	-	.	ID=Atsept16724^scaffold_4^-;Name="ORF type:complete (+),score=9.83"scaffold_4	transdecoder	mRNA	80648327	80656681	.	-	.	ID=Atsept16724.1.p7;Parent=Atsept16724^scaffold_4^-;Name="ORF type:complete (+),score=9.83"
Warning: unexpected tab character in last column, line truncated:
scaffold_4	transdecoder	gene	80886128	80913195	.	+	.	ID=Atsept16729^scaffold_4^+;Name="ORF type:complete (+),score=14.89"scaffold_4	transdecoder	mRNA	80886128	80913195	.	+	.	ID=Atsept16729.1.p5;Parent=Atsept16729^scaffold_4^+;Name="ORF type:complete (+),score=14.89"
Warning: unexpected tab character in last column, line truncated:
scaffold_4	transdecoder	gene	81876638	81991850	.	-	.	ID=Atsept16736^scaffold_4^-;Name="ORF type:5prime_partial (+),score=9.99"scaffold_4	transdecoder	mRNA	81876638	81991850	.	-	.	ID=Atsept16736.1.p3;Parent=Atsept16736^scaffold_4^-;Name="ORF type:5prime_partial (+),score=9.99"
Warning: unexpected tab character in last column, line truncated:
scaffold_4	transdecoder	gene	83640295	83650102	.	-	.	ID=Atsept16759^scaffold_4^-;Name="ORF type:5prime_partial (+),score=12.36"scaffold_4	transdecoder	mRNA	83640295	83650102	.	-	.	ID=Atsept16759.1.p2;Parent=Atsept16759^scaffold_4^-;Name="ORF type:5prime_partial (+),score=12.36"
Warning: unexpected tab character in last column, line truncated:
scaffold_4	transdecoder	gene	6196889	6223952	.	-	.	ID=Atsept16771^scaffold_4^-;Name="ORF type:complete (+),score=19.79"scaffold_4	transdecoder	mRNA	6196889	6223952	.	-	.	ID=Atsept16771.1.p3;Parent=Atsept16771^scaffold_4^-;Name="ORF type:complete (+),score=19.79"
Warning: unexpected tab character in last column, line truncated:
scaffold_4	transdecoder	gene	85539112	85569695	.	+	.	ID=Atsept16790^scaffold_4^+;Name="ORF type:complete (+),score=35.34"scaffold_4	transdecoder	mRNA	85539112	85569695	.	+	.	ID=Atsept16790.1.p1;Parent=Atsept16790^scaffold_4^+;Name="ORF type:complete (+),score=35.34"
Warning: unexpected tab character in last column, line truncated:
scaffold_4	transdecoder	gene	86979674	87041332	.	+	.	ID=Atsept16830^scaffold_4^+;Name="ORF type:5prime_partial (+),score=29.27"scaffold_4	transdecoder	mRNA	86979674	87041332	.	+	.	ID=Atsept16830.1.p2;Parent=Atsept16830^scaffold_4^+;Name="ORF type:5prime_partial (+),score=29.27"
Warning: unexpected tab character in last column, line truncated:
scaffold_4	transdecoder	gene	88794503	88823828	.	+	.	ID=Atsept16835^scaffold_4^+;Name="ORF type:complete (+),score=11.52"scaffold_4	transdecoder	mRNA	88794503	88823828	.	+	.	ID=Atsept16835.1.p3;Parent=Atsept16835^scaffold_4^+;Name="ORF type:complete (+),score=11.52"
Warning: unexpected tab character in last column, line truncated:
scaffold_4	transdecoder	gene	89703911	89707556	.	+	.	ID=Atsept16836^scaffold_4^+;Name="ORF type:complete (+),score=20.98"scaffold_4	transdecoder	mRNA	89703911	89707556	.	+	.	ID=Atsept16836.1.p1;Parent=Atsept16836^scaffold_4^+;Name="ORF type:complete (+),score=20.98"
Warning: unexpected tab character in last column, line truncated:
scaffold_4	transdecoder	gene	91283633	91286722	.	+	.	ID=Atsept16852^scaffold_4^+;Name="ORF type:complete (+),score=21.26"scaffold_4	transdecoder	mRNA	91283633	91286722	.	+	.	ID=Atsept16852.1.p3;Parent=Atsept16852^scaffold_4^+;Name="ORF type:complete (+),score=21.26"
Warning: unexpected tab character in last column, line truncated:
scaffold_4	transdecoder	gene	91324790	91326272	.	+	.	ID=Atsept16853^scaffold_4^+;Name="ORF type:5prime_partial (+),score=5.54"scaffold_4	transdecoder	mRNA	91324790	91326272	.	+	.	ID=Atsept16853.1.p3;Parent=Atsept16853^scaffold_4^+;Name="ORF type:5prime_partial (+),score=5.54"
Warning: unexpected tab character in last column, line truncated:
scaffold_4	transdecoder	gene	91487842	91488436	.	+	.	ID=Atsept16858^scaffold_4^+;Name="ORF type:5prime_partial (+),score=11.99"scaffold_4	transdecoder	mRNA	91487842	91488436	.	+	.	ID=Atsept16858.1.p2;Parent=Atsept16858^scaffold_4^+;Name="ORF type:5prime_partial (+),score=11.99"
Warning: unexpected tab character in last column, line truncated:
scaffold_4	transdecoder	gene	91922085	91925639	.	-	.	ID=Atsept16863^scaffold_4^-;Name="ORF type:complete (+),score=9.22"scaffold_4	transdecoder	mRNA	91922085	91925639	.	-	.	ID=Atsept16863.1.p1;Parent=Atsept16863^scaffold_4^-;Name="ORF type:complete (+),score=9.22"
Warning: unexpected tab character in last column, line truncated:
scaffold_4	transdecoder	gene	92192274	92192936	.	+	.	ID=Atsept16864^scaffold_4^+;Name="ORF type:complete (+),score=15.50"scaffold_4	transdecoder	mRNA	92192274	92192936	.	+	.	ID=Atsept16864.1.p1;Parent=Atsept16864^scaffold_4^+;Name="ORF type:complete (+),score=15.50"
Warning: unexpected tab character in last column, line truncated:
scaffold_4	transdecoder	gene	92487353	92515770	.	-	.	ID=Atsept16869^scaffold_4^-;Name="ORF type:complete (+),score=9.53"scaffold_4	transdecoder	mRNA	92487353	92515770	.	-	.	ID=Atsept16869.1.p1;Parent=Atsept16869^scaffold_4^-;Name="ORF type:complete (+),score=9.53"
Warning: unexpected tab character in last column, line truncated:
scaffold_4	transdecoder	gene	93261443	93267350	.	+	.	ID=Atsept16875^scaffold_4^+;Name="ORF type:complete (+),score=8.10"scaffold_4	transdecoder	mRNA	93261443	93267350	.	+	.	ID=Atsept16875.1.p3;Parent=Atsept16875^scaffold_4^+;Name="ORF type:complete (+),score=8.10"
Warning: unexpected tab character in last column, line truncated:
scaffold_4	transdecoder	gene	93606142	93614626	.	+	.	ID=Atsept16876^scaffold_4^+;Name="ORF type:complete (+),score=16.22"scaffold_4	transdecoder	mRNA	93606142	93614626	.	+	.	ID=Atsept16876.1.p2;Parent=Atsept16876^scaffold_4^+;Name="ORF type:complete (+),score=16.22"
Warning: unexpected tab character in last column, line truncated:
scaffold_4	transdecoder	gene	94619866	94630685	.	-	.	ID=Atsept16883^scaffold_4^-;Name="ORF type:complete (+),score=5.14"scaffold_4	transdecoder	mRNA	94619866	94630685	.	-	.	ID=Atsept16883.1.p2;Parent=Atsept16883^scaffold_4^-;Name="ORF type:complete (+),score=5.14"
Warning: unexpected tab character in last column, line truncated:
scaffold_4	transdecoder	gene	94914166	94918536	.	-	.	ID=Atsept16884^scaffold_4^-;Name="ORF type:complete (+),score=24.88"scaffold_4	transdecoder	mRNA	94914166	94918536	.	-	.	ID=Atsept16884.1.p1;Parent=Atsept16884^scaffold_4^-;Name="ORF type:complete (+),score=24.88"
Warning: unexpected tab character in last column, line truncated:
scaffold_4	transdecoder	gene	95294016	95315956	.	+	.	ID=Atsept16894^scaffold_4^+;Name="ORF type:complete (+),score=15.08"scaffold_4	transdecoder	mRNA	95294016	95315956	.	+	.	ID=Atsept16894.1.p1;Parent=Atsept16894^scaffold_4^+;Name="ORF type:complete (+),score=15.08"
Warning: unexpected tab character in last column, line truncated:
scaffold_5	transdecoder	gene	99914322	99929214	.	-	.	ID=Atsept16922^scaffold_5^-;Name="ORF type:complete (+),score=18.23"scaffold_5	transdecoder	mRNA	99914322	99929214	.	-	.	ID=Atsept16922.1.p2;Parent=Atsept16922^scaffold_5^-;Name="ORF type:complete (+),score=18.23"
Warning: unexpected tab character in last column, line truncated:
scaffold_5	transdecoder	gene	8323547	8326252	.	-	.	ID=Atsept16927^scaffold_5^-;Name="ORF type:complete (+),score=64.66"scaffold_5	transdecoder	mRNA	8323547	8326252	.	-	.	ID=Atsept16927.1.p1;Parent=Atsept16927^scaffold_5^-;Name="ORF type:complete (+),score=64.66"
Warning: unexpected tab character in last column, line truncated:
scaffold_5	transdecoder	gene	8332255	8335995	.	+	.	ID=Atsept16938^scaffold_5^+;Name="ORF type:complete (-),score=13.25"scaffold_5	transdecoder	mRNA	8332255	8335995	.	+	.	ID=Atsept16938.1.p9;Parent=Atsept16938^scaffold_5^+;Name="ORF type:complete (-),score=13.25"
Warning: unexpected tab character in last column, line truncated:
scaffold_5	transdecoder	gene	8332255	8335995	.	-	.	ID=Atsept16938^scaffold_5^-;Name="ORF type:complete (+),score=94.96"scaffold_5	transdecoder	mRNA	8332255	8335995	.	-	.	ID=Atsept16938.1.p2;Parent=Atsept16938^scaffold_5^-;Name="ORF type:complete (+),score=94.96"
Warning: unexpected tab character in last column, line truncated:
scaffold_5	transdecoder	gene	101399735	101412213	.	-	.	ID=Atsept16953^scaffold_5^-;Name="ORF type:complete (+),score=16.60"scaffold_5	transdecoder	mRNA	101399735	101412213	.	-	.	ID=Atsept16953.1.p1;Parent=Atsept16953^scaffold_5^-;Name="ORF type:complete (+),score=16.60"
Warning: unexpected tab character in last column, line truncated:
scaffold_5	transdecoder	gene	102285407	102289528	.	+	.	ID=Atsept16969^scaffold_5^+;Name="ORF type:complete (-),score=9.87"scaffold_5	transdecoder	mRNA	102285407	102289528	.	+	.	ID=Atsept16969.1.p4;Parent=Atsept16969^scaffold_5^+;Name="ORF type:complete (-),score=9.87"
Warning: unexpected tab character in last column, line truncated:
scaffold_5	transdecoder	gene	102285407	102289528	.	-	.	ID=Atsept16969^scaffold_5^-;Name="ORF type:5prime_partial (+),score=38.93"scaffold_5	transdecoder	mRNA	102285407	102289528	.	-	.	ID=Atsept16969.1.p3;Parent=Atsept16969^scaffold_5^-;Name="ORF type:5prime_partial (+),score=38.93"
Warning: unexpected tab character in last column, line truncated:
scaffold_5	transdecoder	gene	103154542	103163452	.	-	.	ID=Atsept16979^scaffold_5^-;Name="ORF type:complete (+),score=29.84"scaffold_5	transdecoder	mRNA	103154542	103163452	.	-	.	ID=Atsept16979.1.p2;Parent=Atsept16979^scaffold_5^-;Name="ORF type:complete (+),score=29.84"
Warning: unexpected tab character in last column, line truncated:
scaffold_5	transdecoder	gene	8616597	8618094	.	+	.	ID=Atsept17004^scaffold_5^+;Name="ORF type:5prime_partial (+),score=40.30"scaffold_5	transdecoder	mRNA	8616597	8618094	.	+	.	ID=Atsept17004.1.p2;Parent=Atsept17004^scaffold_5^+;Name="ORF type:5prime_partial (+),score=40.30"
Warning: unexpected tab character in last column, line truncated:
scaffold_5	transdecoder	gene	104230551	104236145	.	-	.	ID=Atsept17020^scaffold_5^-;Name="ORF type:complete (+),score=13.76"scaffold_5	transdecoder	mRNA	104230551	104236145	.	-	.	ID=Atsept17020.1.p2;Parent=Atsept17020^scaffold_5^-;Name="ORF type:complete (+),score=13.76"
Warning: unexpected tab character in last column, line truncated:
scaffold_5	transdecoder	gene	8656245	8667109	.	+	.	ID=Atsept17027^scaffold_5^+;Name="ORF type:complete (+),score=26.94"scaffold_5	transdecoder	mRNA	8656245	8667109	.	+	.	ID=Atsept17027.1.p1;Parent=Atsept17027^scaffold_5^+;Name="ORF type:complete (+),score=26.94"
Warning: unexpected tab character in last column, line truncated:
scaffold_5	transdecoder	gene	104622445	104632756	.	+	.	ID=Atsept17028^scaffold_5^+;Name="ORF type:complete (+),score=3.76"scaffold_5	transdecoder	mRNA	104622445	104632756	.	+	.	ID=Atsept17028.1.p3;Parent=Atsept17028^scaffold_5^+;Name="ORF type:complete (+),score=3.76"
Warning: unexpected tab character in last column, line truncated:
scaffold_5	transdecoder	gene	105022941	105023967	.	+	.	ID=Atsept17040^scaffold_5^+;Name="ORF type:complete (+),score=8.89"scaffold_5	transdecoder	mRNA	105022941	105023967	.	+	.	ID=Atsept17040.1.p2;Parent=Atsept17040^scaffold_5^+;Name="ORF type:complete (+),score=8.89"
Warning: unexpected tab character in last column, line truncated:
scaffold_5	transdecoder	gene	105121119	105122766	.	+	.	ID=Atsept17043^scaffold_5^+;Name="ORF type:complete (+),score=15.69"scaffold_5	transdecoder	mRNA	105121119	105122766	.	+	.	ID=Atsept17043.1.p1;Parent=Atsept17043^scaffold_5^+;Name="ORF type:complete (+),score=15.69"
Warning: unexpected tab character in last column, line truncated:
scaffold_5	transdecoder	gene	106770431	106772191	.	+	.	ID=Atsept17087^scaffold_5^+;Name="ORF type:complete (+),score=21.37"scaffold_5	transdecoder	mRNA	106770431	106772191	.	+	.	ID=Atsept17087.1.p1;Parent=Atsept17087^scaffold_5^+;Name="ORF type:complete (+),score=21.37"
Warning: unexpected tab character in last column, line truncated:
scaffold_5	transdecoder	gene	107427971	107436133	.	-	.	ID=Atsept17115^scaffold_5^-;Name="ORF type:5prime_partial (+),score=8.86"scaffold_5	transdecoder	mRNA	107427971	107436133	.	-	.	ID=Atsept17115.1.p1;Parent=Atsept17115^scaffold_5^-;Name="ORF type:5prime_partial (+),score=8.86"
Warning: unexpected tab character in last column, line truncated:
scaffold_5	transdecoder	gene	107967126	107986543	.	-	.	ID=Atsept17130^scaffold_5^-;Name="ORF type:complete (+),score=41.58"scaffold_5	transdecoder	mRNA	107967126	107986543	.	-	.	ID=Atsept17130.1.p2;Parent=Atsept17130^scaffold_5^-;Name="ORF type:complete (+),score=41.58"
Warning: unexpected tab character in last column, line truncated:
scaffold_5	transdecoder	gene	108922243	108927306	.	+	.	ID=Atsept17144^scaffold_5^+;Name="ORF type:complete (+),score=26.13"scaffold_5	transdecoder	mRNA	108922243	108927306	.	+	.	ID=Atsept17144.1.p2;Parent=Atsept17144^scaffold_5^+;Name="ORF type:complete (+),score=26.13"
Warning: unexpected tab character in last column, line truncated:
scaffold_5	transdecoder	gene	109359286	109373516	.	+	.	ID=Atsept17148^scaffold_5^+;Name="ORF type:complete (+),score=10.30"scaffold_5	transdecoder	mRNA	109359286	109373516	.	+	.	ID=Atsept17148.1.p4;Parent=Atsept17148^scaffold_5^+;Name="ORF type:complete (+),score=10.30"
Warning: unexpected tab character in last column, line truncated:
scaffold_5	transdecoder	gene	109930473	109930986	.	-	.	ID=Atsept17149^scaffold_5^-;Name="ORF type:5prime_partial (-),score=11.54"scaffold_5	transdecoder	mRNA	109930473	109930986	.	-	.	ID=Atsept17149.1.p3;Parent=Atsept17149^scaffold_5^-;Name="ORF type:5prime_partial (-),score=11.54"
Warning: unexpected tab character in last column, line truncated:
scaffold_5	transdecoder	gene	110455124	110542084	.	-	.	ID=Atsept17153^scaffold_5^-;Name="ORF type:complete (+),score=42.78"scaffold_5	transdecoder	mRNA	110455124	110542084	.	-	.	ID=Atsept17153.1.p1;Parent=Atsept17153^scaffold_5^-;Name="ORF type:complete (+),score=42.78"
Warning: unexpected tab character in last column, line truncated:
scaffold_5	transdecoder	gene	110943626	110971621	.	-	.	ID=Atsept17164^scaffold_5^-;Name="ORF type:5prime_partial (+),score=2.73"scaffold_5	transdecoder	mRNA	110943626	110971621	.	-	.	ID=Atsept17164.1.p5;Parent=Atsept17164^scaffold_5^-;Name="ORF type:5prime_partial (+),score=2.73"
Warning: unexpected tab character in last column, line truncated:
scaffold_5	transdecoder	gene	111895220	111902985	.	-	.	ID=Atsept17189^scaffold_5^-;Name="ORF type:complete (+),score=34.71"scaffold_5	transdecoder	mRNA	111895220	111902985	.	-	.	ID=Atsept17189.1.p2;Parent=Atsept17189^scaffold_5^-;Name="ORF type:complete (+),score=34.71"
Warning: unexpected tab character in last column, line truncated:
scaffold_5	transdecoder	gene	111914677	111921514	.	+	.	ID=Atsept17190^scaffold_5^+;Name="ORF type:complete (+),score=17.58"scaffold_5	transdecoder	mRNA	111914677	111921514	.	+	.	ID=Atsept17190.1.p2;Parent=Atsept17190^scaffold_5^+;Name="ORF type:complete (+),score=17.58"
Warning: unexpected tab character in last column, line truncated:
scaffold_5	transdecoder	gene	9896290	9900012	.	-	.	ID=Atsept17221^scaffold_5^-;Name="ORF type:complete (+),score=10.55"scaffold_5	transdecoder	mRNA	9896290	9900012	.	-	.	ID=Atsept17221.1.p1;Parent=Atsept17221^scaffold_5^-;Name="ORF type:complete (+),score=10.55"
Warning: unexpected tab character in last column, line truncated:
scaffold_5	transdecoder	gene	113073274	113094623	.	+	.	ID=Atsept17224^scaffold_5^+;Name="ORF type:complete (+),score=36.37"scaffold_5	transdecoder	mRNA	113073274	113094623	.	+	.	ID=Atsept17224.1.p2;Parent=Atsept17224^scaffold_5^+;Name="ORF type:complete (+),score=36.37"
Warning: unexpected tab character in last column, line truncated:
scaffold_5	transdecoder	gene	114580083	114592128	.	+	.	ID=Atsept17247^scaffold_5^+;Name="ORF type:complete (+),score=8.73"scaffold_5	transdecoder	mRNA	114580083	114592128	.	+	.	ID=Atsept17247.1.p2;Parent=Atsept17247^scaffold_5^+;Name="ORF type:complete (+),score=8.73"
Warning: unexpected tab character in last column, line truncated:
scaffold_5	transdecoder	gene	114853100	114862763	.	+	.	ID=Atsept17251^scaffold_5^+;Name="ORF type:complete (+),score=19.11"scaffold_5	transdecoder	mRNA	114853100	114862763	.	+	.	ID=Atsept17251.1.p5;Parent=Atsept17251^scaffold_5^+;Name="ORF type:complete (+),score=19.11"
Warning: unexpected tab character in last column, line truncated:
scaffold_5	transdecoder	gene	10631729	10633329	.	-	.	ID=Atsept17258^scaffold_5^-;Name="ORF type:internal (+),score=25.45"scaffold_5	transdecoder	mRNA	10631729	10633329	.	-	.	ID=Atsept17258.1.p1;Parent=Atsept17258^scaffold_5^-;Name="ORF type:internal (+),score=25.45"
Warning: unexpected tab character in last column, line truncated:
scaffold_5	transdecoder	gene	10756747	10763369	.	+	.	ID=Atsept17259^scaffold_5^+;Name="ORF type:complete (+),score=10.60"scaffold_5	transdecoder	mRNA	10756747	10763369	.	+	.	ID=Atsept17259.1.p1;Parent=Atsept17259^scaffold_5^+;Name="ORF type:complete (+),score=10.60"
Warning: unexpected tab character in last column, line truncated:
scaffold_5	transdecoder	gene	10805321	10813250	.	+	.	ID=Atsept17262^scaffold_5^+;Name="ORF type:3prime_partial (+),score=11.46"scaffold_5	transdecoder	mRNA	10805321	10813250	.	+	.	ID=Atsept17262.1.p1;Parent=Atsept17262^scaffold_5^+;Name="ORF type:3prime_partial (+),score=11.46"
Warning: unexpected tab character in last column, line truncated:
scaffold_5	transdecoder	gene	10863045	10873767	.	+	.	ID=Atsept17264^scaffold_5^+;Name="ORF type:5prime_partial (+),score=14.07"scaffold_5	transdecoder	mRNA	10863045	10873767	.	+	.	ID=Atsept17264.1.p1;Parent=Atsept17264^scaffold_5^+;Name="ORF type:5prime_partial (+),score=14.07"
Warning: unexpected tab character in last column, line truncated:
scaffold_5	transdecoder	gene	11373980	11394080	.	-	.	ID=Atsept17271^scaffold_5^-;Name="ORF type:complete (+),score=7.60"scaffold_5	transdecoder	mRNA	11373980	11394080	.	-	.	ID=Atsept17271.1.p1;Parent=Atsept17271^scaffold_5^-;Name="ORF type:complete (+),score=7.60"
Warning: unexpected tab character in last column, line truncated:
scaffold_5	transdecoder	gene	11468660	11472261	.	+	.	ID=Atsept17272^scaffold_5^+;Name="ORF type:complete (+),score=4.75"scaffold_5	transdecoder	mRNA	11468660	11472261	.	+	.	ID=Atsept17272.1.p10;Parent=Atsept17272^scaffold_5^+;Name="ORF type:complete (+),score=4.75"
Warning: unexpected tab character in last column, line truncated:
scaffold_5	transdecoder	gene	12367731	12368017	.	-	.	ID=Atsept17283^scaffold_5^-;Name="ORF type:complete (+),score=32.18"scaffold_5	transdecoder	mRNA	12367731	12368017	.	-	.	ID=Atsept17283.1.p1;Parent=Atsept17283^scaffold_5^-;Name="ORF type:complete (+),score=32.18"
Warning: unexpected tab character in last column, line truncated:
scaffold_5	transdecoder	gene	1547154	1548505	.	-	.	ID=Atsept17285^scaffold_5^-;Name="ORF type:complete (+),score=79.35"scaffold_5	transdecoder	mRNA	1547154	1548505	.	-	.	ID=Atsept17285.1.p1;Parent=Atsept17285^scaffold_5^-;Name="ORF type:complete (+),score=79.35"
Warning: unexpected tab character in last column, line truncated:
scaffold_5	transdecoder	gene	14404636	14407072	.	+	.	ID=Atsept17305^scaffold_5^+;Name="ORF type:complete (+),score=23.41"scaffold_5	transdecoder	mRNA	14404636	14407072	.	+	.	ID=Atsept17305.1.p1;Parent=Atsept17305^scaffold_5^+;Name="ORF type:complete (+),score=23.41"
Warning: unexpected tab character in last column, line truncated:
scaffold_5	transdecoder	gene	16225832	16234762	.	-	.	ID=Atsept17327^scaffold_5^-;Name="ORF type:complete (+),score=14.26"scaffold_5	transdecoder	mRNA	16225832	16234762	.	-	.	ID=Atsept17327.1.p1;Parent=Atsept17327^scaffold_5^-;Name="ORF type:complete (+),score=14.26"
Warning: unexpected tab character in last column, line truncated:
scaffold_5	transdecoder	gene	2569149	2571884	.	+	.	ID=Atsept17328^scaffold_5^+;Name="ORF type:complete (+),score=23.52"scaffold_5	transdecoder	mRNA	2569149	2571884	.	+	.	ID=Atsept17328.1.p7;Parent=Atsept17328^scaffold_5^+;Name="ORF type:complete (+),score=23.52"
Warning: unexpected tab character in last column, line truncated:
scaffold_5	transdecoder	gene	2569149	2571884	.	-	.	ID=Atsept17328^scaffold_5^-;Name="ORF type:complete (-),score=5.29"scaffold_5	transdecoder	mRNA	2569149	2571884	.	-	.	ID=Atsept17328.1.p12;Parent=Atsept17328^scaffold_5^-;Name="ORF type:complete (-),score=5.29"
Warning: unexpected tab character in last column, line truncated:
scaffold_5	transdecoder	gene	16430295	16473528	.	-	.	ID=Atsept17333^scaffold_5^-;Name="ORF type:5prime_partial (+),score=35.72"scaffold_5	transdecoder	mRNA	16430295	16473528	.	-	.	ID=Atsept17333.1.p1;Parent=Atsept17333^scaffold_5^-;Name="ORF type:5prime_partial (+),score=35.72"
Warning: unexpected tab character in last column, line truncated:
scaffold_5	transdecoder	gene	17635451	17643839	.	+	.	ID=Atsept17345^scaffold_5^+;Name="ORF type:complete (+),score=52.52"scaffold_5	transdecoder	mRNA	17635451	17643839	.	+	.	ID=Atsept17345.1.p1;Parent=Atsept17345^scaffold_5^+;Name="ORF type:complete (+),score=52.52"
Warning: unexpected tab character in last column, line truncated:
scaffold_5	transdecoder	gene	17894134	17895257	.	-	.	ID=Atsept17348^scaffold_5^-;Name="ORF type:complete (+),score=60.04"scaffold_5	transdecoder	mRNA	17894134	17895257	.	-	.	ID=Atsept17348.1.p2;Parent=Atsept17348^scaffold_5^-;Name="ORF type:complete (+),score=60.04"
Warning: unexpected tab character in last column, line truncated:
scaffold_5	transdecoder	gene	2704909	2707123	.	-	.	ID=Atsept17351^scaffold_5^-;Name="ORF type:complete (+),score=13.79"scaffold_5	transdecoder	mRNA	2704909	2707123	.	-	.	ID=Atsept17351.1.p2;Parent=Atsept17351^scaffold_5^-;Name="ORF type:complete (+),score=13.79"
Warning: unexpected tab character in last column, line truncated:
scaffold_5	transdecoder	gene	18928897	18930202	.	+	.	ID=Atsept17355^scaffold_5^+;Name="ORF type:complete (+),score=12.64"scaffold_5	transdecoder	mRNA	18928897	18930202	.	+	.	ID=Atsept17355.1.p2;Parent=Atsept17355^scaffold_5^+;Name="ORF type:complete (+),score=12.64"
Warning: unexpected tab character in last column, line truncated:
scaffold_5	transdecoder	gene	2875967	2877415	.	+	.	ID=Atsept17362^scaffold_5^+;Name="ORF type:5prime_partial (+),score=21.57"scaffold_5	transdecoder	mRNA	2875967	2877415	.	+	.	ID=Atsept17362.1.p2;Parent=Atsept17362^scaffold_5^+;Name="ORF type:5prime_partial (+),score=21.57"
Warning: unexpected tab character in last column, line truncated:
scaffold_5	transdecoder	gene	19793433	19799964	.	+	.	ID=Atsept17368^scaffold_5^+;Name="ORF type:complete (+),score=8.60"scaffold_5	transdecoder	mRNA	19793433	19799964	.	+	.	ID=Atsept17368.1.p1;Parent=Atsept17368^scaffold_5^+;Name="ORF type:complete (+),score=8.60"
Warning: unexpected tab character in last column, line truncated:
scaffold_5	transdecoder	gene	20815133	20835409	.	+	.	ID=Atsept17375^scaffold_5^+;Name="ORF type:complete (+),score=6.83"scaffold_5	transdecoder	mRNA	20815133	20835409	.	+	.	ID=Atsept17375.1.p1;Parent=Atsept17375^scaffold_5^+;Name="ORF type:complete (+),score=6.83"
Warning: unexpected tab character in last column, line truncated:
scaffold_5	transdecoder	gene	21983304	22044948	.	+	.	ID=Atsept17379^scaffold_5^+;Name="ORF type:5prime_partial (+),score=11.11"scaffold_5	transdecoder	mRNA	21983304	22044948	.	+	.	ID=Atsept17379.1.p1;Parent=Atsept17379^scaffold_5^+;Name="ORF type:5prime_partial (+),score=11.11"
Warning: unexpected tab character in last column, line truncated:
scaffold_5	transdecoder	gene	23594470	23596118	.	-	.	ID=Atsept17388^scaffold_5^-;Name="ORF type:complete (+),score=14.08"scaffold_5	transdecoder	mRNA	23594470	23596118	.	-	.	ID=Atsept17388.1.p1;Parent=Atsept17388^scaffold_5^-;Name="ORF type:complete (+),score=14.08"
Warning: unexpected tab character in last column, line truncated:
scaffold_5	transdecoder	gene	23853112	23853750	.	-	.	ID=Atsept17391^scaffold_5^-;Name="ORF type:complete (+),score=9.73"scaffold_5	transdecoder	mRNA	23853112	23853750	.	-	.	ID=Atsept17391.1.p1;Parent=Atsept17391^scaffold_5^-;Name="ORF type:complete (+),score=9.73"
Warning: unexpected tab character in last column, line truncated:
scaffold_5	transdecoder	gene	24013139	24018379	.	+	.	ID=Atsept17392^scaffold_5^+;Name="ORF type:complete (+),score=18.94"scaffold_5	transdecoder	mRNA	24013139	24018379	.	+	.	ID=Atsept17392.1.p4;Parent=Atsept17392^scaffold_5^+;Name="ORF type:complete (+),score=18.94"
Warning: unexpected tab character in last column, line truncated:
scaffold_5	transdecoder	gene	24374612	24376936	.	+	.	ID=Atsept17410^scaffold_5^+;Name="ORF type:complete (+),score=15.87"scaffold_5	transdecoder	mRNA	24374612	24376936	.	+	.	ID=Atsept17410.1.p2;Parent=Atsept17410^scaffold_5^+;Name="ORF type:complete (+),score=15.87"
Warning: unexpected tab character in last column, line truncated:
scaffold_5	transdecoder	gene	2937311	2940767	.	-	.	ID=Atsept17418^scaffold_5^-;Name="ORF type:5prime_partial (+),score=14.81"scaffold_5	transdecoder	mRNA	2937311	2940767	.	-	.	ID=Atsept17418.1.p2;Parent=Atsept17418^scaffold_5^-;Name="ORF type:5prime_partial (+),score=14.81"
Warning: unexpected tab character in last column, line truncated:
scaffold_5	transdecoder	gene	24905101	24914573	.	+	.	ID=Atsept17421^scaffold_5^+;Name="ORF type:complete (+),score=10.64"scaffold_5	transdecoder	mRNA	24905101	24914573	.	+	.	ID=Atsept17421.1.p1;Parent=Atsept17421^scaffold_5^+;Name="ORF type:complete (+),score=10.64"
Warning: unexpected tab character in last column, line truncated:
scaffold_5	transdecoder	gene	25533679	25535149	.	+	.	ID=Atsept17430^scaffold_5^+;Name="ORF type:complete (+),score=75.42"scaffold_5	transdecoder	mRNA	25533679	25535149	.	+	.	ID=Atsept17430.1.p1;Parent=Atsept17430^scaffold_5^+;Name="ORF type:complete (+),score=75.42"
Warning: unexpected tab character in last column, line truncated:
scaffold_5	transdecoder	gene	25557476	25558683	.	+	.	ID=Atsept17431^scaffold_5^+;Name="ORF type:complete (+),score=75.42"scaffold_5	transdecoder	mRNA	25557476	25558683	.	+	.	ID=Atsept17431.1.p1;Parent=Atsept17431^scaffold_5^+;Name="ORF type:complete (+),score=75.42"
Warning: unexpected tab character in last column, line truncated:
scaffold_5	transdecoder	gene	25968187	25973325	.	+	.	ID=Atsept17436^scaffold_5^+;Name="ORF type:complete (+),score=9.95"scaffold_5	transdecoder	mRNA	25968187	25973325	.	+	.	ID=Atsept17436.1.p2;Parent=Atsept17436^scaffold_5^+;Name="ORF type:complete (+),score=9.95"
Warning: unexpected tab character in last column, line truncated:
scaffold_5	transdecoder	gene	27760993	27762797	.	-	.	ID=Atsept17461^scaffold_5^-;Name="ORF type:complete (+),score=6.60"scaffold_5	transdecoder	mRNA	27760993	27762797	.	-	.	ID=Atsept17461.1.p6;Parent=Atsept17461^scaffold_5^-;Name="ORF type:complete (+),score=6.60"
Warning: unexpected tab character in last column, line truncated:
scaffold_5	transdecoder	gene	28057221	28071398	.	+	.	ID=Atsept17466^scaffold_5^+;Name="ORF type:5prime_partial (+),score=27.70"scaffold_5	transdecoder	mRNA	28057221	28071398	.	+	.	ID=Atsept17466.1.p1;Parent=Atsept17466^scaffold_5^+;Name="ORF type:5prime_partial (+),score=27.70"
Warning: unexpected tab character in last column, line truncated:
scaffold_5	transdecoder	gene	28933498	28934154	.	+	.	ID=Atsept17475^scaffold_5^+;Name="ORF type:5prime_partial (+),score=29.40"scaffold_5	transdecoder	mRNA	28933498	28934154	.	+	.	ID=Atsept17475.1.p2;Parent=Atsept17475^scaffold_5^+;Name="ORF type:5prime_partial (+),score=29.40"
Warning: unexpected tab character in last column, line truncated:
scaffold_5	transdecoder	gene	28956789	28958285	.	+	.	ID=Atsept17478^scaffold_5^+;Name="ORF type:5prime_partial (+),score=42.91"scaffold_5	transdecoder	mRNA	28956789	28958285	.	+	.	ID=Atsept17478.1.p3;Parent=Atsept17478^scaffold_5^+;Name="ORF type:5prime_partial (+),score=42.91"
Warning: unexpected tab character in last column, line truncated:
scaffold_5	transdecoder	gene	29009051	29015723	.	+	.	ID=Atsept17481^scaffold_5^+;Name="ORF type:complete (+),score=18.17"scaffold_5	transdecoder	mRNA	29009051	29015723	.	+	.	ID=Atsept17481.1.p1;Parent=Atsept17481^scaffold_5^+;Name="ORF type:complete (+),score=18.17"
Warning: unexpected tab character in last column, line truncated:
scaffold_5	transdecoder	gene	30270154	30271436	.	+	.	ID=Atsept17485^scaffold_5^+;Name="ORF type:complete (+),score=52.60"scaffold_5	transdecoder	mRNA	30270154	30271436	.	+	.	ID=Atsept17485.1.p2;Parent=Atsept17485^scaffold_5^+;Name="ORF type:complete (+),score=52.60"
Warning: unexpected tab character in last column, line truncated:
scaffold_5	transdecoder	gene	30690764	30701195	.	-	.	ID=Atsept17486^scaffold_5^-;Name="ORF type:complete (+),score=14.20"scaffold_5	transdecoder	mRNA	30690764	30701195	.	-	.	ID=Atsept17486.1.p1;Parent=Atsept17486^scaffold_5^-;Name="ORF type:complete (+),score=14.20"
Warning: unexpected tab character in last column, line truncated:
scaffold_5	transdecoder	gene	31262345	31268890	.	+	.	ID=Atsept17487^scaffold_5^+;Name="ORF type:complete (+),score=21.32"scaffold_5	transdecoder	mRNA	31262345	31268890	.	+	.	ID=Atsept17487.1.p1;Parent=Atsept17487^scaffold_5^+;Name="ORF type:complete (+),score=21.32"
Warning: unexpected tab character in last column, line truncated:
scaffold_5	transdecoder	gene	31649973	31665764	.	+	.	ID=Atsept17488^scaffold_5^+;Name="ORF type:complete (+),score=14.97"scaffold_5	transdecoder	mRNA	31649973	31665764	.	+	.	ID=Atsept17488.1.p3;Parent=Atsept17488^scaffold_5^+;Name="ORF type:complete (+),score=14.97"
Warning: unexpected tab character in last column, line truncated:
scaffold_5	transdecoder	gene	31665971	31696549	.	-	.	ID=Atsept17489^scaffold_5^-;Name="ORF type:complete (+),score=14.27"scaffold_5	transdecoder	mRNA	31665971	31696549	.	-	.	ID=Atsept17489.1.p1;Parent=Atsept17489^scaffold_5^-;Name="ORF type:complete (+),score=14.27"
Warning: unexpected tab character in last column, line truncated:
scaffold_5	transdecoder	gene	32009503	32023879	.	-	.	ID=Atsept17492^scaffold_5^-;Name="ORF type:complete (+),score=13.02"scaffold_5	transdecoder	mRNA	32009503	32023879	.	-	.	ID=Atsept17492.1.p1;Parent=Atsept17492^scaffold_5^-;Name="ORF type:complete (+),score=13.02"
Warning: unexpected tab character in last column, line truncated:
scaffold_5	transdecoder	gene	3171636	3190428	.	+	.	ID=Atsept17495^scaffold_5^+;Name="ORF type:complete (+),score=1009.68"scaffold_5	transdecoder	mRNA	3171636	3190428	.	+	.	ID=Atsept17495.1.p1;Parent=Atsept17495^scaffold_5^+;Name="ORF type:complete (+),score=1009.68"
Warning: unexpected tab character in last column, line truncated:
scaffold_5	transdecoder	gene	32795958	32804324	.	-	.	ID=Atsept17500^scaffold_5^-;Name="ORF type:complete (+),score=24.39"scaffold_5	transdecoder	mRNA	32795958	32804324	.	-	.	ID=Atsept17500.1.p1;Parent=Atsept17500^scaffold_5^-;Name="ORF type:complete (+),score=24.39"
Warning: unexpected tab character in last column, line truncated:
scaffold_5	transdecoder	gene	33117122	33347858	.	-	.	ID=Atsept17502^scaffold_5^-;Name="ORF type:complete (+),score=5.27"scaffold_5	transdecoder	mRNA	33117122	33347858	.	-	.	ID=Atsept17502.1.p2;Parent=Atsept17502^scaffold_5^-;Name="ORF type:complete (+),score=5.27"
Warning: unexpected tab character in last column, line truncated:
scaffold_5	transdecoder	gene	34411562	34413334	.	+	.	ID=Atsept17504^scaffold_5^+;Name="ORF type:complete (+),score=21.72"scaffold_5	transdecoder	mRNA	34411562	34413334	.	+	.	ID=Atsept17504.1.p1;Parent=Atsept17504^scaffold_5^+;Name="ORF type:complete (+),score=21.72"
Warning: unexpected tab character in last column, line truncated:
scaffold_5	transdecoder	gene	35437274	35441631	.	+	.	ID=Atsept17523^scaffold_5^+;Name="ORF type:complete (+),score=141.67"scaffold_5	transdecoder	mRNA	35437274	35441631	.	+	.	ID=Atsept17523.1.p2;Parent=Atsept17523^scaffold_5^+;Name="ORF type:complete (+),score=141.67"
Warning: unexpected tab character in last column, line truncated:
scaffold_5	transdecoder	gene	35437274	35441631	.	-	.	ID=Atsept17523^scaffold_5^-;Name="ORF type:3prime_partial (-),score=17.16"scaffold_5	transdecoder	mRNA	35437274	35441631	.	-	.	ID=Atsept17523.1.p3;Parent=Atsept17523^scaffold_5^-;Name="ORF type:3prime_partial (-),score=17.16"
Warning: unexpected tab character in last column, line truncated:
scaffold_5	transdecoder	gene	36691441	36733678	.	-	.	ID=Atsept17536^scaffold_5^-;Name="ORF type:complete (+),score=31.19"scaffold_5	transdecoder	mRNA	36691441	36733678	.	-	.	ID=Atsept17536.1.p2;Parent=Atsept17536^scaffold_5^-;Name="ORF type:complete (+),score=31.19"
Warning: unexpected tab character in last column, line truncated:
scaffold_5	transdecoder	gene	36735762	36758356	.	-	.	ID=Atsept17537^scaffold_5^-;Name="ORF type:complete (+),score=45.48"scaffold_5	transdecoder	mRNA	36735762	36758356	.	-	.	ID=Atsept17537.1.p2;Parent=Atsept17537^scaffold_5^-;Name="ORF type:complete (+),score=45.48"
Warning: unexpected tab character in last column, line truncated:
scaffold_5	transdecoder	gene	37828218	37836412	.	-	.	ID=Atsept17558^scaffold_5^-;Name="ORF type:complete (+),score=18.20"scaffold_5	transdecoder	mRNA	37828218	37836412	.	-	.	ID=Atsept17558.1.p1;Parent=Atsept17558^scaffold_5^-;Name="ORF type:complete (+),score=18.20"
Warning: unexpected tab character in last column, line truncated:
scaffold_5	transdecoder	gene	38642924	38646901	.	+	.	ID=Atsept17579^scaffold_5^+;Name="ORF type:complete (+),score=14.35"scaffold_5	transdecoder	mRNA	38642924	38646901	.	+	.	ID=Atsept17579.1.p1;Parent=Atsept17579^scaffold_5^+;Name="ORF type:complete (+),score=14.35"
Warning: unexpected tab character in last column, line truncated:
scaffold_5	transdecoder	gene	39437637	39452717	.	+	.	ID=Atsept17589^scaffold_5^+;Name="ORF type:complete (+),score=17.02"scaffold_5	transdecoder	mRNA	39437637	39452717	.	+	.	ID=Atsept17589.1.p1;Parent=Atsept17589^scaffold_5^+;Name="ORF type:complete (+),score=17.02"
Warning: unexpected tab character in last column, line truncated:
scaffold_5	transdecoder	gene	39881159	39882565	.	+	.	ID=Atsept17592^scaffold_5^+;Name="ORF type:complete (+),score=9.57"scaffold_5	transdecoder	mRNA	39881159	39882565	.	+	.	ID=Atsept17592.1.p2;Parent=Atsept17592^scaffold_5^+;Name="ORF type:complete (+),score=9.57"
Warning: unexpected tab character in last column, line truncated:
scaffold_5	transdecoder	gene	41078632	41108201	.	+	.	ID=Atsept17612^scaffold_5^+;Name="ORF type:complete (+),score=17.90"scaffold_5	transdecoder	mRNA	41078632	41108201	.	+	.	ID=Atsept17612.1.p1;Parent=Atsept17612^scaffold_5^+;Name="ORF type:complete (+),score=17.90"
Warning: unexpected tab character in last column, line truncated:
scaffold_5	transdecoder	gene	42714529	42715852	.	-	.	ID=Atsept17619^scaffold_5^-;Name="ORF type:complete (+),score=5.31"scaffold_5	transdecoder	mRNA	42714529	42715852	.	-	.	ID=Atsept17619.1.p2;Parent=Atsept17619^scaffold_5^-;Name="ORF type:complete (+),score=5.31"
Warning: unexpected tab character in last column, line truncated:
scaffold_5	transdecoder	gene	43363220	43380792	.	+	.	ID=Atsept17628^scaffold_5^+;Name="ORF type:complete (+),score=13.19"scaffold_5	transdecoder	mRNA	43363220	43380792	.	+	.	ID=Atsept17628.1.p1;Parent=Atsept17628^scaffold_5^+;Name="ORF type:complete (+),score=13.19"
Warning: unexpected tab character in last column, line truncated:
scaffold_5	transdecoder	gene	44409607	44410322	.	-	.	ID=Atsept17633^scaffold_5^-;Name="ORF type:complete (+),score=32.95"scaffold_5	transdecoder	mRNA	44409607	44410322	.	-	.	ID=Atsept17633.1.p2;Parent=Atsept17633^scaffold_5^-;Name="ORF type:complete (+),score=32.95"
Warning: unexpected tab character in last column, line truncated:
scaffold_5	transdecoder	gene	46422490	46426199	.	-	.	ID=Atsept17637^scaffold_5^-;Name="ORF type:complete (+),score=59.95"scaffold_5	transdecoder	mRNA	46422490	46426199	.	-	.	ID=Atsept17637.1.p1;Parent=Atsept17637^scaffold_5^-;Name="ORF type:complete (+),score=59.95"
Warning: unexpected tab character in last column, line truncated:
scaffold_5	transdecoder	gene	46628002	46630854	.	+	.	ID=Atsept17640^scaffold_5^+;Name="ORF type:complete (+),score=19.90"scaffold_5	transdecoder	mRNA	46628002	46630854	.	+	.	ID=Atsept17640.1.p1;Parent=Atsept17640^scaffold_5^+;Name="ORF type:complete (+),score=19.90"
Warning: unexpected tab character in last column, line truncated:
scaffold_5	transdecoder	gene	46994068	47004740	.	-	.	ID=Atsept17642^scaffold_5^-;Name="ORF type:5prime_partial (+),score=16.39"scaffold_5	transdecoder	mRNA	46994068	47004740	.	-	.	ID=Atsept17642.1.p1;Parent=Atsept17642^scaffold_5^-;Name="ORF type:5prime_partial (+),score=16.39"
Warning: unexpected tab character in last column, line truncated:
scaffold_5	transdecoder	gene	47085002	47098855	.	-	.	ID=Atsept17645^scaffold_5^-;Name="ORF type:complete (+),score=34.30"scaffold_5	transdecoder	mRNA	47085002	47098855	.	-	.	ID=Atsept17645.1.p1;Parent=Atsept17645^scaffold_5^-;Name="ORF type:complete (+),score=34.30"
Warning: unexpected tab character in last column, line truncated:
scaffold_5	transdecoder	gene	47334926	47348338	.	+	.	ID=Atsept17647^scaffold_5^+;Name="ORF type:complete (+),score=18.72"scaffold_5	transdecoder	mRNA	47334926	47348338	.	+	.	ID=Atsept17647.1.p1;Parent=Atsept17647^scaffold_5^+;Name="ORF type:complete (+),score=18.72"
Warning: unexpected tab character in last column, line truncated:
scaffold_5	transdecoder	gene	48751072	48756089	.	+	.	ID=Atsept17654^scaffold_5^+;Name="ORF type:complete (+),score=1.90"scaffold_5	transdecoder	mRNA	48751072	48756089	.	+	.	ID=Atsept17654.1.p1;Parent=Atsept17654^scaffold_5^+;Name="ORF type:complete (+),score=1.90"
Warning: unexpected tab character in last column, line truncated:
scaffold_5	transdecoder	gene	51099101	51105106	.	+	.	ID=Atsept17676^scaffold_5^+;Name="ORF type:3prime_partial (+),score=11.32"scaffold_5	transdecoder	mRNA	51099101	51105106	.	+	.	ID=Atsept17676.1.p1;Parent=Atsept17676^scaffold_5^+;Name="ORF type:3prime_partial (+),score=11.32"
Warning: unexpected tab character in last column, line truncated:
scaffold_5	transdecoder	gene	51756143	51758121	.	-	.	ID=Atsept17688^scaffold_5^-;Name="ORF type:complete (+),score=21.54"scaffold_5	transdecoder	mRNA	51756143	51758121	.	-	.	ID=Atsept17688.1.p1;Parent=Atsept17688^scaffold_5^-;Name="ORF type:complete (+),score=21.54"
Warning: unexpected tab character in last column, line truncated:
scaffold_5	transdecoder	gene	51972431	51980130	.	-	.	ID=Atsept17694^scaffold_5^-;Name="ORF type:complete (+),score=24.05"scaffold_5	transdecoder	mRNA	51972431	51980130	.	-	.	ID=Atsept17694.1.p1;Parent=Atsept17694^scaffold_5^-;Name="ORF type:complete (+),score=24.05"
Warning: unexpected tab character in last column, line truncated:
scaffold_5	transdecoder	gene	4182939	4184288	.	+	.	ID=Atsept17695^scaffold_5^+;Name="ORF type:complete (+),score=6.25"scaffold_5	transdecoder	mRNA	4182939	4184288	.	+	.	ID=Atsept17695.1.p3;Parent=Atsept17695^scaffold_5^+;Name="ORF type:complete (+),score=6.25"
Warning: unexpected tab character in last column, line truncated:
scaffold_5	transdecoder	gene	52224093	52230135	.	+	.	ID=Atsept17697^scaffold_5^+;Name="ORF type:complete (+),score=20.36"scaffold_5	transdecoder	mRNA	52224093	52230135	.	+	.	ID=Atsept17697.1.p2;Parent=Atsept17697^scaffold_5^+;Name="ORF type:complete (+),score=20.36"
Warning: unexpected tab character in last column, line truncated:
scaffold_5	transdecoder	gene	52675552	52700209	.	+	.	ID=Atsept17715^scaffold_5^+;Name="ORF type:complete (+),score=13.64"scaffold_5	transdecoder	mRNA	52675552	52700209	.	+	.	ID=Atsept17715.1.p3;Parent=Atsept17715^scaffold_5^+;Name="ORF type:complete (+),score=13.64"
Warning: unexpected tab character in last column, line truncated:
scaffold_5	transdecoder	gene	52830689	52834348	.	-	.	ID=Atsept17716^scaffold_5^-;Name="ORF type:5prime_partial (+),score=8.25"scaffold_5	transdecoder	mRNA	52830689	52834348	.	-	.	ID=Atsept17716.1.p1;Parent=Atsept17716^scaffold_5^-;Name="ORF type:5prime_partial (+),score=8.25"
Warning: unexpected tab character in last column, line truncated:
scaffold_5	transdecoder	gene	53721231	53736164	.	-	.	ID=Atsept17735^scaffold_5^-;Name="ORF type:complete (+),score=45.78"scaffold_5	transdecoder	mRNA	53721231	53736164	.	-	.	ID=Atsept17735.1.p1;Parent=Atsept17735^scaffold_5^-;Name="ORF type:complete (+),score=45.78"
Warning: unexpected tab character in last column, line truncated:
scaffold_5	transdecoder	gene	53958031	53960886	.	-	.	ID=Atsept17738^scaffold_5^-;Name="ORF type:complete (+),score=12.20"scaffold_5	transdecoder	mRNA	53958031	53960886	.	-	.	ID=Atsept17738.1.p1;Parent=Atsept17738^scaffold_5^-;Name="ORF type:complete (+),score=12.20"
Warning: unexpected tab character in last column, line truncated:
scaffold_5	transdecoder	gene	53964796	53966412	.	+	.	ID=Atsept17739^scaffold_5^+;Name="ORF type:complete (+),score=9.89"scaffold_5	transdecoder	mRNA	53964796	53966412	.	+	.	ID=Atsept17739.1.p1;Parent=Atsept17739^scaffold_5^+;Name="ORF type:complete (+),score=9.89"
Warning: unexpected tab character in last column, line truncated:
scaffold_5	transdecoder	gene	54309519	54315584	.	-	.	ID=Atsept17748^scaffold_5^-;Name="ORF type:5prime_partial (+),score=44.24"scaffold_5	transdecoder	mRNA	54309519	54315584	.	-	.	ID=Atsept17748.1.p1;Parent=Atsept17748^scaffold_5^-;Name="ORF type:5prime_partial (+),score=44.24"
Warning: unexpected tab character in last column, line truncated:
scaffold_5	transdecoder	gene	4815529	4816205	.	+	.	ID=Atsept17807^scaffold_5^+;Name="ORF type:complete (+),score=5.35"scaffold_5	transdecoder	mRNA	4815529	4816205	.	+	.	ID=Atsept17807.1.p2;Parent=Atsept17807^scaffold_5^+;Name="ORF type:complete (+),score=5.35"
Warning: unexpected tab character in last column, line truncated:
scaffold_5	transdecoder	gene	57558679	57565193	.	-	.	ID=Atsept17810^scaffold_5^-;Name="ORF type:complete (+),score=16.65"scaffold_5	transdecoder	mRNA	57558679	57565193	.	-	.	ID=Atsept17810.1.p1;Parent=Atsept17810^scaffold_5^-;Name="ORF type:complete (+),score=16.65"
Warning: unexpected tab character in last column, line truncated:
scaffold_5	transdecoder	gene	58173024	58185388	.	-	.	ID=Atsept17819^scaffold_5^-;Name="ORF type:complete (+),score=6.25"scaffold_5	transdecoder	mRNA	58173024	58185388	.	-	.	ID=Atsept17819.1.p3;Parent=Atsept17819^scaffold_5^-;Name="ORF type:complete (+),score=6.25"
Warning: unexpected tab character in last column, line truncated:
scaffold_5	transdecoder	gene	59340439	59342607	.	+	.	ID=Atsept17832^scaffold_5^+;Name="ORF type:internal (+),score=138.65"scaffold_5	transdecoder	mRNA	59340439	59342607	.	+	.	ID=Atsept17832.1.p2;Parent=Atsept17832^scaffold_5^+;Name="ORF type:internal (+),score=138.65"
Warning: unexpected tab character in last column, line truncated:
scaffold_5	transdecoder	gene	5029748	5036618	.	-	.	ID=Atsept17840^scaffold_5^-;Name="ORF type:5prime_partial (+),score=110.44"scaffold_5	transdecoder	mRNA	5029748	5036618	.	-	.	ID=Atsept17840.1.p2;Parent=Atsept17840^scaffold_5^-;Name="ORF type:5prime_partial (+),score=110.44"
Warning: unexpected tab character in last column, line truncated:
scaffold_5	transdecoder	gene	5343269	5428092	.	+	.	ID=Atsept17862^scaffold_5^+;Name="ORF type:complete (+),score=9.46"scaffold_5	transdecoder	mRNA	5343269	5428092	.	+	.	ID=Atsept17862.1.p5;Parent=Atsept17862^scaffold_5^+;Name="ORF type:complete (+),score=9.46"
Warning: unexpected tab character in last column, line truncated:
scaffold_5	transdecoder	gene	62720210	62747379	.	-	.	ID=Atsept17886^scaffold_5^-;Name="ORF type:complete (+),score=36.41"scaffold_5	transdecoder	mRNA	62720210	62747379	.	-	.	ID=Atsept17886.1.p2;Parent=Atsept17886^scaffold_5^-;Name="ORF type:complete (+),score=36.41"
Warning: unexpected tab character in last column, line truncated:
scaffold_5	transdecoder	gene	63442812	63471451	.	-	.	ID=Atsept17894^scaffold_5^-;Name="ORF type:complete (+),score=26.31"scaffold_5	transdecoder	mRNA	63442812	63471451	.	-	.	ID=Atsept17894.1.p3;Parent=Atsept17894^scaffold_5^-;Name="ORF type:complete (+),score=26.31"
Warning: unexpected tab character in last column, line truncated:
scaffold_5	transdecoder	gene	64586086	64586693	.	+	.	ID=Atsept17903^scaffold_5^+;Name="ORF type:complete (+),score=10.52"scaffold_5	transdecoder	mRNA	64586086	64586693	.	+	.	ID=Atsept17903.1.p1;Parent=Atsept17903^scaffold_5^+;Name="ORF type:complete (+),score=10.52"
Warning: unexpected tab character in last column, line truncated:
scaffold_5	transdecoder	gene	64913933	65027121	.	-	.	ID=Atsept17905^scaffold_5^-;Name="ORF type:5prime_partial (+),score=5.96"scaffold_5	transdecoder	mRNA	64913933	65027121	.	-	.	ID=Atsept17905.1.p3;Parent=Atsept17905^scaffold_5^-;Name="ORF type:5prime_partial (+),score=5.96"
Warning: unexpected tab character in last column, line truncated:
scaffold_5	transdecoder	gene	66270783	66274716	.	+	.	ID=Atsept17915^scaffold_5^+;Name="ORF type:complete (+),score=13.12"scaffold_5	transdecoder	mRNA	66270783	66274716	.	+	.	ID=Atsept17915.1.p5;Parent=Atsept17915^scaffold_5^+;Name="ORF type:complete (+),score=13.12"
Warning: unexpected tab character in last column, line truncated:
scaffold_5	transdecoder	gene	67494374	67505675	.	-	.	ID=Atsept17921^scaffold_5^-;Name="ORF type:complete (+),score=8.82"scaffold_5	transdecoder	mRNA	67494374	67505675	.	-	.	ID=Atsept17921.1.p4;Parent=Atsept17921^scaffold_5^-;Name="ORF type:complete (+),score=8.82"
Warning: unexpected tab character in last column, line truncated:
scaffold_5	transdecoder	gene	67508403	67624925	.	+	.	ID=Atsept17922^scaffold_5^+;Name="ORF type:complete (+),score=12.13"scaffold_5	transdecoder	mRNA	67508403	67624925	.	+	.	ID=Atsept17922.1.p1;Parent=Atsept17922^scaffold_5^+;Name="ORF type:complete (+),score=12.13"
Warning: unexpected tab character in last column, line truncated:
scaffold_5	transdecoder	gene	67753843	67754314	.	+	.	ID=Atsept17923^scaffold_5^+;Name="ORF type:complete (+),score=16.12"scaffold_5	transdecoder	mRNA	67753843	67754314	.	+	.	ID=Atsept17923.1.p1;Parent=Atsept17923^scaffold_5^+;Name="ORF type:complete (+),score=16.12"
Warning: unexpected tab character in last column, line truncated:
scaffold_5	transdecoder	gene	69319589	69326158	.	+	.	ID=Atsept17925^scaffold_5^+;Name="ORF type:complete (+),score=18.91"scaffold_5	transdecoder	mRNA	69319589	69326158	.	+	.	ID=Atsept17925.1.p3;Parent=Atsept17925^scaffold_5^+;Name="ORF type:complete (+),score=18.91"
Warning: unexpected tab character in last column, line truncated:
scaffold_5	transdecoder	gene	70596377	70609304	.	-	.	ID=Atsept17935^scaffold_5^-;Name="ORF type:complete (+),score=9.34"scaffold_5	transdecoder	mRNA	70596377	70609304	.	-	.	ID=Atsept17935.1.p2;Parent=Atsept17935^scaffold_5^-;Name="ORF type:complete (+),score=9.34"
Warning: unexpected tab character in last column, line truncated:
scaffold_5	transdecoder	gene	71012047	71043939	.	+	.	ID=Atsept17941^scaffold_5^+;Name="ORF type:complete (+),score=7.28"scaffold_5	transdecoder	mRNA	71012047	71043939	.	+	.	ID=Atsept17941.1.p2;Parent=Atsept17941^scaffold_5^+;Name="ORF type:complete (+),score=7.28"
Warning: unexpected tab character in last column, line truncated:
scaffold_5	transdecoder	gene	71608953	71612228	.	-	.	ID=Atsept17948^scaffold_5^-;Name="ORF type:complete (+),score=21.60"scaffold_5	transdecoder	mRNA	71608953	71612228	.	-	.	ID=Atsept17948.1.p1;Parent=Atsept17948^scaffold_5^-;Name="ORF type:complete (+),score=21.60"
Warning: unexpected tab character in last column, line truncated:
scaffold_5	transdecoder	gene	73046990	73063660	.	+	.	ID=Atsept17965^scaffold_5^+;Name="ORF type:complete (+),score=42.16"scaffold_5	transdecoder	mRNA	73046990	73063660	.	+	.	ID=Atsept17965.1.p2;Parent=Atsept17965^scaffold_5^+;Name="ORF type:complete (+),score=42.16"
Warning: unexpected tab character in last column, line truncated:
scaffold_5	transdecoder	gene	73306011	73318019	.	+	.	ID=Atsept17969^scaffold_5^+;Name="ORF type:complete (+),score=13.98"scaffold_5	transdecoder	mRNA	73306011	73318019	.	+	.	ID=Atsept17969.1.p1;Parent=Atsept17969^scaffold_5^+;Name="ORF type:complete (+),score=13.98"
Warning: unexpected tab character in last column, line truncated:
scaffold_5	transdecoder	gene	73493098	73503472	.	-	.	ID=Atsept17972^scaffold_5^-;Name="ORF type:complete (+),score=14.35"scaffold_5	transdecoder	mRNA	73493098	73503472	.	-	.	ID=Atsept17972.1.p6;Parent=Atsept17972^scaffold_5^-;Name="ORF type:complete (+),score=14.35"
Warning: unexpected tab character in last column, line truncated:
scaffold_5	transdecoder	gene	73641182	73697923	.	-	.	ID=Atsept17973^scaffold_5^-;Name="ORF type:complete (+),score=15.08"scaffold_5	transdecoder	mRNA	73641182	73697923	.	-	.	ID=Atsept17973.1.p1;Parent=Atsept17973^scaffold_5^-;Name="ORF type:complete (+),score=15.08"
Warning: unexpected tab character in last column, line truncated:
scaffold_5	transdecoder	gene	74352066	74374804	.	+	.	ID=Atsept17979^scaffold_5^+;Name="ORF type:complete (+),score=14.29"scaffold_5	transdecoder	mRNA	74352066	74374804	.	+	.	ID=Atsept17979.1.p2;Parent=Atsept17979^scaffold_5^+;Name="ORF type:complete (+),score=14.29"
Warning: unexpected tab character in last column, line truncated:
scaffold_5	transdecoder	gene	80599070	80625372	.	+	.	ID=Atsept18012^scaffold_5^+;Name="ORF type:complete (+),score=8.42"scaffold_5	transdecoder	mRNA	80599070	80625372	.	+	.	ID=Atsept18012.1.p2;Parent=Atsept18012^scaffold_5^+;Name="ORF type:complete (+),score=8.42"
Warning: unexpected tab character in last column, line truncated:
scaffold_5	transdecoder	gene	80657448	80664581	.	+	.	ID=Atsept18013^scaffold_5^+;Name="ORF type:complete (+),score=3.68"scaffold_5	transdecoder	mRNA	80657448	80664581	.	+	.	ID=Atsept18013.1.p4;Parent=Atsept18013^scaffold_5^+;Name="ORF type:complete (+),score=3.68"
Warning: unexpected tab character in last column, line truncated:
scaffold_5	transdecoder	gene	81455120	81462049	.	-	.	ID=Atsept18024^scaffold_5^-;Name="ORF type:complete (+),score=5.89"scaffold_5	transdecoder	mRNA	81455120	81462049	.	-	.	ID=Atsept18024.1.p1;Parent=Atsept18024^scaffold_5^-;Name="ORF type:complete (+),score=5.89"
Warning: unexpected tab character in last column, line truncated:
scaffold_5	transdecoder	gene	6220035	6220813	.	-	.	ID=Atsept18039^scaffold_5^-;Name="ORF type:complete (+),score=4.48"scaffold_5	transdecoder	mRNA	6220035	6220813	.	-	.	ID=Atsept18039.1.p1;Parent=Atsept18039^scaffold_5^-;Name="ORF type:complete (+),score=4.48"
Warning: unexpected tab character in last column, line truncated:
scaffold_5	transdecoder	gene	83331168	83333593	.	-	.	ID=Atsept18041^scaffold_5^-;Name="ORF type:complete (+),score=6.89"scaffold_5	transdecoder	mRNA	83331168	83333593	.	-	.	ID=Atsept18041.1.p1;Parent=Atsept18041^scaffold_5^-;Name="ORF type:complete (+),score=6.89"
Warning: unexpected tab character in last column, line truncated:
scaffold_5	transdecoder	gene	83988061	83990932	.	-	.	ID=Atsept18048^scaffold_5^-;Name="ORF type:complete (+),score=6.90"scaffold_5	transdecoder	mRNA	83988061	83990932	.	-	.	ID=Atsept18048.1.p6;Parent=Atsept18048^scaffold_5^-;Name="ORF type:complete (+),score=6.90"
Warning: unexpected tab character in last column, line truncated:
scaffold_5	transdecoder	gene	84895532	85046742	.	+	.	ID=Atsept18055^scaffold_5^+;Name="ORF type:complete (+),score=16.23"scaffold_5	transdecoder	mRNA	84895532	85046742	.	+	.	ID=Atsept18055.1.p6;Parent=Atsept18055^scaffold_5^+;Name="ORF type:complete (+),score=16.23"
Warning: unexpected tab character in last column, line truncated:
scaffold_5	transdecoder	gene	85637523	85648446	.	-	.	ID=Atsept18061^scaffold_5^-;Name="ORF type:complete (+),score=84.87"scaffold_5	transdecoder	mRNA	85637523	85648446	.	-	.	ID=Atsept18061.1.p1;Parent=Atsept18061^scaffold_5^-;Name="ORF type:complete (+),score=84.87"
Warning: unexpected tab character in last column, line truncated:
scaffold_5	transdecoder	gene	6408351	6441587	.	-	.	ID=Atsept18082^scaffold_5^-;Name="ORF type:complete (+),score=8.24"scaffold_5	transdecoder	mRNA	6408351	6441587	.	-	.	ID=Atsept18082.1.p3;Parent=Atsept18082^scaffold_5^-;Name="ORF type:complete (+),score=8.24"
Warning: unexpected tab character in last column, line truncated:
scaffold_5	transdecoder	gene	87025121	87029439	.	-	.	ID=Atsept18089^scaffold_5^-;Name="ORF type:complete (+),score=12.34"scaffold_5	transdecoder	mRNA	87025121	87029439	.	-	.	ID=Atsept18089.1.p3;Parent=Atsept18089^scaffold_5^-;Name="ORF type:complete (+),score=12.34"
Warning: unexpected tab character in last column, line truncated:
scaffold_5	transdecoder	gene	87310502	87311571	.	+	.	ID=Atsept18091^scaffold_5^+;Name="ORF type:complete (+),score=29.16"scaffold_5	transdecoder	mRNA	87310502	87311571	.	+	.	ID=Atsept18091.1.p2;Parent=Atsept18091^scaffold_5^+;Name="ORF type:complete (+),score=29.16"
Warning: unexpected tab character in last column, line truncated:
scaffold_5	transdecoder	gene	87310502	87311571	.	-	.	ID=Atsept18091^scaffold_5^-;Name="ORF type:complete (-),score=7.35"scaffold_5	transdecoder	mRNA	87310502	87311571	.	-	.	ID=Atsept18091.1.p6;Parent=Atsept18091^scaffold_5^-;Name="ORF type:complete (-),score=7.35"
Warning: unexpected tab character in last column, line truncated:
scaffold_5	transdecoder	gene	91079813	91080461	.	-	.	ID=Atsept18128^scaffold_5^-;Name="ORF type:complete (+),score=21.10"scaffold_5	transdecoder	mRNA	91079813	91080461	.	-	.	ID=Atsept18128.1.p1;Parent=Atsept18128^scaffold_5^-;Name="ORF type:complete (+),score=21.10"
Warning: unexpected tab character in last column, line truncated:
scaffold_5	transdecoder	gene	91317544	91319333	.	-	.	ID=Atsept18134^scaffold_5^-;Name="ORF type:complete (+),score=6.80"scaffold_5	transdecoder	mRNA	91317544	91319333	.	-	.	ID=Atsept18134.1.p2;Parent=Atsept18134^scaffold_5^-;Name="ORF type:complete (+),score=6.80"
Warning: unexpected tab character in last column, line truncated:
scaffold_5	transdecoder	gene	92354237	92357489	.	-	.	ID=Atsept18150^scaffold_5^-;Name="ORF type:complete (+),score=26.07"scaffold_5	transdecoder	mRNA	92354237	92357489	.	-	.	ID=Atsept18150.1.p2;Parent=Atsept18150^scaffold_5^-;Name="ORF type:complete (+),score=26.07"
Warning: unexpected tab character in last column, line truncated:
scaffold_5	transdecoder	gene	92391340	92395907	.	+	.	ID=Atsept18151^scaffold_5^+;Name="ORF type:complete (+),score=29.90"scaffold_5	transdecoder	mRNA	92391340	92395907	.	+	.	ID=Atsept18151.1.p2;Parent=Atsept18151^scaffold_5^+;Name="ORF type:complete (+),score=29.90"
Warning: unexpected tab character in last column, line truncated:
scaffold_5	transdecoder	gene	92546512	92549588	.	+	.	ID=Atsept18153^scaffold_5^+;Name="ORF type:complete (+),score=26.38"scaffold_5	transdecoder	mRNA	92546512	92549588	.	+	.	ID=Atsept18153.1.p2;Parent=Atsept18153^scaffold_5^+;Name="ORF type:complete (+),score=26.38"
Warning: unexpected tab character in last column, line truncated:
scaffold_5	transdecoder	gene	93974448	93980888	.	-	.	ID=Atsept18162^scaffold_5^-;Name="ORF type:complete (+),score=33.85"scaffold_5	transdecoder	mRNA	93974448	93980888	.	-	.	ID=Atsept18162.1.p1;Parent=Atsept18162^scaffold_5^-;Name="ORF type:complete (+),score=33.85"
Warning: unexpected tab character in last column, line truncated:
scaffold_5	transdecoder	gene	94237534	94251777	.	+	.	ID=Atsept18163^scaffold_5^+;Name="ORF type:5prime_partial (+),score=30.13"scaffold_5	transdecoder	mRNA	94237534	94251777	.	+	.	ID=Atsept18163.1.p1;Parent=Atsept18163^scaffold_5^+;Name="ORF type:5prime_partial (+),score=30.13"
Warning: unexpected tab character in last column, line truncated:
scaffold_5	transdecoder	gene	94451258	94454425	.	-	.	ID=Atsept18169^scaffold_5^-;Name="ORF type:complete (+),score=4.04"scaffold_5	transdecoder	mRNA	94451258	94454425	.	-	.	ID=Atsept18169.1.p5;Parent=Atsept18169^scaffold_5^-;Name="ORF type:complete (+),score=4.04"
Warning: unexpected tab character in last column, line truncated:
scaffold_5	transdecoder	gene	95185655	95187860	.	+	.	ID=Atsept18176^scaffold_5^+;Name="ORF type:complete (+),score=10.77"scaffold_5	transdecoder	mRNA	95185655	95187860	.	+	.	ID=Atsept18176.1.p2;Parent=Atsept18176^scaffold_5^+;Name="ORF type:complete (+),score=10.77"
Warning: unexpected tab character in last column, line truncated:
scaffold_5	transdecoder	gene	95835725	95869816	.	+	.	ID=Atsept18179^scaffold_5^+;Name="ORF type:complete (+),score=23.69"scaffold_5	transdecoder	mRNA	95835725	95869816	.	+	.	ID=Atsept18179.1.p3;Parent=Atsept18179^scaffold_5^+;Name="ORF type:complete (+),score=23.69"
Warning: unexpected tab character in last column, line truncated:
scaffold_5	transdecoder	gene	96095080	96095729	.	+	.	ID=Atsept18183^scaffold_5^+;Name="ORF type:complete (+),score=12.06"scaffold_5	transdecoder	mRNA	96095080	96095729	.	+	.	ID=Atsept18183.1.p1;Parent=Atsept18183^scaffold_5^+;Name="ORF type:complete (+),score=12.06"
Warning: unexpected tab character in last column, line truncated:
scaffold_5	transdecoder	gene	98282190	98292997	.	+	.	ID=Atsept18205^scaffold_5^+;Name="ORF type:complete (+),score=30.07"scaffold_5	transdecoder	mRNA	98282190	98292997	.	+	.	ID=Atsept18205.1.p1;Parent=Atsept18205^scaffold_5^+;Name="ORF type:complete (+),score=30.07"
Warning: unexpected tab character in last column, line truncated:
scaffold_6	transdecoder	gene	87650234	87655988	.	+	.	ID=Atsept18239^scaffold_6^+;Name="ORF type:complete (+),score=32.42"scaffold_6	transdecoder	mRNA	87650234	87655988	.	+	.	ID=Atsept18239.1.p1;Parent=Atsept18239^scaffold_6^+;Name="ORF type:complete (+),score=32.42"
Warning: unexpected tab character in last column, line truncated:
scaffold_6	transdecoder	gene	87767864	87798221	.	-	.	ID=Atsept18242^scaffold_6^-;Name="ORF type:complete (+),score=130.22"scaffold_6	transdecoder	mRNA	87767864	87798221	.	-	.	ID=Atsept18242.1.p2;Parent=Atsept18242^scaffold_6^-;Name="ORF type:complete (+),score=130.22"
Warning: unexpected tab character in last column, line truncated:
scaffold_6	transdecoder	gene	88160932	88162749	.	-	.	ID=Atsept18246^scaffold_6^-;Name="ORF type:internal (+),score=112.52"scaffold_6	transdecoder	mRNA	88160932	88162749	.	-	.	ID=Atsept18246.1.p1;Parent=Atsept18246^scaffold_6^-;Name="ORF type:internal (+),score=112.52"
Warning: unexpected tab character in last column, line truncated:
scaffold_6	transdecoder	gene	88389049	88397914	.	+	.	ID=Atsept18249^scaffold_6^+;Name="ORF type:complete (+),score=9.58"scaffold_6	transdecoder	mRNA	88389049	88397914	.	+	.	ID=Atsept18249.1.p4;Parent=Atsept18249^scaffold_6^+;Name="ORF type:complete (+),score=9.58"
Warning: unexpected tab character in last column, line truncated:
scaffold_6	transdecoder	gene	88431928	88432919	.	-	.	ID=Atsept18250^scaffold_6^-;Name="ORF type:5prime_partial (+),score=28.37"scaffold_6	transdecoder	mRNA	88431928	88432919	.	-	.	ID=Atsept18250.1.p1;Parent=Atsept18250^scaffold_6^-;Name="ORF type:5prime_partial (+),score=28.37"
Warning: unexpected tab character in last column, line truncated:
scaffold_6	transdecoder	gene	89163658	89197955	.	+	.	ID=Atsept18257^scaffold_6^+;Name="ORF type:complete (+),score=28.24"scaffold_6	transdecoder	mRNA	89163658	89197955	.	+	.	ID=Atsept18257.1.p2;Parent=Atsept18257^scaffold_6^+;Name="ORF type:complete (+),score=28.24"
Warning: unexpected tab character in last column, line truncated:
scaffold_6	transdecoder	gene	92734444	92737929	.	-	.	ID=Atsept18282^scaffold_6^-;Name="ORF type:complete (+),score=8.02"scaffold_6	transdecoder	mRNA	92734444	92737929	.	-	.	ID=Atsept18282.1.p1;Parent=Atsept18282^scaffold_6^-;Name="ORF type:complete (+),score=8.02"
Warning: unexpected tab character in last column, line truncated:
scaffold_6	transdecoder	gene	93245927	93254989	.	+	.	ID=Atsept18293^scaffold_6^+;Name="ORF type:complete (+),score=11.13"scaffold_6	transdecoder	mRNA	93245927	93254989	.	+	.	ID=Atsept18293.1.p2;Parent=Atsept18293^scaffold_6^+;Name="ORF type:complete (+),score=11.13"
Warning: unexpected tab character in last column, line truncated:
scaffold_6	transdecoder	gene	94013279	94025053	.	+	.	ID=Atsept18294^scaffold_6^+;Name="ORF type:complete (+),score=21.22"scaffold_6	transdecoder	mRNA	94013279	94025053	.	+	.	ID=Atsept18294.1.p1;Parent=Atsept18294^scaffold_6^+;Name="ORF type:complete (+),score=21.22"
Warning: unexpected tab character in last column, line truncated:
scaffold_6	transdecoder	gene	95803194	95814159	.	+	.	ID=Atsept18304^scaffold_6^+;Name="ORF type:complete (+),score=26.46"scaffold_6	transdecoder	mRNA	95803194	95814159	.	+	.	ID=Atsept18304.1.p2;Parent=Atsept18304^scaffold_6^+;Name="ORF type:complete (+),score=26.46"
Warning: unexpected tab character in last column, line truncated:
scaffold_6	transdecoder	gene	95950842	95988132	.	-	.	ID=Atsept18307^scaffold_6^-;Name="ORF type:5prime_partial (+),score=6.64"scaffold_6	transdecoder	mRNA	95950842	95988132	.	-	.	ID=Atsept18307.1.p1;Parent=Atsept18307^scaffold_6^-;Name="ORF type:5prime_partial (+),score=6.64"
Warning: unexpected tab character in last column, line truncated:
scaffold_6	transdecoder	gene	7298035	7325528	.	+	.	ID=Atsept18334^scaffold_6^+;Name="ORF type:complete (+),score=24.37"scaffold_6	transdecoder	mRNA	7298035	7325528	.	+	.	ID=Atsept18334.1.p1;Parent=Atsept18334^scaffold_6^+;Name="ORF type:complete (+),score=24.37"
Warning: unexpected tab character in last column, line truncated:
scaffold_6	transdecoder	gene	97869164	97871485	.	-	.	ID=Atsept18339^scaffold_6^-;Name="ORF type:complete (+),score=14.92"scaffold_6	transdecoder	mRNA	97869164	97871485	.	-	.	ID=Atsept18339.1.p1;Parent=Atsept18339^scaffold_6^-;Name="ORF type:complete (+),score=14.92"
Warning: unexpected tab character in last column, line truncated:
scaffold_6	transdecoder	gene	99377700	99378776	.	+	.	ID=Atsept18350^scaffold_6^+;Name="ORF type:complete (+),score=18.18"scaffold_6	transdecoder	mRNA	99377700	99378776	.	+	.	ID=Atsept18350.1.p1;Parent=Atsept18350^scaffold_6^+;Name="ORF type:complete (+),score=18.18"
Warning: unexpected tab character in last column, line truncated:
scaffold_6	transdecoder	gene	99875431	99881457	.	+	.	ID=Atsept18355^scaffold_6^+;Name="ORF type:5prime_partial (+),score=1.68"scaffold_6	transdecoder	mRNA	99875431	99881457	.	+	.	ID=Atsept18355.1.p1;Parent=Atsept18355^scaffold_6^+;Name="ORF type:5prime_partial (+),score=1.68"
Warning: unexpected tab character in last column, line truncated:
scaffold_6	transdecoder	gene	101367713	101372522	.	+	.	ID=Atsept18372^scaffold_6^+;Name="ORF type:complete (+),score=11.91"scaffold_6	transdecoder	mRNA	101367713	101372522	.	+	.	ID=Atsept18372.1.p2;Parent=Atsept18372^scaffold_6^+;Name="ORF type:complete (+),score=11.91"
Warning: unexpected tab character in last column, line truncated:
scaffold_6	transdecoder	gene	101528773	101535444	.	-	.	ID=Atsept18373^scaffold_6^-;Name="ORF type:complete (+),score=23.16"scaffold_6	transdecoder	mRNA	101528773	101535444	.	-	.	ID=Atsept18373.1.p1;Parent=Atsept18373^scaffold_6^-;Name="ORF type:complete (+),score=23.16"
Warning: unexpected tab character in last column, line truncated:
scaffold_6	transdecoder	gene	102185019	102203996	.	-	.	ID=Atsept18382^scaffold_6^-;Name="ORF type:complete (+),score=46.05"scaffold_6	transdecoder	mRNA	102185019	102203996	.	-	.	ID=Atsept18382.1.p3;Parent=Atsept18382^scaffold_6^-;Name="ORF type:complete (+),score=46.05"
Warning: unexpected tab character in last column, line truncated:
scaffold_6	transdecoder	gene	104791533	104807994	.	-	.	ID=Atsept18399^scaffold_6^-;Name="ORF type:complete (+),score=20.87"scaffold_6	transdecoder	mRNA	104791533	104807994	.	-	.	ID=Atsept18399.1.p1;Parent=Atsept18399^scaffold_6^-;Name="ORF type:complete (+),score=20.87"
Warning: unexpected tab character in last column, line truncated:
scaffold_6	transdecoder	gene	105010122	105013469	.	+	.	ID=Atsept18400^scaffold_6^+;Name="ORF type:complete (+),score=35.40"scaffold_6	transdecoder	mRNA	105010122	105013469	.	+	.	ID=Atsept18400.1.p1;Parent=Atsept18400^scaffold_6^+;Name="ORF type:complete (+),score=35.40"
Warning: unexpected tab character in last column, line truncated:
scaffold_6	transdecoder	gene	105794854	105856858	.	-	.	ID=Atsept18403^scaffold_6^-;Name="ORF type:complete (+),score=19.19"scaffold_6	transdecoder	mRNA	105794854	105856858	.	-	.	ID=Atsept18403.1.p3;Parent=Atsept18403^scaffold_6^-;Name="ORF type:complete (+),score=19.19"
Warning: unexpected tab character in last column, line truncated:
scaffold_6	transdecoder	gene	106279126	106279359	.	-	.	ID=Atsept18411^scaffold_6^-;Name="ORF type:3prime_partial (+),score=26.87"scaffold_6	transdecoder	mRNA	106279126	106279359	.	-	.	ID=Atsept18411.1.p1;Parent=Atsept18411^scaffold_6^-;Name="ORF type:3prime_partial (+),score=26.87"
Warning: unexpected tab character in last column, line truncated:
scaffold_6	transdecoder	gene	107357060	107358191	.	-	.	ID=Atsept18423^scaffold_6^-;Name="ORF type:complete (+),score=2.55"scaffold_6	transdecoder	mRNA	107357060	107358191	.	-	.	ID=Atsept18423.1.p1;Parent=Atsept18423^scaffold_6^-;Name="ORF type:complete (+),score=2.55"
Warning: unexpected tab character in last column, line truncated:
scaffold_6	transdecoder	gene	107635984	107643540	.	-	.	ID=Atsept18425^scaffold_6^-;Name="ORF type:complete (+),score=11.65"scaffold_6	transdecoder	mRNA	107635984	107643540	.	-	.	ID=Atsept18425.1.p1;Parent=Atsept18425^scaffold_6^-;Name="ORF type:complete (+),score=11.65"
Warning: unexpected tab character in last column, line truncated:
scaffold_6	transdecoder	gene	108699224	108703026	.	+	.	ID=Atsept18436^scaffold_6^+;Name="ORF type:5prime_partial (+),score=27.33"scaffold_6	transdecoder	mRNA	108699224	108703026	.	+	.	ID=Atsept18436.1.p5;Parent=Atsept18436^scaffold_6^+;Name="ORF type:5prime_partial (+),score=27.33"
Warning: unexpected tab character in last column, line truncated:
scaffold_6	transdecoder	gene	108848048	108939214	.	+	.	ID=Atsept18441^scaffold_6^+;Name="ORF type:5prime_partial (+),score=40.09"scaffold_6	transdecoder	mRNA	108848048	108939214	.	+	.	ID=Atsept18441.1.p3;Parent=Atsept18441^scaffold_6^+;Name="ORF type:5prime_partial (+),score=40.09"
Warning: unexpected tab character in last column, line truncated:
scaffold_6	transdecoder	gene	108910977	108918052	.	-	.	ID=Atsept18443^scaffold_6^-;Name="ORF type:complete (+),score=14.45"scaffold_6	transdecoder	mRNA	108910977	108918052	.	-	.	ID=Atsept18443.1.p1;Parent=Atsept18443^scaffold_6^-;Name="ORF type:complete (+),score=14.45"
Warning: unexpected tab character in last column, line truncated:
scaffold_6	transdecoder	gene	109016351	109018179	.	-	.	ID=Atsept18444^scaffold_6^-;Name="ORF type:complete (+),score=16.86"scaffold_6	transdecoder	mRNA	109016351	109018179	.	-	.	ID=Atsept18444.1.p1;Parent=Atsept18444^scaffold_6^-;Name="ORF type:complete (+),score=16.86"
Warning: unexpected tab character in last column, line truncated:
scaffold_6	transdecoder	gene	109185602	109191109	.	-	.	ID=Atsept18450^scaffold_6^-;Name="ORF type:complete (+),score=7.76"scaffold_6	transdecoder	mRNA	109185602	109191109	.	-	.	ID=Atsept18450.1.p3;Parent=Atsept18450^scaffold_6^-;Name="ORF type:complete (+),score=7.76"
Warning: unexpected tab character in last column, line truncated:
scaffold_6	transdecoder	gene	110152726	110183124	.	+	.	ID=Atsept18466^scaffold_6^+;Name="ORF type:complete (+),score=15.02"scaffold_6	transdecoder	mRNA	110152726	110183124	.	+	.	ID=Atsept18466.1.p2;Parent=Atsept18466^scaffold_6^+;Name="ORF type:complete (+),score=15.02"
Warning: unexpected tab character in last column, line truncated:
scaffold_6	transdecoder	gene	110372122	110372745	.	+	.	ID=Atsept18468^scaffold_6^+;Name="ORF type:5prime_partial (+),score=50.49"scaffold_6	transdecoder	mRNA	110372122	110372745	.	+	.	ID=Atsept18468.1.p2;Parent=Atsept18468^scaffold_6^+;Name="ORF type:5prime_partial (+),score=50.49"
Warning: unexpected tab character in last column, line truncated:
scaffold_6	transdecoder	gene	111202441	111221318	.	-	.	ID=Atsept18469^scaffold_6^-;Name="ORF type:complete (+),score=12.30"scaffold_6	transdecoder	mRNA	111202441	111221318	.	-	.	ID=Atsept18469.1.p1;Parent=Atsept18469^scaffold_6^-;Name="ORF type:complete (+),score=12.30"
Warning: unexpected tab character in last column, line truncated:
scaffold_6	transdecoder	gene	111984146	111985441	.	-	.	ID=Atsept18471^scaffold_6^-;Name="ORF type:complete (+),score=20.32"scaffold_6	transdecoder	mRNA	111984146	111985441	.	-	.	ID=Atsept18471.1.p1;Parent=Atsept18471^scaffold_6^-;Name="ORF type:complete (+),score=20.32"
Warning: unexpected tab character in last column, line truncated:
scaffold_6	transdecoder	gene	112270579	112286802	.	-	.	ID=Atsept18473^scaffold_6^-;Name="ORF type:5prime_partial (+),score=23.23"scaffold_6	transdecoder	mRNA	112270579	112286802	.	-	.	ID=Atsept18473.1.p1;Parent=Atsept18473^scaffold_6^-;Name="ORF type:5prime_partial (+),score=23.23"
Warning: unexpected tab character in last column, line truncated:
scaffold_6	transdecoder	gene	112867761	112869067	.	+	.	ID=Atsept18480^scaffold_6^+;Name="ORF type:complete (+),score=18.87"scaffold_6	transdecoder	mRNA	112867761	112869067	.	+	.	ID=Atsept18480.1.p1;Parent=Atsept18480^scaffold_6^+;Name="ORF type:complete (+),score=18.87"
Warning: unexpected tab character in last column, line truncated:
scaffold_6	transdecoder	gene	113354582	113356247	.	-	.	ID=Atsept18485^scaffold_6^-;Name="ORF type:complete (+),score=6.38"scaffold_6	transdecoder	mRNA	113354582	113356247	.	-	.	ID=Atsept18485.1.p1;Parent=Atsept18485^scaffold_6^-;Name="ORF type:complete (+),score=6.38"
Warning: unexpected tab character in last column, line truncated:
scaffold_6	transdecoder	gene	114518207	114574099	.	+	.	ID=Atsept18494^scaffold_6^+;Name="ORF type:complete (+),score=26.99"scaffold_6	transdecoder	mRNA	114518207	114574099	.	+	.	ID=Atsept18494.1.p2;Parent=Atsept18494^scaffold_6^+;Name="ORF type:complete (+),score=26.99"
Warning: unexpected tab character in last column, line truncated:
scaffold_6	transdecoder	gene	114821399	114900014	.	+	.	ID=Atsept18497^scaffold_6^+;Name="ORF type:5prime_partial (+),score=210.33"scaffold_6	transdecoder	mRNA	114821399	114900014	.	+	.	ID=Atsept18497.1.p1;Parent=Atsept18497^scaffold_6^+;Name="ORF type:5prime_partial (+),score=210.33"
Warning: unexpected tab character in last column, line truncated:
scaffold_6	transdecoder	gene	114931099	114934727	.	+	.	ID=Atsept18499^scaffold_6^+;Name="ORF type:complete (+),score=15.22"scaffold_6	transdecoder	mRNA	114931099	114934727	.	+	.	ID=Atsept18499.1.p3;Parent=Atsept18499^scaffold_6^+;Name="ORF type:complete (+),score=15.22"
Warning: unexpected tab character in last column, line truncated:
scaffold_6	transdecoder	gene	115125490	115128206	.	+	.	ID=Atsept18504^scaffold_6^+;Name="ORF type:complete (+),score=17.75"scaffold_6	transdecoder	mRNA	115125490	115128206	.	+	.	ID=Atsept18504.1.p1;Parent=Atsept18504^scaffold_6^+;Name="ORF type:complete (+),score=17.75"
Warning: unexpected tab character in last column, line truncated:
scaffold_6	transdecoder	gene	115695024	115711207	.	-	.	ID=Atsept18506^scaffold_6^-;Name="ORF type:complete (+),score=9.51"scaffold_6	transdecoder	mRNA	115695024	115711207	.	-	.	ID=Atsept18506.1.p1;Parent=Atsept18506^scaffold_6^-;Name="ORF type:complete (+),score=9.51"
Warning: unexpected tab character in last column, line truncated:
scaffold_6	transdecoder	gene	116625444	116628436	.	-	.	ID=Atsept18516^scaffold_6^-;Name="ORF type:complete (+),score=13.03"scaffold_6	transdecoder	mRNA	116625444	116628436	.	-	.	ID=Atsept18516.1.p5;Parent=Atsept18516^scaffold_6^-;Name="ORF type:complete (+),score=13.03"
Warning: unexpected tab character in last column, line truncated:
scaffold_6	transdecoder	gene	118566602	118569144	.	+	.	ID=Atsept18538^scaffold_6^+;Name="ORF type:complete (+),score=16.61"scaffold_6	transdecoder	mRNA	118566602	118569144	.	+	.	ID=Atsept18538.1.p2;Parent=Atsept18538^scaffold_6^+;Name="ORF type:complete (+),score=16.61"
Warning: unexpected tab character in last column, line truncated:
scaffold_6	transdecoder	gene	119129653	119130284	.	-	.	ID=Atsept18549^scaffold_6^-;Name="ORF type:complete (+),score=4.98"scaffold_6	transdecoder	mRNA	119129653	119130284	.	-	.	ID=Atsept18549.1.p1;Parent=Atsept18549^scaffold_6^-;Name="ORF type:complete (+),score=4.98"
Warning: unexpected tab character in last column, line truncated:
scaffold_6	transdecoder	gene	119239859	119240413	.	+	.	ID=Atsept18551^scaffold_6^+;Name="ORF type:complete (+),score=6.23"scaffold_6	transdecoder	mRNA	119239859	119240413	.	+	.	ID=Atsept18551.1.p1;Parent=Atsept18551^scaffold_6^+;Name="ORF type:complete (+),score=6.23"
Warning: unexpected tab character in last column, line truncated:
scaffold_6	transdecoder	gene	119313802	119323533	.	-	.	ID=Atsept18553^scaffold_6^-;Name="ORF type:complete (+),score=12.02"scaffold_6	transdecoder	mRNA	119313802	119323533	.	-	.	ID=Atsept18553.1.p2;Parent=Atsept18553^scaffold_6^-;Name="ORF type:complete (+),score=12.02"
Warning: unexpected tab character in last column, line truncated:
scaffold_6	transdecoder	gene	119763695	119764926	.	-	.	ID=Atsept18563^scaffold_6^-;Name="ORF type:complete (+),score=14.84"scaffold_6	transdecoder	mRNA	119763695	119764926	.	-	.	ID=Atsept18563.1.p1;Parent=Atsept18563^scaffold_6^-;Name="ORF type:complete (+),score=14.84"
Warning: unexpected tab character in last column, line truncated:
scaffold_6	transdecoder	gene	121232956	121236577	.	-	.	ID=Atsept18578^scaffold_6^-;Name="ORF type:complete (+),score=10.13"scaffold_6	transdecoder	mRNA	121232956	121236577	.	-	.	ID=Atsept18578.1.p1;Parent=Atsept18578^scaffold_6^-;Name="ORF type:complete (+),score=10.13"
Warning: unexpected tab character in last column, line truncated:
scaffold_6	transdecoder	gene	121291949	121320934	.	+	.	ID=Atsept18580^scaffold_6^+;Name="ORF type:5prime_partial (+),score=25.82"scaffold_6	transdecoder	mRNA	121291949	121320934	.	+	.	ID=Atsept18580.1.p2;Parent=Atsept18580^scaffold_6^+;Name="ORF type:5prime_partial (+),score=25.82"
Warning: unexpected tab character in last column, line truncated:
scaffold_6	transdecoder	gene	121486476	121510242	.	-	.	ID=Atsept18584^scaffold_6^-;Name="ORF type:5prime_partial (+),score=24.77"scaffold_6	transdecoder	mRNA	121486476	121510242	.	-	.	ID=Atsept18584.1.p2;Parent=Atsept18584^scaffold_6^-;Name="ORF type:5prime_partial (+),score=24.77"
Warning: unexpected tab character in last column, line truncated:
scaffold_6	transdecoder	gene	122031230	122095493	.	-	.	ID=Atsept18598^scaffold_6^-;Name="ORF type:complete (+),score=48.43"scaffold_6	transdecoder	mRNA	122031230	122095493	.	-	.	ID=Atsept18598.1.p4;Parent=Atsept18598^scaffold_6^-;Name="ORF type:complete (+),score=48.43"
Warning: unexpected tab character in last column, line truncated:
scaffold_6	transdecoder	gene	122066328	122067548	.	-	.	ID=Atsept18600^scaffold_6^-;Name="ORF type:complete (+),score=10.87"scaffold_6	transdecoder	mRNA	122066328	122067548	.	-	.	ID=Atsept18600.1.p2;Parent=Atsept18600^scaffold_6^-;Name="ORF type:complete (+),score=10.87"
Warning: unexpected tab character in last column, line truncated:
scaffold_6	transdecoder	gene	122858628	122945306	.	-	.	ID=Atsept18619^scaffold_6^-;Name="ORF type:complete (+),score=82.91"scaffold_6	transdecoder	mRNA	122858628	122945306	.	-	.	ID=Atsept18619.1.p2;Parent=Atsept18619^scaffold_6^-;Name="ORF type:complete (+),score=82.91"
Warning: unexpected tab character in last column, line truncated:
scaffold_6	transdecoder	gene	123179337	123217889	.	+	.	ID=Atsept18625^scaffold_6^+;Name="ORF type:complete (+),score=30.41"scaffold_6	transdecoder	mRNA	123179337	123217889	.	+	.	ID=Atsept18625.1.p1;Parent=Atsept18625^scaffold_6^+;Name="ORF type:complete (+),score=30.41"
Warning: unexpected tab character in last column, line truncated:
scaffold_6	transdecoder	gene	123281678	123282824	.	-	.	ID=Atsept18628^scaffold_6^-;Name="ORF type:complete (+),score=2.43"scaffold_6	transdecoder	mRNA	123281678	123282824	.	-	.	ID=Atsept18628.1.p1;Parent=Atsept18628^scaffold_6^-;Name="ORF type:complete (+),score=2.43"
Warning: unexpected tab character in last column, line truncated:
scaffold_6	transdecoder	gene	9593771	9595382	.	-	.	ID=Atsept18632^scaffold_6^-;Name="ORF type:5prime_partial (-),score=7.89"scaffold_6	transdecoder	mRNA	9593771	9595382	.	-	.	ID=Atsept18632.1.p6;Parent=Atsept18632^scaffold_6^-;Name="ORF type:5prime_partial (-),score=7.89"
Warning: unexpected tab character in last column, line truncated:
scaffold_6	transdecoder	gene	123397609	123399873	.	+	.	ID=Atsept18634^scaffold_6^+;Name="ORF type:5prime_partial (+),score=48.31"scaffold_6	transdecoder	mRNA	123397609	123399873	.	+	.	ID=Atsept18634.1.p1;Parent=Atsept18634^scaffold_6^+;Name="ORF type:5prime_partial (+),score=48.31"
Warning: unexpected tab character in last column, line truncated:
scaffold_6	transdecoder	gene	123455884	123486179	.	+	.	ID=Atsept18637^scaffold_6^+;Name="ORF type:complete (+),score=86.70"scaffold_6	transdecoder	mRNA	123455884	123486179	.	+	.	ID=Atsept18637.1.p1;Parent=Atsept18637^scaffold_6^+;Name="ORF type:complete (+),score=86.70"
Warning: unexpected tab character in last column, line truncated:
scaffold_6	transdecoder	gene	123487396	123542129	.	+	.	ID=Atsept18638^scaffold_6^+;Name="ORF type:5prime_partial (+),score=186.49"scaffold_6	transdecoder	mRNA	123487396	123542129	.	+	.	ID=Atsept18638.1.p1;Parent=Atsept18638^scaffold_6^+;Name="ORF type:5prime_partial (+),score=186.49"
Warning: unexpected tab character in last column, line truncated:
scaffold_6	transdecoder	gene	124439711	124446068	.	+	.	ID=Atsept18659^scaffold_6^+;Name="ORF type:complete (+),score=57.32"scaffold_6	transdecoder	mRNA	124439711	124446068	.	+	.	ID=Atsept18659.1.p1;Parent=Atsept18659^scaffold_6^+;Name="ORF type:complete (+),score=57.32"
Warning: unexpected tab character in last column, line truncated:
scaffold_6	transdecoder	gene	124447006	124454538	.	-	.	ID=Atsept18660^scaffold_6^-;Name="ORF type:complete (+),score=11.72"scaffold_6	transdecoder	mRNA	124447006	124454538	.	-	.	ID=Atsept18660.1.p6;Parent=Atsept18660^scaffold_6^-;Name="ORF type:complete (+),score=11.72"
Warning: unexpected tab character in last column, line truncated:
scaffold_6	transdecoder	gene	124467437	124480986	.	-	.	ID=Atsept18661^scaffold_6^-;Name="ORF type:complete (+),score=49.60"scaffold_6	transdecoder	mRNA	124467437	124480986	.	-	.	ID=Atsept18661.1.p2;Parent=Atsept18661^scaffold_6^-;Name="ORF type:complete (+),score=49.60"
Warning: unexpected tab character in last column, line truncated:
scaffold_6	transdecoder	gene	124484641	124495317	.	-	.	ID=Atsept18664^scaffold_6^-;Name="ORF type:5prime_partial (+),score=11.45"scaffold_6	transdecoder	mRNA	124484641	124495317	.	-	.	ID=Atsept18664.1.p4;Parent=Atsept18664^scaffold_6^-;Name="ORF type:5prime_partial (+),score=11.45"
Warning: unexpected tab character in last column, line truncated:
scaffold_6	transdecoder	gene	124565043	124570127	.	+	.	ID=Atsept18669^scaffold_6^+;Name="ORF type:complete (+),score=87.14"scaffold_6	transdecoder	mRNA	124565043	124570127	.	+	.	ID=Atsept18669.1.p2;Parent=Atsept18669^scaffold_6^+;Name="ORF type:complete (+),score=87.14"
Warning: unexpected tab character in last column, line truncated:
scaffold_6	transdecoder	gene	124819340	124826108	.	+	.	ID=Atsept18681^scaffold_6^+;Name="ORF type:complete (+),score=54.32"scaffold_6	transdecoder	mRNA	124819340	124826108	.	+	.	ID=Atsept18681.1.p2;Parent=Atsept18681^scaffold_6^+;Name="ORF type:complete (+),score=54.32"
Warning: unexpected tab character in last column, line truncated:
scaffold_6	transdecoder	gene	125091821	125094389	.	+	.	ID=Atsept18684^scaffold_6^+;Name="ORF type:complete (+),score=68.49"scaffold_6	transdecoder	mRNA	125091821	125094389	.	+	.	ID=Atsept18684.1.p2;Parent=Atsept18684^scaffold_6^+;Name="ORF type:complete (+),score=68.49"
Warning: unexpected tab character in last column, line truncated:
scaffold_6	transdecoder	gene	10707586	10765013	.	-	.	ID=Atsept18702^scaffold_6^-;Name="ORF type:complete (+),score=21.11"scaffold_6	transdecoder	mRNA	10707586	10765013	.	-	.	ID=Atsept18702.1.p2;Parent=Atsept18702^scaffold_6^-;Name="ORF type:complete (+),score=21.11"
Warning: unexpected tab character in last column, line truncated:
scaffold_6	transdecoder	gene	10900592	10900955	.	-	.	ID=Atsept18704^scaffold_6^-;Name="ORF type:complete (+),score=5.70"scaffold_6	transdecoder	mRNA	10900592	10900955	.	-	.	ID=Atsept18704.1.p2;Parent=Atsept18704^scaffold_6^-;Name="ORF type:complete (+),score=5.70"
Warning: unexpected tab character in last column, line truncated:
scaffold_6	transdecoder	gene	1263389	1269838	.	-	.	ID=Atsept18706^scaffold_6^-;Name="ORF type:5prime_partial (+),score=19.36"scaffold_6	transdecoder	mRNA	1263389	1269838	.	-	.	ID=Atsept18706.1.p2;Parent=Atsept18706^scaffold_6^-;Name="ORF type:5prime_partial (+),score=19.36"
Warning: unexpected tab character in last column, line truncated:
scaffold_6	transdecoder	gene	13121513	13123829	.	+	.	ID=Atsept18730^scaffold_6^+;Name="ORF type:5prime_partial (+),score=-93.86"scaffold_6	transdecoder	mRNA	13121513	13123829	.	+	.	ID=Atsept18730.1.p4;Parent=Atsept18730^scaffold_6^+;Name="ORF type:5prime_partial (+),score=-93.86"
Warning: unexpected tab character in last column, line truncated:
scaffold_6	transdecoder	gene	13121513	13123829	.	-	.	ID=Atsept18730^scaffold_6^-;Name="ORF type:5prime_partial (-),score=5.95"scaffold_6	transdecoder	mRNA	13121513	13123829	.	-	.	ID=Atsept18730.1.p8;Parent=Atsept18730^scaffold_6^-;Name="ORF type:5prime_partial (-),score=5.95"
Warning: unexpected tab character in last column, line truncated:
scaffold_6	transdecoder	gene	13126617	13147248	.	-	.	ID=Atsept18732^scaffold_6^-;Name="ORF type:complete (+),score=13.90"scaffold_6	transdecoder	mRNA	13126617	13147248	.	-	.	ID=Atsept18732.1.p2;Parent=Atsept18732^scaffold_6^-;Name="ORF type:complete (+),score=13.90"
Warning: unexpected tab character in last column, line truncated:
scaffold_6	transdecoder	gene	1369912	1370717	.	+	.	ID=Atsept18750^scaffold_6^+;Name="ORF type:complete (+),score=24.92"scaffold_6	transdecoder	mRNA	1369912	1370717	.	+	.	ID=Atsept18750.1.p1;Parent=Atsept18750^scaffold_6^+;Name="ORF type:complete (+),score=24.92"
Warning: unexpected tab character in last column, line truncated:
scaffold_6	transdecoder	gene	18224474	18239197	.	-	.	ID=Atsept18756^scaffold_6^-;Name="ORF type:5prime_partial (+),score=46.79"scaffold_6	transdecoder	mRNA	18224474	18239197	.	-	.	ID=Atsept18756.1.p1;Parent=Atsept18756^scaffold_6^-;Name="ORF type:5prime_partial (+),score=46.79"
Warning: unexpected tab character in last column, line truncated:
scaffold_6	transdecoder	gene	19053894	19060008	.	+	.	ID=Atsept18767^scaffold_6^+;Name="ORF type:complete (+),score=6.76"scaffold_6	transdecoder	mRNA	19053894	19060008	.	+	.	ID=Atsept18767.1.p1;Parent=Atsept18767^scaffold_6^+;Name="ORF type:complete (+),score=6.76"
Warning: unexpected tab character in last column, line truncated:
scaffold_6	transdecoder	gene	19369635	19440666	.	+	.	ID=Atsept18768^scaffold_6^+;Name="ORF type:complete (+),score=12.00"scaffold_6	transdecoder	mRNA	19369635	19440666	.	+	.	ID=Atsept18768.1.p1;Parent=Atsept18768^scaffold_6^+;Name="ORF type:complete (+),score=12.00"
Warning: unexpected tab character in last column, line truncated:
scaffold_6	transdecoder	gene	20171034	20173489	.	+	.	ID=Atsept18769^scaffold_6^+;Name="ORF type:complete (+),score=13.49"scaffold_6	transdecoder	mRNA	20171034	20173489	.	+	.	ID=Atsept18769.1.p1;Parent=Atsept18769^scaffold_6^+;Name="ORF type:complete (+),score=13.49"
Warning: unexpected tab character in last column, line truncated:
scaffold_6	transdecoder	gene	20177034	20184293	.	-	.	ID=Atsept18770^scaffold_6^-;Name="ORF type:complete (+),score=12.11"scaffold_6	transdecoder	mRNA	20177034	20184293	.	-	.	ID=Atsept18770.1.p1;Parent=Atsept18770^scaffold_6^-;Name="ORF type:complete (+),score=12.11"
Warning: unexpected tab character in last column, line truncated:
scaffold_6	transdecoder	gene	26149466	26151938	.	-	.	ID=Atsept18833^scaffold_6^-;Name="ORF type:complete (+),score=13.10"scaffold_6	transdecoder	mRNA	26149466	26151938	.	-	.	ID=Atsept18833.1.p1;Parent=Atsept18833^scaffold_6^-;Name="ORF type:complete (+),score=13.10"
Warning: unexpected tab character in last column, line truncated:
scaffold_6	transdecoder	gene	26152367	26154910	.	-	.	ID=Atsept18834^scaffold_6^-;Name="ORF type:complete (+),score=50.26"scaffold_6	transdecoder	mRNA	26152367	26154910	.	-	.	ID=Atsept18834.1.p1;Parent=Atsept18834^scaffold_6^-;Name="ORF type:complete (+),score=50.26"
Warning: unexpected tab character in last column, line truncated:
scaffold_6	transdecoder	gene	26160058	26162889	.	-	.	ID=Atsept18835^scaffold_6^-;Name="ORF type:complete (+),score=43.76"scaffold_6	transdecoder	mRNA	26160058	26162889	.	-	.	ID=Atsept18835.1.p2;Parent=Atsept18835^scaffold_6^-;Name="ORF type:complete (+),score=43.76"
Warning: unexpected tab character in last column, line truncated:
scaffold_6	transdecoder	gene	27167825	27177586	.	+	.	ID=Atsept18851^scaffold_6^+;Name="ORF type:complete (+),score=10.82"scaffold_6	transdecoder	mRNA	27167825	27177586	.	+	.	ID=Atsept18851.1.p2;Parent=Atsept18851^scaffold_6^+;Name="ORF type:complete (+),score=10.82"
Warning: unexpected tab character in last column, line truncated:
scaffold_6	transdecoder	gene	28718152	28737735	.	+	.	ID=Atsept18854^scaffold_6^+;Name="ORF type:complete (+),score=23.81"scaffold_6	transdecoder	mRNA	28718152	28737735	.	+	.	ID=Atsept18854.1.p1;Parent=Atsept18854^scaffold_6^+;Name="ORF type:complete (+),score=23.81"
Warning: unexpected tab character in last column, line truncated:
scaffold_6	transdecoder	gene	29468320	29469829	.	-	.	ID=Atsept18860^scaffold_6^-;Name="ORF type:complete (+),score=29.46"scaffold_6	transdecoder	mRNA	29468320	29469829	.	-	.	ID=Atsept18860.1.p1;Parent=Atsept18860^scaffold_6^-;Name="ORF type:complete (+),score=29.46"
Warning: unexpected tab character in last column, line truncated:
scaffold_6	transdecoder	gene	367270	368412	.	-	.	ID=Atsept18873^scaffold_6^-;Name="ORF type:complete (+),score=11.92"scaffold_6	transdecoder	mRNA	367270	368412	.	-	.	ID=Atsept18873.1.p1;Parent=Atsept18873^scaffold_6^-;Name="ORF type:complete (+),score=11.92"
Warning: unexpected tab character in last column, line truncated:
scaffold_6	transdecoder	gene	30049185	30059789	.	+	.	ID=Atsept18874^scaffold_6^+;Name="ORF type:complete (+),score=11.97"scaffold_6	transdecoder	mRNA	30049185	30059789	.	+	.	ID=Atsept18874.1.p1;Parent=Atsept18874^scaffold_6^+;Name="ORF type:complete (+),score=11.97"
Warning: unexpected tab character in last column, line truncated:
scaffold_6	transdecoder	gene	30447779	30451271	.	+	.	ID=Atsept18882^scaffold_6^+;Name="ORF type:complete (+),score=20.13"scaffold_6	transdecoder	mRNA	30447779	30451271	.	+	.	ID=Atsept18882.1.p3;Parent=Atsept18882^scaffold_6^+;Name="ORF type:complete (+),score=20.13"
Warning: unexpected tab character in last column, line truncated:
scaffold_6	transdecoder	gene	30598329	30650066	.	+	.	ID=Atsept18883^scaffold_6^+;Name="ORF type:complete (+),score=37.53"scaffold_6	transdecoder	mRNA	30598329	30650066	.	+	.	ID=Atsept18883.1.p1;Parent=Atsept18883^scaffold_6^+;Name="ORF type:complete (+),score=37.53"
Warning: unexpected tab character in last column, line truncated:
scaffold_6	transdecoder	gene	1900536	1903549	.	+	.	ID=Atsept18895^scaffold_6^+;Name="ORF type:complete (+),score=8.23"scaffold_6	transdecoder	mRNA	1900536	1903549	.	+	.	ID=Atsept18895.1.p2;Parent=Atsept18895^scaffold_6^+;Name="ORF type:complete (+),score=8.23"
Warning: unexpected tab character in last column, line truncated:
scaffold_6	transdecoder	gene	31817828	31820537	.	-	.	ID=Atsept18901^scaffold_6^-;Name="ORF type:5prime_partial (+),score=18.00"scaffold_6	transdecoder	mRNA	31817828	31820537	.	-	.	ID=Atsept18901.1.p1;Parent=Atsept18901^scaffold_6^-;Name="ORF type:5prime_partial (+),score=18.00"
Warning: unexpected tab character in last column, line truncated:
scaffold_6	transdecoder	gene	1929781	1959042	.	+	.	ID=Atsept18906^scaffold_6^+;Name="ORF type:complete (+),score=15.24"scaffold_6	transdecoder	mRNA	1929781	1959042	.	+	.	ID=Atsept18906.1.p1;Parent=Atsept18906^scaffold_6^+;Name="ORF type:complete (+),score=15.24"
Warning: unexpected tab character in last column, line truncated:
scaffold_6	transdecoder	gene	32685876	32686782	.	-	.	ID=Atsept18919^scaffold_6^-;Name="ORF type:complete (+),score=29.02"scaffold_6	transdecoder	mRNA	32685876	32686782	.	-	.	ID=Atsept18919.1.p1;Parent=Atsept18919^scaffold_6^-;Name="ORF type:complete (+),score=29.02"
Warning: unexpected tab character in last column, line truncated:
scaffold_6	transdecoder	gene	33674294	33681669	.	+	.	ID=Atsept18927^scaffold_6^+;Name="ORF type:complete (+),score=13.78"scaffold_6	transdecoder	mRNA	33674294	33681669	.	+	.	ID=Atsept18927.1.p2;Parent=Atsept18927^scaffold_6^+;Name="ORF type:complete (+),score=13.78"
Warning: unexpected tab character in last column, line truncated:
scaffold_6	transdecoder	gene	35024982	35027938	.	+	.	ID=Atsept18938^scaffold_6^+;Name="ORF type:complete (+),score=14.60"scaffold_6	transdecoder	mRNA	35024982	35027938	.	+	.	ID=Atsept18938.1.p1;Parent=Atsept18938^scaffold_6^+;Name="ORF type:complete (+),score=14.60"
Warning: unexpected tab character in last column, line truncated:
scaffold_6	transdecoder	gene	35983778	36001697	.	-	.	ID=Atsept18957^scaffold_6^-;Name="ORF type:5prime_partial (+),score=4.45"scaffold_6	transdecoder	mRNA	35983778	36001697	.	-	.	ID=Atsept18957.1.p2;Parent=Atsept18957^scaffold_6^-;Name="ORF type:5prime_partial (+),score=4.45"
Warning: unexpected tab character in last column, line truncated:
scaffold_6	transdecoder	gene	36605865	36607802	.	+	.	ID=Atsept18961^scaffold_6^+;Name="ORF type:complete (+),score=12.81"scaffold_6	transdecoder	mRNA	36605865	36607802	.	+	.	ID=Atsept18961.1.p6;Parent=Atsept18961^scaffold_6^+;Name="ORF type:complete (+),score=12.81"
Warning: unexpected tab character in last column, line truncated:
scaffold_6	transdecoder	gene	36462313	36463588	.	-	.	ID=Atsept18963^scaffold_6^-;Name="ORF type:complete (+),score=7.39"scaffold_6	transdecoder	mRNA	36462313	36463588	.	-	.	ID=Atsept18963.1.p1;Parent=Atsept18963^scaffold_6^-;Name="ORF type:complete (+),score=7.39"
Warning: unexpected tab character in last column, line truncated:
scaffold_6	transdecoder	gene	37537128	37546023	.	+	.	ID=Atsept18972^scaffold_6^+;Name="ORF type:complete (+),score=13.04"scaffold_6	transdecoder	mRNA	37537128	37546023	.	+	.	ID=Atsept18972.1.p1;Parent=Atsept18972^scaffold_6^+;Name="ORF type:complete (+),score=13.04"
Warning: unexpected tab character in last column, line truncated:
scaffold_6	transdecoder	gene	37578453	37581407	.	+	.	ID=Atsept18974^scaffold_6^+;Name="ORF type:complete (+),score=6.71"scaffold_6	transdecoder	mRNA	37578453	37581407	.	+	.	ID=Atsept18974.1.p2;Parent=Atsept18974^scaffold_6^+;Name="ORF type:complete (+),score=6.71"
Warning: unexpected tab character in last column, line truncated:
scaffold_6	transdecoder	gene	2081962	2122990	.	-	.	ID=Atsept18984^scaffold_6^-;Name="ORF type:5prime_partial (+),score=12.29"scaffold_6	transdecoder	mRNA	2081962	2122990	.	-	.	ID=Atsept18984.1.p6;Parent=Atsept18984^scaffold_6^-;Name="ORF type:5prime_partial (+),score=12.29"
Warning: unexpected tab character in last column, line truncated:
scaffold_6	transdecoder	gene	455532	464908	.	-	.	ID=Atsept18985^scaffold_6^-;Name="ORF type:5prime_partial (+),score=44.94"scaffold_6	transdecoder	mRNA	455532	464908	.	-	.	ID=Atsept18985.1.p1;Parent=Atsept18985^scaffold_6^-;Name="ORF type:5prime_partial (+),score=44.94"
Warning: unexpected tab character in last column, line truncated:
scaffold_6	transdecoder	gene	39342107	39347993	.	-	.	ID=Atsept18998^scaffold_6^-;Name="ORF type:complete (+),score=31.38"scaffold_6	transdecoder	mRNA	39342107	39347993	.	-	.	ID=Atsept18998.1.p1;Parent=Atsept18998^scaffold_6^-;Name="ORF type:complete (+),score=31.38"
Warning: unexpected tab character in last column, line truncated:
scaffold_6	transdecoder	gene	40540114	40543242	.	+	.	ID=Atsept19016^scaffold_6^+;Name="ORF type:complete (+),score=21.59"scaffold_6	transdecoder	mRNA	40540114	40543242	.	+	.	ID=Atsept19016.1.p1;Parent=Atsept19016^scaffold_6^+;Name="ORF type:complete (+),score=21.59"
Warning: unexpected tab character in last column, line truncated:
scaffold_6	transdecoder	gene	41236157	41323408	.	-	.	ID=Atsept19027^scaffold_6^-;Name="ORF type:complete (+),score=5.44"scaffold_6	transdecoder	mRNA	41236157	41323408	.	-	.	ID=Atsept19027.1.p2;Parent=Atsept19027^scaffold_6^-;Name="ORF type:complete (+),score=5.44"
Warning: unexpected tab character in last column, line truncated:
scaffold_6	transdecoder	gene	41440630	41560830	.	-	.	ID=Atsept19028^scaffold_6^-;Name="ORF type:complete (+),score=15.23"scaffold_6	transdecoder	mRNA	41440630	41560830	.	-	.	ID=Atsept19028.1.p5;Parent=Atsept19028^scaffold_6^-;Name="ORF type:complete (+),score=15.23"
Warning: unexpected tab character in last column, line truncated:
scaffold_6	transdecoder	gene	42679897	42719293	.	+	.	ID=Atsept19034^scaffold_6^+;Name="ORF type:complete (+),score=9.28"scaffold_6	transdecoder	mRNA	42679897	42719293	.	+	.	ID=Atsept19034.1.p2;Parent=Atsept19034^scaffold_6^+;Name="ORF type:complete (+),score=9.28"
Warning: unexpected tab character in last column, line truncated:
scaffold_6	transdecoder	gene	2378233	2389415	.	-	.	ID=Atsept19040^scaffold_6^-;Name="ORF type:5prime_partial (+),score=34.55"scaffold_6	transdecoder	mRNA	2378233	2389415	.	-	.	ID=Atsept19040.1.p1;Parent=Atsept19040^scaffold_6^-;Name="ORF type:5prime_partial (+),score=34.55"
Warning: unexpected tab character in last column, line truncated:
scaffold_6	transdecoder	gene	45164612	45175264	.	-	.	ID=Atsept19064^scaffold_6^-;Name="ORF type:complete (+),score=10.48"scaffold_6	transdecoder	mRNA	45164612	45175264	.	-	.	ID=Atsept19064.1.p1;Parent=Atsept19064^scaffold_6^-;Name="ORF type:complete (+),score=10.48"
Warning: unexpected tab character in last column, line truncated:
scaffold_6	transdecoder	gene	45963008	45965541	.	+	.	ID=Atsept19065^scaffold_6^+;Name="ORF type:complete (+),score=14.53"scaffold_6	transdecoder	mRNA	45963008	45965541	.	+	.	ID=Atsept19065.1.p1;Parent=Atsept19065^scaffold_6^+;Name="ORF type:complete (+),score=14.53"
Warning: unexpected tab character in last column, line truncated:
scaffold_6	transdecoder	gene	46569449	46575211	.	-	.	ID=Atsept19066^scaffold_6^-;Name="ORF type:complete (+),score=21.77"scaffold_6	transdecoder	mRNA	46569449	46575211	.	-	.	ID=Atsept19066.1.p1;Parent=Atsept19066^scaffold_6^-;Name="ORF type:complete (+),score=21.77"
Warning: unexpected tab character in last column, line truncated:
scaffold_6	transdecoder	gene	46677940	46692127	.	-	.	ID=Atsept19068^scaffold_6^-;Name="ORF type:complete (+),score=16.54"scaffold_6	transdecoder	mRNA	46677940	46692127	.	-	.	ID=Atsept19068.1.p1;Parent=Atsept19068^scaffold_6^-;Name="ORF type:complete (+),score=16.54"
Warning: unexpected tab character in last column, line truncated:
scaffold_6	transdecoder	gene	47370603	47374802	.	+	.	ID=Atsept19069^scaffold_6^+;Name="ORF type:5prime_partial (+),score=13.51"scaffold_6	transdecoder	mRNA	47370603	47374802	.	+	.	ID=Atsept19069.1.p1;Parent=Atsept19069^scaffold_6^+;Name="ORF type:5prime_partial (+),score=13.51"
Warning: unexpected tab character in last column, line truncated:
scaffold_6	transdecoder	gene	47564801	47599971	.	-	.	ID=Atsept19070^scaffold_6^-;Name="ORF type:complete (+),score=7.38"scaffold_6	transdecoder	mRNA	47564801	47599971	.	-	.	ID=Atsept19070.1.p2;Parent=Atsept19070^scaffold_6^-;Name="ORF type:complete (+),score=7.38"
Warning: unexpected tab character in last column, line truncated:
scaffold_6	transdecoder	gene	47933068	47952287	.	+	.	ID=Atsept19071^scaffold_6^+;Name="ORF type:complete (+),score=12.73"scaffold_6	transdecoder	mRNA	47933068	47952287	.	+	.	ID=Atsept19071.1.p1;Parent=Atsept19071^scaffold_6^+;Name="ORF type:complete (+),score=12.73"
Warning: unexpected tab character in last column, line truncated:
scaffold_6	transdecoder	gene	2431074	2440024	.	+	.	ID=Atsept19072^scaffold_6^+;Name="ORF type:complete (+),score=14.29"scaffold_6	transdecoder	mRNA	2431074	2440024	.	+	.	ID=Atsept19072.1.p2;Parent=Atsept19072^scaffold_6^+;Name="ORF type:complete (+),score=14.29"
Warning: unexpected tab character in last column, line truncated:
scaffold_6	transdecoder	gene	48546723	48552207	.	+	.	ID=Atsept19076^scaffold_6^+;Name="ORF type:complete (+),score=16.36"scaffold_6	transdecoder	mRNA	48546723	48552207	.	+	.	ID=Atsept19076.1.p1;Parent=Atsept19076^scaffold_6^+;Name="ORF type:complete (+),score=16.36"
Warning: unexpected tab character in last column, line truncated:
scaffold_6	transdecoder	gene	48610436	48615416	.	-	.	ID=Atsept19079^scaffold_6^-;Name="ORF type:complete (+),score=7.49"scaffold_6	transdecoder	mRNA	48610436	48615416	.	-	.	ID=Atsept19079.1.p3;Parent=Atsept19079^scaffold_6^-;Name="ORF type:complete (+),score=7.49"
Warning: unexpected tab character in last column, line truncated:
scaffold_6	transdecoder	gene	48833696	48835356	.	-	.	ID=Atsept19090^scaffold_6^-;Name="ORF type:complete (+),score=15.85"scaffold_6	transdecoder	mRNA	48833696	48835356	.	-	.	ID=Atsept19090.1.p1;Parent=Atsept19090^scaffold_6^-;Name="ORF type:complete (+),score=15.85"
Warning: unexpected tab character in last column, line truncated:
scaffold_6	transdecoder	gene	49936083	49947498	.	+	.	ID=Atsept19111^scaffold_6^+;Name="ORF type:complete (+),score=7.17"scaffold_6	transdecoder	mRNA	49936083	49947498	.	+	.	ID=Atsept19111.1.p9;Parent=Atsept19111^scaffold_6^+;Name="ORF type:complete (+),score=7.17"
Warning: unexpected tab character in last column, line truncated:
scaffold_6	transdecoder	gene	50277698	50287803	.	+	.	ID=Atsept19113^scaffold_6^+;Name="ORF type:complete (+),score=60.00"scaffold_6	transdecoder	mRNA	50277698	50287803	.	+	.	ID=Atsept19113.1.p1;Parent=Atsept19113^scaffold_6^+;Name="ORF type:complete (+),score=60.00"
Warning: unexpected tab character in last column, line truncated:
scaffold_6	transdecoder	gene	51387588	51391984	.	-	.	ID=Atsept19122^scaffold_6^-;Name="ORF type:complete (+),score=14.07"scaffold_6	transdecoder	mRNA	51387588	51391984	.	-	.	ID=Atsept19122.1.p2;Parent=Atsept19122^scaffold_6^-;Name="ORF type:complete (+),score=14.07"
Warning: unexpected tab character in last column, line truncated:
scaffold_6	transdecoder	gene	52707203	52736481	.	+	.	ID=Atsept19152^scaffold_6^+;Name="ORF type:5prime_partial (+),score=15.82"scaffold_6	transdecoder	mRNA	52707203	52736481	.	+	.	ID=Atsept19152.1.p1;Parent=Atsept19152^scaffold_6^+;Name="ORF type:5prime_partial (+),score=15.82"
Warning: unexpected tab character in last column, line truncated:
scaffold_6	transdecoder	gene	52771786	52782712	.	+	.	ID=Atsept19154^scaffold_6^+;Name="ORF type:complete (+),score=13.18"scaffold_6	transdecoder	mRNA	52771786	52782712	.	+	.	ID=Atsept19154.1.p2;Parent=Atsept19154^scaffold_6^+;Name="ORF type:complete (+),score=13.18"
Warning: unexpected tab character in last column, line truncated:
scaffold_6	transdecoder	gene	52802784	52810114	.	-	.	ID=Atsept19156^scaffold_6^-;Name="ORF type:complete (+),score=9.63"scaffold_6	transdecoder	mRNA	52802784	52810114	.	-	.	ID=Atsept19156.1.p5;Parent=Atsept19156^scaffold_6^-;Name="ORF type:complete (+),score=9.63"
Warning: unexpected tab character in last column, line truncated:
scaffold_6	transdecoder	gene	53868492	53871445	.	-	.	ID=Atsept19163^scaffold_6^-;Name="ORF type:complete (+),score=50.43"scaffold_6	transdecoder	mRNA	53868492	53871445	.	-	.	ID=Atsept19163.1.p2;Parent=Atsept19163^scaffold_6^-;Name="ORF type:complete (+),score=50.43"
Warning: unexpected tab character in last column, line truncated:
scaffold_6	transdecoder	gene	55631096	55634874	.	+	.	ID=Atsept19176^scaffold_6^+;Name="ORF type:complete (+),score=6.17"scaffold_6	transdecoder	mRNA	55631096	55634874	.	+	.	ID=Atsept19176.1.p4;Parent=Atsept19176^scaffold_6^+;Name="ORF type:complete (+),score=6.17"
Warning: unexpected tab character in last column, line truncated:
scaffold_6	transdecoder	gene	55919696	55923861	.	+	.	ID=Atsept19186^scaffold_6^+;Name="ORF type:3prime_partial (+),score=13.15"scaffold_6	transdecoder	mRNA	55919696	55923861	.	+	.	ID=Atsept19186.1.p1;Parent=Atsept19186^scaffold_6^+;Name="ORF type:3prime_partial (+),score=13.15"
Warning: unexpected tab character in last column, line truncated:
scaffold_6	transdecoder	gene	57373634	57380002	.	-	.	ID=Atsept19209^scaffold_6^-;Name="ORF type:5prime_partial (+),score=9.64"scaffold_6	transdecoder	mRNA	57373634	57380002	.	-	.	ID=Atsept19209.1.p5;Parent=Atsept19209^scaffold_6^-;Name="ORF type:5prime_partial (+),score=9.64"
Warning: unexpected tab character in last column, line truncated:
scaffold_6	transdecoder	gene	58036323	58041514	.	-	.	ID=Atsept19226^scaffold_6^-;Name="ORF type:complete (+),score=18.09"scaffold_6	transdecoder	mRNA	58036323	58041514	.	-	.	ID=Atsept19226.1.p1;Parent=Atsept19226^scaffold_6^-;Name="ORF type:complete (+),score=18.09"
Warning: unexpected tab character in last column, line truncated:
scaffold_6	transdecoder	gene	58930825	58941108	.	-	.	ID=Atsept19246^scaffold_6^-;Name="ORF type:complete (+),score=9.86"scaffold_6	transdecoder	mRNA	58930825	58941108	.	-	.	ID=Atsept19246.1.p2;Parent=Atsept19246^scaffold_6^-;Name="ORF type:complete (+),score=9.86"
Warning: unexpected tab character in last column, line truncated:
scaffold_6	transdecoder	gene	60720079	60729159	.	+	.	ID=Atsept19264^scaffold_6^+;Name="ORF type:complete (+),score=9.03"scaffold_6	transdecoder	mRNA	60720079	60729159	.	+	.	ID=Atsept19264.1.p2;Parent=Atsept19264^scaffold_6^+;Name="ORF type:complete (+),score=9.03"
Warning: unexpected tab character in last column, line truncated:
scaffold_6	transdecoder	gene	61312422	61314766	.	+	.	ID=Atsept19279^scaffold_6^+;Name="ORF type:complete (+),score=84.08"scaffold_6	transdecoder	mRNA	61312422	61314766	.	+	.	ID=Atsept19279.1.p1;Parent=Atsept19279^scaffold_6^+;Name="ORF type:complete (+),score=84.08"
Warning: unexpected tab character in last column, line truncated:
scaffold_6	transdecoder	gene	61358968	61403136	.	+	.	ID=Atsept19286^scaffold_6^+;Name="ORF type:complete (+),score=30.82"scaffold_6	transdecoder	mRNA	61358968	61403136	.	+	.	ID=Atsept19286.1.p1;Parent=Atsept19286^scaffold_6^+;Name="ORF type:complete (+),score=30.82"
Warning: unexpected tab character in last column, line truncated:
scaffold_6	transdecoder	gene	61621312	61629772	.	-	.	ID=Atsept19290^scaffold_6^-;Name="ORF type:complete (+),score=11.00"scaffold_6	transdecoder	mRNA	61621312	61629772	.	-	.	ID=Atsept19290.1.p3;Parent=Atsept19290^scaffold_6^-;Name="ORF type:complete (+),score=11.00"
Warning: unexpected tab character in last column, line truncated:
scaffold_6	transdecoder	gene	63472772	63511402	.	-	.	ID=Atsept19333^scaffold_6^-;Name="ORF type:5prime_partial (+),score=33.48"scaffold_6	transdecoder	mRNA	63472772	63511402	.	-	.	ID=Atsept19333.1.p1;Parent=Atsept19333^scaffold_6^-;Name="ORF type:5prime_partial (+),score=33.48"
Warning: unexpected tab character in last column, line truncated:
scaffold_6	transdecoder	gene	64158625	64172384	.	+	.	ID=Atsept19347^scaffold_6^+;Name="ORF type:complete (+),score=19.58"scaffold_6	transdecoder	mRNA	64158625	64172384	.	+	.	ID=Atsept19347.1.p1;Parent=Atsept19347^scaffold_6^+;Name="ORF type:complete (+),score=19.58"
Warning: unexpected tab character in last column, line truncated:
scaffold_6	transdecoder	gene	64347409	64351358	.	+	.	ID=Atsept19355^scaffold_6^+;Name="ORF type:complete (+),score=20.03"scaffold_6	transdecoder	mRNA	64347409	64351358	.	+	.	ID=Atsept19355.1.p1;Parent=Atsept19355^scaffold_6^+;Name="ORF type:complete (+),score=20.03"
Warning: unexpected tab character in last column, line truncated:
scaffold_6	transdecoder	gene	64489038	64489385	.	-	.	ID=Atsept19358^scaffold_6^-;Name="ORF type:complete (+),score=11.20"scaffold_6	transdecoder	mRNA	64489038	64489385	.	-	.	ID=Atsept19358.1.p1;Parent=Atsept19358^scaffold_6^-;Name="ORF type:complete (+),score=11.20"
Warning: unexpected tab character in last column, line truncated:
scaffold_6	transdecoder	gene	64606448	64608605	.	-	.	ID=Atsept19359^scaffold_6^-;Name="ORF type:5prime_partial (+),score=84.00"scaffold_6	transdecoder	mRNA	64606448	64608605	.	-	.	ID=Atsept19359.1.p1;Parent=Atsept19359^scaffold_6^-;Name="ORF type:5prime_partial (+),score=84.00"
Warning: unexpected tab character in last column, line truncated:
scaffold_6	transdecoder	gene	4381628	4390671	.	-	.	ID=Atsept19373^scaffold_6^-;Name="ORF type:5prime_partial (+),score=8.02"scaffold_6	transdecoder	mRNA	4381628	4390671	.	-	.	ID=Atsept19373.1.p2;Parent=Atsept19373^scaffold_6^-;Name="ORF type:5prime_partial (+),score=8.02"
Warning: unexpected tab character in last column, line truncated:
scaffold_6	transdecoder	gene	66254028	66269469	.	-	.	ID=Atsept19383^scaffold_6^-;Name="ORF type:complete (+),score=14.14"scaffold_6	transdecoder	mRNA	66254028	66269469	.	-	.	ID=Atsept19383.1.p1;Parent=Atsept19383^scaffold_6^-;Name="ORF type:complete (+),score=14.14"
Warning: unexpected tab character in last column, line truncated:
scaffold_6	transdecoder	gene	67000011	67016803	.	-	.	ID=Atsept19386^scaffold_6^-;Name="ORF type:complete (+),score=11.42"scaffold_6	transdecoder	mRNA	67000011	67016803	.	-	.	ID=Atsept19386.1.p4;Parent=Atsept19386^scaffold_6^-;Name="ORF type:complete (+),score=11.42"
Warning: unexpected tab character in last column, line truncated:
scaffold_6	transdecoder	gene	68198634	68201121	.	+	.	ID=Atsept19405^scaffold_6^+;Name="ORF type:complete (+),score=29.64"scaffold_6	transdecoder	mRNA	68198634	68201121	.	+	.	ID=Atsept19405.1.p1;Parent=Atsept19405^scaffold_6^+;Name="ORF type:complete (+),score=29.64"
Warning: unexpected tab character in last column, line truncated:
scaffold_6	transdecoder	gene	68194474	68201059	.	-	.	ID=Atsept19407^scaffold_6^-;Name="ORF type:complete (+),score=11.52"scaffold_6	transdecoder	mRNA	68194474	68201059	.	-	.	ID=Atsept19407.1.p1;Parent=Atsept19407^scaffold_6^-;Name="ORF type:complete (+),score=11.52"
Warning: unexpected tab character in last column, line truncated:
scaffold_6	transdecoder	gene	68304468	68326426	.	+	.	ID=Atsept19408^scaffold_6^+;Name="ORF type:complete (+),score=48.88"scaffold_6	transdecoder	mRNA	68304468	68326426	.	+	.	ID=Atsept19408.1.p1;Parent=Atsept19408^scaffold_6^+;Name="ORF type:complete (+),score=48.88"
Warning: unexpected tab character in last column, line truncated:
scaffold_6	transdecoder	gene	68736562	68740843	.	+	.	ID=Atsept19412^scaffold_6^+;Name="ORF type:complete (+),score=16.63"scaffold_6	transdecoder	mRNA	68736562	68740843	.	+	.	ID=Atsept19412.1.p1;Parent=Atsept19412^scaffold_6^+;Name="ORF type:complete (+),score=16.63"
Warning: unexpected tab character in last column, line truncated:
scaffold_6	transdecoder	gene	68773450	68777701	.	+	.	ID=Atsept19413^scaffold_6^+;Name="ORF type:5prime_partial (+),score=3.02"scaffold_6	transdecoder	mRNA	68773450	68777701	.	+	.	ID=Atsept19413.1.p2;Parent=Atsept19413^scaffold_6^+;Name="ORF type:5prime_partial (+),score=3.02"
Warning: unexpected tab character in last column, line truncated:
scaffold_6	transdecoder	gene	68777704	68782435	.	+	.	ID=Atsept19414^scaffold_6^+;Name="ORF type:5prime_partial (+),score=11.14"scaffold_6	transdecoder	mRNA	68777704	68782435	.	+	.	ID=Atsept19414.1.p3;Parent=Atsept19414^scaffold_6^+;Name="ORF type:5prime_partial (+),score=11.14"
Warning: unexpected tab character in last column, line truncated:
scaffold_6	transdecoder	gene	1043696	1046980	.	-	.	ID=Atsept19429^scaffold_6^-;Name="ORF type:complete (+),score=9.56"scaffold_6	transdecoder	mRNA	1043696	1046980	.	-	.	ID=Atsept19429.1.p1;Parent=Atsept19429^scaffold_6^-;Name="ORF type:complete (+),score=9.56"
Warning: unexpected tab character in last column, line truncated:
scaffold_6	transdecoder	gene	70399621	70406900	.	+	.	ID=Atsept19449^scaffold_6^+;Name="ORF type:complete (+),score=14.45"scaffold_6	transdecoder	mRNA	70399621	70406900	.	+	.	ID=Atsept19449.1.p2;Parent=Atsept19449^scaffold_6^+;Name="ORF type:complete (+),score=14.45"
Warning: unexpected tab character in last column, line truncated:
scaffold_6	transdecoder	gene	71067315	71071700	.	-	.	ID=Atsept19460^scaffold_6^-;Name="ORF type:complete (+),score=7.26"scaffold_6	transdecoder	mRNA	71067315	71071700	.	-	.	ID=Atsept19460.1.p1;Parent=Atsept19460^scaffold_6^-;Name="ORF type:complete (+),score=7.26"
Warning: unexpected tab character in last column, line truncated:
scaffold_6	transdecoder	gene	71373185	71385912	.	-	.	ID=Atsept19464^scaffold_6^-;Name="ORF type:complete (+),score=17.91"scaffold_6	transdecoder	mRNA	71373185	71385912	.	-	.	ID=Atsept19464.1.p1;Parent=Atsept19464^scaffold_6^-;Name="ORF type:complete (+),score=17.91"
Warning: unexpected tab character in last column, line truncated:
scaffold_6	transdecoder	gene	71777478	71786436	.	-	.	ID=Atsept19466^scaffold_6^-;Name="ORF type:complete (+),score=13.48"scaffold_6	transdecoder	mRNA	71777478	71786436	.	-	.	ID=Atsept19466.1.p1;Parent=Atsept19466^scaffold_6^-;Name="ORF type:complete (+),score=13.48"
Warning: unexpected tab character in last column, line truncated:
scaffold_6	transdecoder	gene	72630132	72634390	.	-	.	ID=Atsept19475^scaffold_6^-;Name="ORF type:complete (+),score=22.58"scaffold_6	transdecoder	mRNA	72630132	72634390	.	-	.	ID=Atsept19475.1.p1;Parent=Atsept19475^scaffold_6^-;Name="ORF type:complete (+),score=22.58"
Warning: unexpected tab character in last column, line truncated:
scaffold_6	transdecoder	gene	73198632	73201359	.	-	.	ID=Atsept19484^scaffold_6^-;Name="ORF type:complete (+),score=4.65"scaffold_6	transdecoder	mRNA	73198632	73201359	.	-	.	ID=Atsept19484.1.p1;Parent=Atsept19484^scaffold_6^-;Name="ORF type:complete (+),score=4.65"
Warning: unexpected tab character in last column, line truncated:
scaffold_6	transdecoder	gene	74742426	74765431	.	+	.	ID=Atsept19507^scaffold_6^+;Name="ORF type:complete (+),score=9.82"scaffold_6	transdecoder	mRNA	74742426	74765431	.	+	.	ID=Atsept19507.1.p1;Parent=Atsept19507^scaffold_6^+;Name="ORF type:complete (+),score=9.82"
Warning: unexpected tab character in last column, line truncated:
scaffold_6	transdecoder	gene	76943676	76945130	.	+	.	ID=Atsept19512^scaffold_6^+;Name="ORF type:complete (+),score=37.44"scaffold_6	transdecoder	mRNA	76943676	76945130	.	+	.	ID=Atsept19512.1.p2;Parent=Atsept19512^scaffold_6^+;Name="ORF type:complete (+),score=37.44"
Warning: unexpected tab character in last column, line truncated:
scaffold_6	transdecoder	gene	78208577	78222283	.	+	.	ID=Atsept19531^scaffold_6^+;Name="ORF type:complete (+),score=19.68"scaffold_6	transdecoder	mRNA	78208577	78222283	.	+	.	ID=Atsept19531.1.p1;Parent=Atsept19531^scaffold_6^+;Name="ORF type:complete (+),score=19.68"
Warning: unexpected tab character in last column, line truncated:
scaffold_6	transdecoder	gene	78948494	78952545	.	-	.	ID=Atsept19536^scaffold_6^-;Name="ORF type:complete (+),score=92.27"scaffold_6	transdecoder	mRNA	78948494	78952545	.	-	.	ID=Atsept19536.1.p1;Parent=Atsept19536^scaffold_6^-;Name="ORF type:complete (+),score=92.27"
Warning: unexpected tab character in last column, line truncated:
scaffold_6	transdecoder	gene	79525075	79529906	.	-	.	ID=Atsept19543^scaffold_6^-;Name="ORF type:5prime_partial (+),score=14.92"scaffold_6	transdecoder	mRNA	79525075	79529906	.	-	.	ID=Atsept19543.1.p1;Parent=Atsept19543^scaffold_6^-;Name="ORF type:5prime_partial (+),score=14.92"
Warning: unexpected tab character in last column, line truncated:
scaffold_6	transdecoder	gene	80475488	80484403	.	+	.	ID=Atsept19551^scaffold_6^+;Name="ORF type:complete (+),score=10.33"scaffold_6	transdecoder	mRNA	80475488	80484403	.	+	.	ID=Atsept19551.1.p2;Parent=Atsept19551^scaffold_6^+;Name="ORF type:complete (+),score=10.33"
Warning: unexpected tab character in last column, line truncated:
scaffold_6	transdecoder	gene	4857327	4869004	.	-	.	ID=Atsept19561^scaffold_6^-;Name="ORF type:complete (+),score=35.00"scaffold_6	transdecoder	mRNA	4857327	4869004	.	-	.	ID=Atsept19561.1.p1;Parent=Atsept19561^scaffold_6^-;Name="ORF type:complete (+),score=35.00"
Warning: unexpected tab character in last column, line truncated:
scaffold_6	transdecoder	gene	80975736	80976885	.	-	.	ID=Atsept19562^scaffold_6^-;Name="ORF type:complete (+),score=3.77"scaffold_6	transdecoder	mRNA	80975736	80976885	.	-	.	ID=Atsept19562.1.p1;Parent=Atsept19562^scaffold_6^-;Name="ORF type:complete (+),score=3.77"
Warning: unexpected tab character in last column, line truncated:
scaffold_6	transdecoder	gene	82515126	82523624	.	-	.	ID=Atsept19588^scaffold_6^-;Name="ORF type:complete (+),score=10.86"scaffold_6	transdecoder	mRNA	82515126	82523624	.	-	.	ID=Atsept19588.1.p6;Parent=Atsept19588^scaffold_6^-;Name="ORF type:complete (+),score=10.86"
Warning: unexpected tab character in last column, line truncated:
scaffold_6	transdecoder	gene	5007615	5010425	.	-	.	ID=Atsept19605^scaffold_6^-;Name="ORF type:complete (+),score=17.39"scaffold_6	transdecoder	mRNA	5007615	5010425	.	-	.	ID=Atsept19605.1.p1;Parent=Atsept19605^scaffold_6^-;Name="ORF type:complete (+),score=17.39"
Warning: unexpected tab character in last column, line truncated:
scaffold_6	transdecoder	gene	84544118	84568108	.	-	.	ID=Atsept19615^scaffold_6^-;Name="ORF type:complete (+),score=12.42"scaffold_6	transdecoder	mRNA	84544118	84568108	.	-	.	ID=Atsept19615.1.p2;Parent=Atsept19615^scaffold_6^-;Name="ORF type:complete (+),score=12.42"
Warning: unexpected tab character in last column, line truncated:
scaffold_6	transdecoder	gene	84780161	84781158	.	+	.	ID=Atsept19625^scaffold_6^+;Name="ORF type:5prime_partial (+),score=9.71"scaffold_6	transdecoder	mRNA	84780161	84781158	.	+	.	ID=Atsept19625.1.p2;Parent=Atsept19625^scaffold_6^+;Name="ORF type:5prime_partial (+),score=9.71"
Warning: unexpected tab character in last column, line truncated:
scaffold_6	transdecoder	gene	5259994	5293552	.	-	.	ID=Atsept19648^scaffold_6^-;Name="ORF type:complete (+),score=7.70"scaffold_6	transdecoder	mRNA	5259994	5293552	.	-	.	ID=Atsept19648.1.p23;Parent=Atsept19648^scaffold_6^-;Name="ORF type:complete (+),score=7.70"
Warning: unexpected tab character in last column, line truncated:
scaffold_7	transdecoder	gene	110347809	110348268	.	-	.	ID=Atsept19657^scaffold_7^-;Name="ORF type:complete (+),score=3.73"scaffold_7	transdecoder	mRNA	110347809	110348268	.	-	.	ID=Atsept19657.1.p1;Parent=Atsept19657^scaffold_7^-;Name="ORF type:complete (+),score=3.73"
Warning: unexpected tab character in last column, line truncated:
scaffold_7	transdecoder	gene	6026698	6043964	.	-	.	ID=Atsept19659^scaffold_7^-;Name="ORF type:complete (+),score=16.51"scaffold_7	transdecoder	mRNA	6026698	6043964	.	-	.	ID=Atsept19659.1.p5;Parent=Atsept19659^scaffold_7^-;Name="ORF type:complete (+),score=16.51"
Warning: unexpected tab character in last column, line truncated:
scaffold_7	transdecoder	gene	519167	521532	.	+	.	ID=Atsept19678^scaffold_7^+;Name="ORF type:complete (+),score=17.46"scaffold_7	transdecoder	mRNA	519167	521532	.	+	.	ID=Atsept19678.1.p6;Parent=Atsept19678^scaffold_7^+;Name="ORF type:complete (+),score=17.46"
Warning: unexpected tab character in last column, line truncated:
scaffold_7	transdecoder	gene	9835012	9837865	.	+	.	ID=Atsept19684^scaffold_7^+;Name="ORF type:complete (+),score=5.31"scaffold_7	transdecoder	mRNA	9835012	9837865	.	+	.	ID=Atsept19684.1.p1;Parent=Atsept19684^scaffold_7^+;Name="ORF type:complete (+),score=5.31"
Warning: unexpected tab character in last column, line truncated:
scaffold_7	transdecoder	gene	10287336	10296121	.	+	.	ID=Atsept19685^scaffold_7^+;Name="ORF type:complete (+),score=17.81"scaffold_7	transdecoder	mRNA	10287336	10296121	.	+	.	ID=Atsept19685.1.p2;Parent=Atsept19685^scaffold_7^+;Name="ORF type:complete (+),score=17.81"
Warning: unexpected tab character in last column, line truncated:
scaffold_7	transdecoder	gene	12989754	12993033	.	-	.	ID=Atsept19707^scaffold_7^-;Name="ORF type:complete (+),score=11.87"scaffold_7	transdecoder	mRNA	12989754	12993033	.	-	.	ID=Atsept19707.1.p2;Parent=Atsept19707^scaffold_7^-;Name="ORF type:complete (+),score=11.87"
Warning: unexpected tab character in last column, line truncated:
scaffold_7	transdecoder	gene	13000349	13000852	.	-	.	ID=Atsept19708^scaffold_7^-;Name="ORF type:complete (+),score=28.93"scaffold_7	transdecoder	mRNA	13000349	13000852	.	-	.	ID=Atsept19708.1.p2;Parent=Atsept19708^scaffold_7^-;Name="ORF type:complete (+),score=28.93"
Warning: unexpected tab character in last column, line truncated:
scaffold_7	transdecoder	gene	14134980	14141121	.	-	.	ID=Atsept19712^scaffold_7^-;Name="ORF type:complete (+),score=100.44"scaffold_7	transdecoder	mRNA	14134980	14141121	.	-	.	ID=Atsept19712.1.p2;Parent=Atsept19712^scaffold_7^-;Name="ORF type:complete (+),score=100.44"
Warning: unexpected tab character in last column, line truncated:
scaffold_7	transdecoder	gene	14194791	14199737	.	+	.	ID=Atsept19713^scaffold_7^+;Name="ORF type:complete (+),score=19.54"scaffold_7	transdecoder	mRNA	14194791	14199737	.	+	.	ID=Atsept19713.1.p2;Parent=Atsept19713^scaffold_7^+;Name="ORF type:complete (+),score=19.54"
Warning: unexpected tab character in last column, line truncated:
scaffold_7	transdecoder	gene	14463080	14490601	.	+	.	ID=Atsept19714^scaffold_7^+;Name="ORF type:complete (+),score=17.09"scaffold_7	transdecoder	mRNA	14463080	14490601	.	+	.	ID=Atsept19714.1.p1;Parent=Atsept19714^scaffold_7^+;Name="ORF type:complete (+),score=17.09"
Warning: unexpected tab character in last column, line truncated:
scaffold_7	transdecoder	gene	14493761	14513585	.	+	.	ID=Atsept19715^scaffold_7^+;Name="ORF type:complete (+),score=4.27"scaffold_7	transdecoder	mRNA	14493761	14513585	.	+	.	ID=Atsept19715.1.p3;Parent=Atsept19715^scaffold_7^+;Name="ORF type:complete (+),score=4.27"
Warning: unexpected tab character in last column, line truncated:
scaffold_7	transdecoder	gene	14972157	14972760	.	-	.	ID=Atsept19717^scaffold_7^-;Name="ORF type:complete (+),score=11.22"scaffold_7	transdecoder	mRNA	14972157	14972760	.	-	.	ID=Atsept19717.1.p1;Parent=Atsept19717^scaffold_7^-;Name="ORF type:complete (+),score=11.22"
Warning: unexpected tab character in last column, line truncated:
scaffold_7	transdecoder	gene	595191	615220	.	+	.	ID=Atsept19721^scaffold_7^+;Name="ORF type:complete (+),score=71.48"scaffold_7	transdecoder	mRNA	595191	615220	.	+	.	ID=Atsept19721.1.p2;Parent=Atsept19721^scaffold_7^+;Name="ORF type:complete (+),score=71.48"
Warning: unexpected tab character in last column, line truncated:
scaffold_7	transdecoder	gene	591737	595368	.	-	.	ID=Atsept19732^scaffold_7^-;Name="ORF type:complete (+),score=180.64"scaffold_7	transdecoder	mRNA	591737	595368	.	-	.	ID=Atsept19732.1.p1;Parent=Atsept19732^scaffold_7^-;Name="ORF type:complete (+),score=180.64"
Warning: unexpected tab character in last column, line truncated:
scaffold_7	transdecoder	gene	16257336	16258328	.	+	.	ID=Atsept19733^scaffold_7^+;Name="ORF type:complete (+),score=15.57"scaffold_7	transdecoder	mRNA	16257336	16258328	.	+	.	ID=Atsept19733.1.p1;Parent=Atsept19733^scaffold_7^+;Name="ORF type:complete (+),score=15.57"
Warning: unexpected tab character in last column, line truncated:
scaffold_7	transdecoder	gene	16717096	16721612	.	-	.	ID=Atsept19746^scaffold_7^-;Name="ORF type:5prime_partial (+),score=270.76"scaffold_7	transdecoder	mRNA	16717096	16721612	.	-	.	ID=Atsept19746.1.p2;Parent=Atsept19746^scaffold_7^-;Name="ORF type:5prime_partial (+),score=270.76"
Warning: unexpected tab character in last column, line truncated:
scaffold_7	transdecoder	gene	17343282	17363604	.	-	.	ID=Atsept19749^scaffold_7^-;Name="ORF type:complete (+),score=4.99"scaffold_7	transdecoder	mRNA	17343282	17363604	.	-	.	ID=Atsept19749.1.p1;Parent=Atsept19749^scaffold_7^-;Name="ORF type:complete (+),score=4.99"
Warning: unexpected tab character in last column, line truncated:
scaffold_7	transdecoder	gene	17794360	17808363	.	-	.	ID=Atsept19757^scaffold_7^-;Name="ORF type:5prime_partial (+),score=17.00"scaffold_7	transdecoder	mRNA	17794360	17808363	.	-	.	ID=Atsept19757.1.p2;Parent=Atsept19757^scaffold_7^-;Name="ORF type:5prime_partial (+),score=17.00"
Warning: unexpected tab character in last column, line truncated:
scaffold_7	transdecoder	gene	18186149	18190822	.	-	.	ID=Atsept19762^scaffold_7^-;Name="ORF type:complete (+),score=19.82"scaffold_7	transdecoder	mRNA	18186149	18190822	.	-	.	ID=Atsept19762.1.p2;Parent=Atsept19762^scaffold_7^-;Name="ORF type:complete (+),score=19.82"
Warning: unexpected tab character in last column, line truncated:
scaffold_7	transdecoder	gene	18264567	18265137	.	-	.	ID=Atsept19766^scaffold_7^-;Name="ORF type:complete (+),score=27.64"scaffold_7	transdecoder	mRNA	18264567	18265137	.	-	.	ID=Atsept19766.1.p1;Parent=Atsept19766^scaffold_7^-;Name="ORF type:complete (+),score=27.64"
Warning: unexpected tab character in last column, line truncated:
scaffold_7	transdecoder	gene	19452484	19458028	.	-	.	ID=Atsept19771^scaffold_7^-;Name="ORF type:complete (+),score=21.61"scaffold_7	transdecoder	mRNA	19452484	19458028	.	-	.	ID=Atsept19771.1.p1;Parent=Atsept19771^scaffold_7^-;Name="ORF type:complete (+),score=21.61"
Warning: unexpected tab character in last column, line truncated:
scaffold_7	transdecoder	gene	19477022	19482577	.	+	.	ID=Atsept19772^scaffold_7^+;Name="ORF type:complete (+),score=15.99"scaffold_7	transdecoder	mRNA	19477022	19482577	.	+	.	ID=Atsept19772.1.p4;Parent=Atsept19772^scaffold_7^+;Name="ORF type:complete (+),score=15.99"
Warning: unexpected tab character in last column, line truncated:
scaffold_7	transdecoder	gene	699047	700054	.	-	.	ID=Atsept19776^scaffold_7^-;Name="ORF type:complete (+),score=14.87"scaffold_7	transdecoder	mRNA	699047	700054	.	-	.	ID=Atsept19776.1.p2;Parent=Atsept19776^scaffold_7^-;Name="ORF type:complete (+),score=14.87"
Warning: unexpected tab character in last column, line truncated:
scaffold_7	transdecoder	gene	20034603	20079008	.	-	.	ID=Atsept19777^scaffold_7^-;Name="ORF type:complete (+),score=15.96"scaffold_7	transdecoder	mRNA	20034603	20079008	.	-	.	ID=Atsept19777.1.p1;Parent=Atsept19777^scaffold_7^-;Name="ORF type:complete (+),score=15.96"
Warning: unexpected tab character in last column, line truncated:
scaffold_7	transdecoder	gene	22946940	22960864	.	+	.	ID=Atsept19783^scaffold_7^+;Name="ORF type:complete (+),score=18.55"scaffold_7	transdecoder	mRNA	22946940	22960864	.	+	.	ID=Atsept19783.1.p1;Parent=Atsept19783^scaffold_7^+;Name="ORF type:complete (+),score=18.55"
Warning: unexpected tab character in last column, line truncated:
scaffold_7	transdecoder	gene	740707	741825	.	+	.	ID=Atsept19787^scaffold_7^+;Name="ORF type:complete (+),score=37.10"scaffold_7	transdecoder	mRNA	740707	741825	.	+	.	ID=Atsept19787.1.p2;Parent=Atsept19787^scaffold_7^+;Name="ORF type:complete (+),score=37.10"
Warning: unexpected tab character in last column, line truncated:
scaffold_7	transdecoder	gene	23240508	23245461	.	-	.	ID=Atsept19788^scaffold_7^-;Name="ORF type:complete (+),score=28.59"scaffold_7	transdecoder	mRNA	23240508	23245461	.	-	.	ID=Atsept19788.1.p2;Parent=Atsept19788^scaffold_7^-;Name="ORF type:complete (+),score=28.59"
Warning: unexpected tab character in last column, line truncated:
scaffold_7	transdecoder	gene	23504715	23515560	.	+	.	ID=Atsept19792^scaffold_7^+;Name="ORF type:complete (+),score=18.95"scaffold_7	transdecoder	mRNA	23504715	23515560	.	+	.	ID=Atsept19792.1.p3;Parent=Atsept19792^scaffold_7^+;Name="ORF type:complete (+),score=18.95"
Warning: unexpected tab character in last column, line truncated:
scaffold_7	transdecoder	gene	25676523	25677011	.	+	.	ID=Atsept19804^scaffold_7^+;Name="ORF type:complete (+),score=21.28"scaffold_7	transdecoder	mRNA	25676523	25677011	.	+	.	ID=Atsept19804.1.p2;Parent=Atsept19804^scaffold_7^+;Name="ORF type:complete (+),score=21.28"
Warning: unexpected tab character in last column, line truncated:
scaffold_7	transdecoder	gene	25743637	25746545	.	-	.	ID=Atsept19806^scaffold_7^-;Name="ORF type:complete (+),score=8.13"scaffold_7	transdecoder	mRNA	25743637	25746545	.	-	.	ID=Atsept19806.1.p2;Parent=Atsept19806^scaffold_7^-;Name="ORF type:complete (+),score=8.13"
Warning: unexpected tab character in last column, line truncated:
scaffold_7	transdecoder	gene	26402260	26415359	.	+	.	ID=Atsept19815^scaffold_7^+;Name="ORF type:complete (+),score=5.72"scaffold_7	transdecoder	mRNA	26402260	26415359	.	+	.	ID=Atsept19815.1.p1;Parent=Atsept19815^scaffold_7^+;Name="ORF type:complete (+),score=5.72"
Warning: unexpected tab character in last column, line truncated:
scaffold_7	transdecoder	gene	30908925	30974820	.	+	.	ID=Atsept19878^scaffold_7^+;Name="ORF type:complete (+),score=5.45"scaffold_7	transdecoder	mRNA	30908925	30974820	.	+	.	ID=Atsept19878.1.p1;Parent=Atsept19878^scaffold_7^+;Name="ORF type:complete (+),score=5.45"
Warning: unexpected tab character in last column, line truncated:
scaffold_7	transdecoder	gene	31169846	31175076	.	+	.	ID=Atsept19880^scaffold_7^+;Name="ORF type:complete (+),score=16.96"scaffold_7	transdecoder	mRNA	31169846	31175076	.	+	.	ID=Atsept19880.1.p1;Parent=Atsept19880^scaffold_7^+;Name="ORF type:complete (+),score=16.96"
Warning: unexpected tab character in last column, line truncated:
scaffold_7	transdecoder	gene	31816861	31821668	.	+	.	ID=Atsept19882^scaffold_7^+;Name="ORF type:complete (+),score=3.80"scaffold_7	transdecoder	mRNA	31816861	31821668	.	+	.	ID=Atsept19882.1.p1;Parent=Atsept19882^scaffold_7^+;Name="ORF type:complete (+),score=3.80"
Warning: unexpected tab character in last column, line truncated:
scaffold_7	transdecoder	gene	31855837	31856791	.	+	.	ID=Atsept19883^scaffold_7^+;Name="ORF type:complete (+),score=16.17"scaffold_7	transdecoder	mRNA	31855837	31856791	.	+	.	ID=Atsept19883.1.p1;Parent=Atsept19883^scaffold_7^+;Name="ORF type:complete (+),score=16.17"
Warning: unexpected tab character in last column, line truncated:
scaffold_7	transdecoder	gene	32148118	32165603	.	+	.	ID=Atsept19889^scaffold_7^+;Name="ORF type:complete (+),score=20.66"scaffold_7	transdecoder	mRNA	32148118	32165603	.	+	.	ID=Atsept19889.1.p2;Parent=Atsept19889^scaffold_7^+;Name="ORF type:complete (+),score=20.66"
Warning: unexpected tab character in last column, line truncated:
scaffold_7	transdecoder	gene	33231527	33262086	.	+	.	ID=Atsept19899^scaffold_7^+;Name="ORF type:complete (+),score=5.90"scaffold_7	transdecoder	mRNA	33231527	33262086	.	+	.	ID=Atsept19899.1.p1;Parent=Atsept19899^scaffold_7^+;Name="ORF type:complete (+),score=5.90"
Warning: unexpected tab character in last column, line truncated:
scaffold_7	transdecoder	gene	33246325	33253207	.	-	.	ID=Atsept19900^scaffold_7^-;Name="ORF type:complete (+),score=12.27"scaffold_7	transdecoder	mRNA	33246325	33253207	.	-	.	ID=Atsept19900.1.p1;Parent=Atsept19900^scaffold_7^-;Name="ORF type:complete (+),score=12.27"
Warning: unexpected tab character in last column, line truncated:
scaffold_7	transdecoder	gene	34747508	34756550	.	+	.	ID=Atsept19917^scaffold_7^+;Name="ORF type:complete (+),score=17.47"scaffold_7	transdecoder	mRNA	34747508	34756550	.	+	.	ID=Atsept19917.1.p1;Parent=Atsept19917^scaffold_7^+;Name="ORF type:complete (+),score=17.47"
Warning: unexpected tab character in last column, line truncated:
scaffold_7	transdecoder	gene	34903569	34926402	.	+	.	ID=Atsept19918^scaffold_7^+;Name="ORF type:complete (+),score=12.22"scaffold_7	transdecoder	mRNA	34903569	34926402	.	+	.	ID=Atsept19918.1.p2;Parent=Atsept19918^scaffold_7^+;Name="ORF type:complete (+),score=12.22"
Warning: unexpected tab character in last column, line truncated:
scaffold_7	transdecoder	gene	35359326	35368489	.	+	.	ID=Atsept19919^scaffold_7^+;Name="ORF type:3prime_partial (+),score=12.54"scaffold_7	transdecoder	mRNA	35359326	35368489	.	+	.	ID=Atsept19919.1.p2;Parent=Atsept19919^scaffold_7^+;Name="ORF type:3prime_partial (+),score=12.54"
Warning: unexpected tab character in last column, line truncated:
scaffold_7	transdecoder	gene	35500363	35508431	.	-	.	ID=Atsept19925^scaffold_7^-;Name="ORF type:5prime_partial (+),score=35.03"scaffold_7	transdecoder	mRNA	35500363	35508431	.	-	.	ID=Atsept19925.1.p1;Parent=Atsept19925^scaffold_7^-;Name="ORF type:5prime_partial (+),score=35.03"
Warning: unexpected tab character in last column, line truncated:
scaffold_7	transdecoder	gene	1090040	1100401	.	-	.	ID=Atsept19931^scaffold_7^-;Name="ORF type:complete (+),score=17.30"scaffold_7	transdecoder	mRNA	1090040	1100401	.	-	.	ID=Atsept19931.1.p18;Parent=Atsept19931^scaffold_7^-;Name="ORF type:complete (+),score=17.30"
Warning: unexpected tab character in last column, line truncated:
scaffold_7	transdecoder	gene	36439600	36458271	.	+	.	ID=Atsept19937^scaffold_7^+;Name="ORF type:5prime_partial (+),score=1.33"scaffold_7	transdecoder	mRNA	36439600	36458271	.	+	.	ID=Atsept19937.1.p3;Parent=Atsept19937^scaffold_7^+;Name="ORF type:5prime_partial (+),score=1.33"
Warning: unexpected tab character in last column, line truncated:
scaffold_7	transdecoder	gene	36667337	36691088	.	+	.	ID=Atsept19941^scaffold_7^+;Name="ORF type:complete (+),score=21.63"scaffold_7	transdecoder	mRNA	36667337	36691088	.	+	.	ID=Atsept19941.1.p1;Parent=Atsept19941^scaffold_7^+;Name="ORF type:complete (+),score=21.63"
Warning: unexpected tab character in last column, line truncated:
scaffold_7	transdecoder	gene	37327984	37354576	.	-	.	ID=Atsept19942^scaffold_7^-;Name="ORF type:3prime_partial (+),score=27.54"scaffold_7	transdecoder	mRNA	37327984	37354576	.	-	.	ID=Atsept19942.1.p1;Parent=Atsept19942^scaffold_7^-;Name="ORF type:3prime_partial (+),score=27.54"
Warning: unexpected tab character in last column, line truncated:
scaffold_7	transdecoder	gene	38230657	38238891	.	-	.	ID=Atsept19944^scaffold_7^-;Name="ORF type:complete (+),score=17.17"scaffold_7	transdecoder	mRNA	38230657	38238891	.	-	.	ID=Atsept19944.1.p1;Parent=Atsept19944^scaffold_7^-;Name="ORF type:complete (+),score=17.17"
Warning: unexpected tab character in last column, line truncated:
scaffold_7	transdecoder	gene	39692898	39696292	.	+	.	ID=Atsept19961^scaffold_7^+;Name="ORF type:complete (+),score=19.88"scaffold_7	transdecoder	mRNA	39692898	39696292	.	+	.	ID=Atsept19961.1.p1;Parent=Atsept19961^scaffold_7^+;Name="ORF type:complete (+),score=19.88"
Warning: unexpected tab character in last column, line truncated:
scaffold_7	transdecoder	gene	40014778	40028148	.	-	.	ID=Atsept19964^scaffold_7^-;Name="ORF type:5prime_partial (+),score=37.62"scaffold_7	transdecoder	mRNA	40014778	40028148	.	-	.	ID=Atsept19964.1.p1;Parent=Atsept19964^scaffold_7^-;Name="ORF type:5prime_partial (+),score=37.62"
Warning: unexpected tab character in last column, line truncated:
scaffold_7	transdecoder	gene	40204625	40215096	.	-	.	ID=Atsept19968^scaffold_7^-;Name="ORF type:complete (+),score=29.62"scaffold_7	transdecoder	mRNA	40204625	40215096	.	-	.	ID=Atsept19968.1.p1;Parent=Atsept19968^scaffold_7^-;Name="ORF type:complete (+),score=29.62"
Warning: unexpected tab character in last column, line truncated:
scaffold_7	transdecoder	gene	42430096	42431364	.	-	.	ID=Atsept19994^scaffold_7^-;Name="ORF type:complete (+),score=68.17"scaffold_7	transdecoder	mRNA	42430096	42431364	.	-	.	ID=Atsept19994.1.p2;Parent=Atsept19994^scaffold_7^-;Name="ORF type:complete (+),score=68.17"
Warning: unexpected tab character in last column, line truncated:
scaffold_7	transdecoder	gene	42439019	42448919	.	-	.	ID=Atsept19995^scaffold_7^-;Name="ORF type:complete (+),score=28.99"scaffold_7	transdecoder	mRNA	42439019	42448919	.	-	.	ID=Atsept19995.1.p1;Parent=Atsept19995^scaffold_7^-;Name="ORF type:complete (+),score=28.99"
Warning: unexpected tab character in last column, line truncated:
scaffold_7	transdecoder	gene	42509238	42511528	.	+	.	ID=Atsept19996^scaffold_7^+;Name="ORF type:complete (+),score=13.43"scaffold_7	transdecoder	mRNA	42509238	42511528	.	+	.	ID=Atsept19996.1.p1;Parent=Atsept19996^scaffold_7^+;Name="ORF type:complete (+),score=13.43"
Warning: unexpected tab character in last column, line truncated:
scaffold_7	transdecoder	gene	43072913	43073771	.	+	.	ID=Atsept20004^scaffold_7^+;Name="ORF type:complete (+),score=13.76"scaffold_7	transdecoder	mRNA	43072913	43073771	.	+	.	ID=Atsept20004.1.p1;Parent=Atsept20004^scaffold_7^+;Name="ORF type:complete (+),score=13.76"
Warning: unexpected tab character in last column, line truncated:
scaffold_7	transdecoder	gene	43342085	43346964	.	-	.	ID=Atsept20007^scaffold_7^-;Name="ORF type:complete (+),score=10.47"scaffold_7	transdecoder	mRNA	43342085	43346964	.	-	.	ID=Atsept20007.1.p1;Parent=Atsept20007^scaffold_7^-;Name="ORF type:complete (+),score=10.47"
Warning: unexpected tab character in last column, line truncated:
scaffold_7	transdecoder	gene	43348151	43354522	.	-	.	ID=Atsept20009^scaffold_7^-;Name="ORF type:complete (+),score=15.44"scaffold_7	transdecoder	mRNA	43348151	43354522	.	-	.	ID=Atsept20009.1.p1;Parent=Atsept20009^scaffold_7^-;Name="ORF type:complete (+),score=15.44"
Warning: unexpected tab character in last column, line truncated:
scaffold_7	transdecoder	gene	1325149	1345406	.	+	.	ID=Atsept20019^scaffold_7^+;Name="ORF type:complete (+),score=64.15"scaffold_7	transdecoder	mRNA	1325149	1345406	.	+	.	ID=Atsept20019.1.p2;Parent=Atsept20019^scaffold_7^+;Name="ORF type:complete (+),score=64.15"
Warning: unexpected tab character in last column, line truncated:
scaffold_7	transdecoder	gene	1370722	1380432	.	+	.	ID=Atsept20040^scaffold_7^+;Name="ORF type:complete (+),score=12.79"scaffold_7	transdecoder	mRNA	1370722	1380432	.	+	.	ID=Atsept20040.1.p2;Parent=Atsept20040^scaffold_7^+;Name="ORF type:complete (+),score=12.79"
Warning: unexpected tab character in last column, line truncated:
scaffold_7	transdecoder	gene	47197031	47200617	.	-	.	ID=Atsept20053^scaffold_7^-;Name="ORF type:complete (+),score=48.82"scaffold_7	transdecoder	mRNA	47197031	47200617	.	-	.	ID=Atsept20053.1.p2;Parent=Atsept20053^scaffold_7^-;Name="ORF type:complete (+),score=48.82"
Warning: unexpected tab character in last column, line truncated:
scaffold_7	transdecoder	gene	47931136	47935116	.	-	.	ID=Atsept20067^scaffold_7^-;Name="ORF type:complete (+),score=18.19"scaffold_7	transdecoder	mRNA	47931136	47935116	.	-	.	ID=Atsept20067.1.p1;Parent=Atsept20067^scaffold_7^-;Name="ORF type:complete (+),score=18.19"
Warning: unexpected tab character in last column, line truncated:
scaffold_7	transdecoder	gene	48169803	48171588	.	-	.	ID=Atsept20069^scaffold_7^-;Name="ORF type:5prime_partial (+),score=8.87"scaffold_7	transdecoder	mRNA	48169803	48171588	.	-	.	ID=Atsept20069.1.p1;Parent=Atsept20069^scaffold_7^-;Name="ORF type:5prime_partial (+),score=8.87"
Warning: unexpected tab character in last column, line truncated:
scaffold_7	transdecoder	gene	1401726	1404299	.	-	.	ID=Atsept20073^scaffold_7^-;Name="ORF type:complete (+),score=0.91"scaffold_7	transdecoder	mRNA	1401726	1404299	.	-	.	ID=Atsept20073.1.p3;Parent=Atsept20073^scaffold_7^-;Name="ORF type:complete (+),score=0.91"
Warning: unexpected tab character in last column, line truncated:
scaffold_7	transdecoder	gene	49434856	49436064	.	+	.	ID=Atsept20076^scaffold_7^+;Name="ORF type:complete (+),score=5.45"scaffold_7	transdecoder	mRNA	49434856	49436064	.	+	.	ID=Atsept20076.1.p1;Parent=Atsept20076^scaffold_7^+;Name="ORF type:complete (+),score=5.45"
Warning: unexpected tab character in last column, line truncated:
scaffold_7	transdecoder	gene	50918678	50951523	.	-	.	ID=Atsept20088^scaffold_7^-;Name="ORF type:complete (+),score=7.13"scaffold_7	transdecoder	mRNA	50918678	50951523	.	-	.	ID=Atsept20088.1.p3;Parent=Atsept20088^scaffold_7^-;Name="ORF type:complete (+),score=7.13"
Warning: unexpected tab character in last column, line truncated:
scaffold_7	transdecoder	gene	51091515	51119499	.	-	.	ID=Atsept20089^scaffold_7^-;Name="ORF type:complete (+),score=22.08"scaffold_7	transdecoder	mRNA	51091515	51119499	.	-	.	ID=Atsept20089.1.p1;Parent=Atsept20089^scaffold_7^-;Name="ORF type:complete (+),score=22.08"
Warning: unexpected tab character in last column, line truncated:
scaffold_7	transdecoder	gene	51427973	51431494	.	+	.	ID=Atsept20092^scaffold_7^+;Name="ORF type:complete (+),score=15.00"scaffold_7	transdecoder	mRNA	51427973	51431494	.	+	.	ID=Atsept20092.1.p1;Parent=Atsept20092^scaffold_7^+;Name="ORF type:complete (+),score=15.00"
Warning: unexpected tab character in last column, line truncated:
scaffold_7	transdecoder	gene	1524758	1531192	.	+	.	ID=Atsept20108^scaffold_7^+;Name="ORF type:complete (+),score=117.96"scaffold_7	transdecoder	mRNA	1524758	1531192	.	+	.	ID=Atsept20108.1.p1;Parent=Atsept20108^scaffold_7^+;Name="ORF type:complete (+),score=117.96"
Warning: unexpected tab character in last column, line truncated:
scaffold_7	transdecoder	gene	52416735	52420668	.	-	.	ID=Atsept20111^scaffold_7^-;Name="ORF type:complete (+),score=16.69"scaffold_7	transdecoder	mRNA	52416735	52420668	.	-	.	ID=Atsept20111.1.p1;Parent=Atsept20111^scaffold_7^-;Name="ORF type:complete (+),score=16.69"
Warning: unexpected tab character in last column, line truncated:
scaffold_7	transdecoder	gene	53888591	53981736	.	+	.	ID=Atsept20112^scaffold_7^+;Name="ORF type:complete (+),score=15.41"scaffold_7	transdecoder	mRNA	53888591	53981736	.	+	.	ID=Atsept20112.1.p3;Parent=Atsept20112^scaffold_7^+;Name="ORF type:complete (+),score=15.41"
Warning: unexpected tab character in last column, line truncated:
scaffold_7	transdecoder	gene	54552634	54566783	.	+	.	ID=Atsept20120^scaffold_7^+;Name="ORF type:complete (+),score=17.36"scaffold_7	transdecoder	mRNA	54552634	54566783	.	+	.	ID=Atsept20120.1.p1;Parent=Atsept20120^scaffold_7^+;Name="ORF type:complete (+),score=17.36"
Warning: unexpected tab character in last column, line truncated:
scaffold_7	transdecoder	gene	54624047	54624772	.	-	.	ID=Atsept20121^scaffold_7^-;Name="ORF type:complete (+),score=8.37"scaffold_7	transdecoder	mRNA	54624047	54624772	.	-	.	ID=Atsept20121.1.p3;Parent=Atsept20121^scaffold_7^-;Name="ORF type:complete (+),score=8.37"
Warning: unexpected tab character in last column, line truncated:
scaffold_7	transdecoder	gene	55780452	55789398	.	+	.	ID=Atsept20126^scaffold_7^+;Name="ORF type:5prime_partial (+),score=44.10"scaffold_7	transdecoder	mRNA	55780452	55789398	.	+	.	ID=Atsept20126.1.p1;Parent=Atsept20126^scaffold_7^+;Name="ORF type:5prime_partial (+),score=44.10"
Warning: unexpected tab character in last column, line truncated:
scaffold_7	transdecoder	gene	1556607	1563777	.	+	.	ID=Atsept20129^scaffold_7^+;Name="ORF type:complete (+),score=67.72"scaffold_7	transdecoder	mRNA	1556607	1563777	.	+	.	ID=Atsept20129.1.p2;Parent=Atsept20129^scaffold_7^+;Name="ORF type:complete (+),score=67.72"
Warning: unexpected tab character in last column, line truncated:
scaffold_7	transdecoder	gene	56396443	56398054	.	-	.	ID=Atsept20136^scaffold_7^-;Name="ORF type:complete (+),score=6.98"scaffold_7	transdecoder	mRNA	56396443	56398054	.	-	.	ID=Atsept20136.1.p1;Parent=Atsept20136^scaffold_7^-;Name="ORF type:complete (+),score=6.98"
Warning: unexpected tab character in last column, line truncated:
scaffold_7	transdecoder	gene	59268370	59274643	.	+	.	ID=Atsept20169^scaffold_7^+;Name="ORF type:complete (+),score=22.82"scaffold_7	transdecoder	mRNA	59268370	59274643	.	+	.	ID=Atsept20169.1.p1;Parent=Atsept20169^scaffold_7^+;Name="ORF type:complete (+),score=22.82"
Warning: unexpected tab character in last column, line truncated:
scaffold_7	transdecoder	gene	59317821	59328058	.	-	.	ID=Atsept20170^scaffold_7^-;Name="ORF type:complete (+),score=26.04"scaffold_7	transdecoder	mRNA	59317821	59328058	.	-	.	ID=Atsept20170.1.p2;Parent=Atsept20170^scaffold_7^-;Name="ORF type:complete (+),score=26.04"
Warning: unexpected tab character in last column, line truncated:
scaffold_7	transdecoder	gene	60640024	60649629	.	-	.	ID=Atsept20180^scaffold_7^-;Name="ORF type:complete (+),score=8.77"scaffold_7	transdecoder	mRNA	60640024	60649629	.	-	.	ID=Atsept20180.1.p3;Parent=Atsept20180^scaffold_7^-;Name="ORF type:complete (+),score=8.77"
Warning: unexpected tab character in last column, line truncated:
scaffold_7	transdecoder	gene	61432171	61432651	.	-	.	ID=Atsept20189^scaffold_7^-;Name="ORF type:complete (+),score=8.88"scaffold_7	transdecoder	mRNA	61432171	61432651	.	-	.	ID=Atsept20189.1.p1;Parent=Atsept20189^scaffold_7^-;Name="ORF type:complete (+),score=8.88"
Warning: unexpected tab character in last column, line truncated:
scaffold_7	transdecoder	gene	62085118	62088432	.	-	.	ID=Atsept20196^scaffold_7^-;Name="ORF type:complete (+),score=15.72"scaffold_7	transdecoder	mRNA	62085118	62088432	.	-	.	ID=Atsept20196.1.p1;Parent=Atsept20196^scaffold_7^-;Name="ORF type:complete (+),score=15.72"
Warning: unexpected tab character in last column, line truncated:
scaffold_7	transdecoder	gene	63900750	63929812	.	-	.	ID=Atsept20220^scaffold_7^-;Name="ORF type:complete (+),score=21.59"scaffold_7	transdecoder	mRNA	63900750	63929812	.	-	.	ID=Atsept20220.1.p1;Parent=Atsept20220^scaffold_7^-;Name="ORF type:complete (+),score=21.59"
Warning: unexpected tab character in last column, line truncated:
scaffold_7	transdecoder	gene	65763140	65764912	.	-	.	ID=Atsept20224^scaffold_7^-;Name="ORF type:complete (+),score=7.84"scaffold_7	transdecoder	mRNA	65763140	65764912	.	-	.	ID=Atsept20224.1.p1;Parent=Atsept20224^scaffold_7^-;Name="ORF type:complete (+),score=7.84"
Warning: unexpected tab character in last column, line truncated:
scaffold_7	transdecoder	gene	68961692	68972343	.	-	.	ID=Atsept20244^scaffold_7^-;Name="ORF type:complete (+),score=17.66"scaffold_7	transdecoder	mRNA	68961692	68972343	.	-	.	ID=Atsept20244.1.p1;Parent=Atsept20244^scaffold_7^-;Name="ORF type:complete (+),score=17.66"
Warning: unexpected tab character in last column, line truncated:
scaffold_7	transdecoder	gene	69145961	69157912	.	+	.	ID=Atsept20247^scaffold_7^+;Name="ORF type:complete (+),score=19.45"scaffold_7	transdecoder	mRNA	69145961	69157912	.	+	.	ID=Atsept20247.1.p1;Parent=Atsept20247^scaffold_7^+;Name="ORF type:complete (+),score=19.45"
Warning: unexpected tab character in last column, line truncated:
scaffold_7	transdecoder	gene	69244818	69256238	.	+	.	ID=Atsept20248^scaffold_7^+;Name="ORF type:complete (+),score=4.12"scaffold_7	transdecoder	mRNA	69244818	69256238	.	+	.	ID=Atsept20248.1.p1;Parent=Atsept20248^scaffold_7^+;Name="ORF type:complete (+),score=4.12"
Warning: unexpected tab character in last column, line truncated:
scaffold_7	transdecoder	gene	70628291	70650244	.	-	.	ID=Atsept20255^scaffold_7^-;Name="ORF type:complete (+),score=12.95"scaffold_7	transdecoder	mRNA	70628291	70650244	.	-	.	ID=Atsept20255.1.p2;Parent=Atsept20255^scaffold_7^-;Name="ORF type:complete (+),score=12.95"
Warning: unexpected tab character in last column, line truncated:
scaffold_7	transdecoder	gene	71104779	71105422	.	+	.	ID=Atsept20256^scaffold_7^+;Name="ORF type:complete (+),score=20.43"scaffold_7	transdecoder	mRNA	71104779	71105422	.	+	.	ID=Atsept20256.1.p1;Parent=Atsept20256^scaffold_7^+;Name="ORF type:complete (+),score=20.43"
Warning: unexpected tab character in last column, line truncated:
scaffold_7	transdecoder	gene	72297618	72300777	.	-	.	ID=Atsept20265^scaffold_7^-;Name="ORF type:complete (+),score=9.75"scaffold_7	transdecoder	mRNA	72297618	72300777	.	-	.	ID=Atsept20265.1.p1;Parent=Atsept20265^scaffold_7^-;Name="ORF type:complete (+),score=9.75"
Warning: unexpected tab character in last column, line truncated:
scaffold_7	transdecoder	gene	72310653	72315946	.	+	.	ID=Atsept20266^scaffold_7^+;Name="ORF type:complete (+),score=19.79"scaffold_7	transdecoder	mRNA	72310653	72315946	.	+	.	ID=Atsept20266.1.p3;Parent=Atsept20266^scaffold_7^+;Name="ORF type:complete (+),score=19.79"
Warning: unexpected tab character in last column, line truncated:
scaffold_7	transdecoder	gene	72326026	72328146	.	+	.	ID=Atsept20267^scaffold_7^+;Name="ORF type:complete (+),score=4.38"scaffold_7	transdecoder	mRNA	72326026	72328146	.	+	.	ID=Atsept20267.1.p1;Parent=Atsept20267^scaffold_7^+;Name="ORF type:complete (+),score=4.38"
Warning: unexpected tab character in last column, line truncated:
scaffold_7	transdecoder	gene	73613706	73620842	.	-	.	ID=Atsept20295^scaffold_7^-;Name="ORF type:complete (+),score=33.06"scaffold_7	transdecoder	mRNA	73613706	73620842	.	-	.	ID=Atsept20295.1.p1;Parent=Atsept20295^scaffold_7^-;Name="ORF type:complete (+),score=33.06"
Warning: unexpected tab character in last column, line truncated:
scaffold_7	transdecoder	gene	73854532	73861127	.	-	.	ID=Atsept20296^scaffold_7^-;Name="ORF type:complete (+),score=19.09"scaffold_7	transdecoder	mRNA	73854532	73861127	.	-	.	ID=Atsept20296.1.p1;Parent=Atsept20296^scaffold_7^-;Name="ORF type:complete (+),score=19.09"
Warning: unexpected tab character in last column, line truncated:
scaffold_7	transdecoder	gene	74000747	74228703	.	-	.	ID=Atsept20298^scaffold_7^-;Name="ORF type:complete (+),score=11.37"scaffold_7	transdecoder	mRNA	74000747	74228703	.	-	.	ID=Atsept20298.1.p1;Parent=Atsept20298^scaffold_7^-;Name="ORF type:complete (+),score=11.37"
Warning: unexpected tab character in last column, line truncated:
scaffold_7	transdecoder	gene	74630614	74631618	.	+	.	ID=Atsept20301^scaffold_7^+;Name="ORF type:complete (+),score=12.15"scaffold_7	transdecoder	mRNA	74630614	74631618	.	+	.	ID=Atsept20301.1.p2;Parent=Atsept20301^scaffold_7^+;Name="ORF type:complete (+),score=12.15"
Warning: unexpected tab character in last column, line truncated:
scaffold_7	transdecoder	gene	74843083	74903827	.	+	.	ID=Atsept20306^scaffold_7^+;Name="ORF type:complete (+),score=27.16"scaffold_7	transdecoder	mRNA	74843083	74903827	.	+	.	ID=Atsept20306.1.p2;Parent=Atsept20306^scaffold_7^+;Name="ORF type:complete (+),score=27.16"
Warning: unexpected tab character in last column, line truncated:
scaffold_7	transdecoder	gene	76810329	76819071	.	-	.	ID=Atsept20323^scaffold_7^-;Name="ORF type:complete (+),score=5.43"scaffold_7	transdecoder	mRNA	76810329	76819071	.	-	.	ID=Atsept20323.1.p1;Parent=Atsept20323^scaffold_7^-;Name="ORF type:complete (+),score=5.43"
Warning: unexpected tab character in last column, line truncated:
scaffold_7	transdecoder	gene	77352642	77355470	.	+	.	ID=Atsept20331^scaffold_7^+;Name="ORF type:complete (+),score=29.32"scaffold_7	transdecoder	mRNA	77352642	77355470	.	+	.	ID=Atsept20331.1.p1;Parent=Atsept20331^scaffold_7^+;Name="ORF type:complete (+),score=29.32"
Warning: unexpected tab character in last column, line truncated:
scaffold_7	transdecoder	gene	77405586	77416774	.	+	.	ID=Atsept20332^scaffold_7^+;Name="ORF type:complete (+),score=17.13"scaffold_7	transdecoder	mRNA	77405586	77416774	.	+	.	ID=Atsept20332.1.p2;Parent=Atsept20332^scaffold_7^+;Name="ORF type:complete (+),score=17.13"
Warning: unexpected tab character in last column, line truncated:
scaffold_7	transdecoder	gene	77260628	77449201	.	-	.	ID=Atsept20335^scaffold_7^-;Name="ORF type:complete (+),score=10.00"scaffold_7	transdecoder	mRNA	77260628	77449201	.	-	.	ID=Atsept20335.1.p1;Parent=Atsept20335^scaffold_7^-;Name="ORF type:complete (+),score=10.00"
Warning: unexpected tab character in last column, line truncated:
scaffold_7	transdecoder	gene	81680059	81684310	.	+	.	ID=Atsept20376^scaffold_7^+;Name="ORF type:complete (+),score=18.05"scaffold_7	transdecoder	mRNA	81680059	81684310	.	+	.	ID=Atsept20376.1.p3;Parent=Atsept20376^scaffold_7^+;Name="ORF type:complete (+),score=18.05"
Warning: unexpected tab character in last column, line truncated:
scaffold_7	transdecoder	gene	81743333	81760031	.	+	.	ID=Atsept20377^scaffold_7^+;Name="ORF type:5prime_partial (+),score=8.85"scaffold_7	transdecoder	mRNA	81743333	81760031	.	+	.	ID=Atsept20377.1.p9;Parent=Atsept20377^scaffold_7^+;Name="ORF type:5prime_partial (+),score=8.85"
Warning: unexpected tab character in last column, line truncated:
scaffold_7	transdecoder	gene	82170828	82235682	.	+	.	ID=Atsept20378^scaffold_7^+;Name="ORF type:complete (+),score=11.43"scaffold_7	transdecoder	mRNA	82170828	82235682	.	+	.	ID=Atsept20378.1.p3;Parent=Atsept20378^scaffold_7^+;Name="ORF type:complete (+),score=11.43"
Warning: unexpected tab character in last column, line truncated:
scaffold_7	transdecoder	gene	83779108	83780872	.	-	.	ID=Atsept20400^scaffold_7^-;Name="ORF type:complete (+),score=10.99"scaffold_7	transdecoder	mRNA	83779108	83780872	.	-	.	ID=Atsept20400.1.p1;Parent=Atsept20400^scaffold_7^-;Name="ORF type:complete (+),score=10.99"
Warning: unexpected tab character in last column, line truncated:
scaffold_7	transdecoder	gene	84400996	84418048	.	+	.	ID=Atsept20406^scaffold_7^+;Name="ORF type:complete (+),score=20.85"scaffold_7	transdecoder	mRNA	84400996	84418048	.	+	.	ID=Atsept20406.1.p1;Parent=Atsept20406^scaffold_7^+;Name="ORF type:complete (+),score=20.85"
Warning: unexpected tab character in last column, line truncated:
scaffold_7	transdecoder	gene	85010229	85015402	.	+	.	ID=Atsept20418^scaffold_7^+;Name="ORF type:complete (+),score=14.28"scaffold_7	transdecoder	mRNA	85010229	85015402	.	+	.	ID=Atsept20418.1.p3;Parent=Atsept20418^scaffold_7^+;Name="ORF type:complete (+),score=14.28"
Warning: unexpected tab character in last column, line truncated:
scaffold_7	transdecoder	gene	85180055	85190732	.	-	.	ID=Atsept20427^scaffold_7^-;Name="ORF type:complete (+),score=340.20"scaffold_7	transdecoder	mRNA	85180055	85190732	.	-	.	ID=Atsept20427.1.p1;Parent=Atsept20427^scaffold_7^-;Name="ORF type:complete (+),score=340.20"
Warning: unexpected tab character in last column, line truncated:
scaffold_7	transdecoder	gene	86876711	86896186	.	+	.	ID=Atsept20444^scaffold_7^+;Name="ORF type:complete (+),score=22.98"scaffold_7	transdecoder	mRNA	86876711	86896186	.	+	.	ID=Atsept20444.1.p1;Parent=Atsept20444^scaffold_7^+;Name="ORF type:complete (+),score=22.98"
Warning: unexpected tab character in last column, line truncated:
scaffold_7	transdecoder	gene	87003954	87006912	.	+	.	ID=Atsept20445^scaffold_7^+;Name="ORF type:complete (+),score=5.28"scaffold_7	transdecoder	mRNA	87003954	87006912	.	+	.	ID=Atsept20445.1.p1;Parent=Atsept20445^scaffold_7^+;Name="ORF type:complete (+),score=5.28"
Warning: unexpected tab character in last column, line truncated:
scaffold_7	transdecoder	gene	87574310	87684496	.	-	.	ID=Atsept20454^scaffold_7^-;Name="ORF type:complete (+),score=12.10"scaffold_7	transdecoder	mRNA	87574310	87684496	.	-	.	ID=Atsept20454.1.p4;Parent=Atsept20454^scaffold_7^-;Name="ORF type:complete (+),score=12.10"
Warning: unexpected tab character in last column, line truncated:
scaffold_7	transdecoder	gene	88090338	88091602	.	-	.	ID=Atsept20455^scaffold_7^-;Name="ORF type:complete (+),score=17.52"scaffold_7	transdecoder	mRNA	88090338	88091602	.	-	.	ID=Atsept20455.1.p1;Parent=Atsept20455^scaffold_7^-;Name="ORF type:complete (+),score=17.52"
Warning: unexpected tab character in last column, line truncated:
scaffold_7	transdecoder	gene	90266547	90295652	.	-	.	ID=Atsept20457^scaffold_7^-;Name="ORF type:complete (+),score=22.48"scaffold_7	transdecoder	mRNA	90266547	90295652	.	-	.	ID=Atsept20457.1.p1;Parent=Atsept20457^scaffold_7^-;Name="ORF type:complete (+),score=22.48"
Warning: unexpected tab character in last column, line truncated:
scaffold_7	transdecoder	gene	90798392	90876083	.	+	.	ID=Atsept20459^scaffold_7^+;Name="ORF type:5prime_partial (+),score=11.69"scaffold_7	transdecoder	mRNA	90798392	90876083	.	+	.	ID=Atsept20459.1.p3;Parent=Atsept20459^scaffold_7^+;Name="ORF type:5prime_partial (+),score=11.69"
Warning: unexpected tab character in last column, line truncated:
scaffold_7	transdecoder	gene	92143096	92144724	.	+	.	ID=Atsept20462^scaffold_7^+;Name="ORF type:complete (+),score=21.88"scaffold_7	transdecoder	mRNA	92143096	92144724	.	+	.	ID=Atsept20462.1.p1;Parent=Atsept20462^scaffold_7^+;Name="ORF type:complete (+),score=21.88"
Warning: unexpected tab character in last column, line truncated:
scaffold_7	transdecoder	gene	93445165	93449223	.	-	.	ID=Atsept20465^scaffold_7^-;Name="ORF type:complete (+),score=61.17"scaffold_7	transdecoder	mRNA	93445165	93449223	.	-	.	ID=Atsept20465.1.p1;Parent=Atsept20465^scaffold_7^-;Name="ORF type:complete (+),score=61.17"
Warning: unexpected tab character in last column, line truncated:
scaffold_7	transdecoder	gene	93453527	93456404	.	-	.	ID=Atsept20466^scaffold_7^-;Name="ORF type:complete (+),score=39.58"scaffold_7	transdecoder	mRNA	93453527	93456404	.	-	.	ID=Atsept20466.1.p2;Parent=Atsept20466^scaffold_7^-;Name="ORF type:complete (+),score=39.58"
Warning: unexpected tab character in last column, line truncated:
scaffold_7	transdecoder	gene	93461554	93463498	.	-	.	ID=Atsept20467^scaffold_7^-;Name="ORF type:complete (+),score=12.85"scaffold_7	transdecoder	mRNA	93461554	93463498	.	-	.	ID=Atsept20467.1.p1;Parent=Atsept20467^scaffold_7^-;Name="ORF type:complete (+),score=12.85"
Warning: unexpected tab character in last column, line truncated:
scaffold_7	transdecoder	gene	94650563	94679134	.	+	.	ID=Atsept20469^scaffold_7^+;Name="ORF type:complete (+),score=17.16"scaffold_7	transdecoder	mRNA	94650563	94679134	.	+	.	ID=Atsept20469.1.p1;Parent=Atsept20469^scaffold_7^+;Name="ORF type:complete (+),score=17.16"
Warning: unexpected tab character in last column, line truncated:
scaffold_7	transdecoder	gene	95802996	95818291	.	+	.	ID=Atsept20476^scaffold_7^+;Name="ORF type:complete (+),score=22.87"scaffold_7	transdecoder	mRNA	95802996	95818291	.	+	.	ID=Atsept20476.1.p2;Parent=Atsept20476^scaffold_7^+;Name="ORF type:complete (+),score=22.87"
Warning: unexpected tab character in last column, line truncated:
scaffold_7	transdecoder	gene	98456477	98459653	.	+	.	ID=Atsept20492^scaffold_7^+;Name="ORF type:complete (+),score=147.28"scaffold_7	transdecoder	mRNA	98456477	98459653	.	+	.	ID=Atsept20492.1.p1;Parent=Atsept20492^scaffold_7^+;Name="ORF type:complete (+),score=147.28"
Warning: unexpected tab character in last column, line truncated:
scaffold_7	transdecoder	gene	98612207	98613460	.	+	.	ID=Atsept20494^scaffold_7^+;Name="ORF type:complete (+),score=21.09"scaffold_7	transdecoder	mRNA	98612207	98613460	.	+	.	ID=Atsept20494.1.p1;Parent=Atsept20494^scaffold_7^+;Name="ORF type:complete (+),score=21.09"
Warning: unexpected tab character in last column, line truncated:
scaffold_7	transdecoder	gene	99002197	99013889	.	+	.	ID=Atsept20497^scaffold_7^+;Name="ORF type:complete (+),score=17.55"scaffold_7	transdecoder	mRNA	99002197	99013889	.	+	.	ID=Atsept20497.1.p1;Parent=Atsept20497^scaffold_7^+;Name="ORF type:complete (+),score=17.55"
Warning: unexpected tab character in last column, line truncated:
scaffold_7	transdecoder	gene	3621101	3622778	.	+	.	ID=Atsept20545^scaffold_7^+;Name="ORF type:complete (+),score=17.18"scaffold_7	transdecoder	mRNA	3621101	3622778	.	+	.	ID=Atsept20545.1.p1;Parent=Atsept20545^scaffold_7^+;Name="ORF type:complete (+),score=17.18"
Warning: unexpected tab character in last column, line truncated:
scaffold_7	transdecoder	gene	103071137	103072136	.	+	.	ID=Atsept20551^scaffold_7^+;Name="ORF type:complete (+),score=16.49"scaffold_7	transdecoder	mRNA	103071137	103072136	.	+	.	ID=Atsept20551.1.p2;Parent=Atsept20551^scaffold_7^+;Name="ORF type:complete (+),score=16.49"
Warning: unexpected tab character in last column, line truncated:
scaffold_7	transdecoder	gene	104460982	104461649	.	-	.	ID=Atsept20581^scaffold_7^-;Name="ORF type:3prime_partial (+),score=59.55"scaffold_7	transdecoder	mRNA	104460982	104461649	.	-	.	ID=Atsept20581.1.p1;Parent=Atsept20581^scaffold_7^-;Name="ORF type:3prime_partial (+),score=59.55"
Warning: unexpected tab character in last column, line truncated:
scaffold_7	transdecoder	gene	105956111	105957878	.	+	.	ID=Atsept20595^scaffold_7^+;Name="ORF type:5prime_partial (+),score=25.87"scaffold_7	transdecoder	mRNA	105956111	105957878	.	+	.	ID=Atsept20595.1.p1;Parent=Atsept20595^scaffold_7^+;Name="ORF type:5prime_partial (+),score=25.87"
Warning: unexpected tab character in last column, line truncated:
scaffold_7	transdecoder	gene	106132677	106144407	.	-	.	ID=Atsept20598^scaffold_7^-;Name="ORF type:complete (+),score=154.49"scaffold_7	transdecoder	mRNA	106132677	106144407	.	-	.	ID=Atsept20598.1.p2;Parent=Atsept20598^scaffold_7^-;Name="ORF type:complete (+),score=154.49"
Warning: unexpected tab character in last column, line truncated:
scaffold_7	transdecoder	gene	106181204	106295425	.	+	.	ID=Atsept20599^scaffold_7^+;Name="ORF type:complete (+),score=28.63"scaffold_7	transdecoder	mRNA	106181204	106295425	.	+	.	ID=Atsept20599.1.p3;Parent=Atsept20599^scaffold_7^+;Name="ORF type:complete (+),score=28.63"
Warning: unexpected tab character in last column, line truncated:
scaffold_7	transdecoder	gene	106490425	106508289	.	-	.	ID=Atsept20603^scaffold_7^-;Name="ORF type:complete (+),score=9.93"scaffold_7	transdecoder	mRNA	106490425	106508289	.	-	.	ID=Atsept20603.1.p2;Parent=Atsept20603^scaffold_7^-;Name="ORF type:complete (+),score=9.93"
Warning: unexpected tab character in last column, line truncated:
scaffold_7	transdecoder	gene	107115284	107127553	.	-	.	ID=Atsept20608^scaffold_7^-;Name="ORF type:complete (+),score=13.84"scaffold_7	transdecoder	mRNA	107115284	107127553	.	-	.	ID=Atsept20608.1.p3;Parent=Atsept20608^scaffold_7^-;Name="ORF type:complete (+),score=13.84"
Warning: unexpected tab character in last column, line truncated:
scaffold_7	transdecoder	gene	4320884	4331899	.	+	.	ID=Atsept20622^scaffold_7^+;Name="ORF type:complete (+),score=11.19"scaffold_7	transdecoder	mRNA	4320884	4331899	.	+	.	ID=Atsept20622.1.p1;Parent=Atsept20622^scaffold_7^+;Name="ORF type:complete (+),score=11.19"
Warning: unexpected tab character in last column, line truncated:
scaffold_7	transdecoder	gene	4499635	4502052	.	-	.	ID=Atsept20632^scaffold_7^-;Name="ORF type:complete (+),score=18.17"scaffold_7	transdecoder	mRNA	4499635	4502052	.	-	.	ID=Atsept20632.1.p2;Parent=Atsept20632^scaffold_7^-;Name="ORF type:complete (+),score=18.17"
Warning: unexpected tab character in last column, line truncated:
scaffold_7	transdecoder	gene	108877296	108878578	.	-	.	ID=Atsept20633^scaffold_7^-;Name="ORF type:complete (+),score=19.31"scaffold_7	transdecoder	mRNA	108877296	108878578	.	-	.	ID=Atsept20633.1.p1;Parent=Atsept20633^scaffold_7^-;Name="ORF type:complete (+),score=19.31"
Warning: unexpected tab character in last column, line truncated:
scaffold_8	transdecoder	gene	93818863	93820914	.	-	.	ID=Atsept20649^scaffold_8^-;Name="ORF type:complete (+),score=190.73"scaffold_8	transdecoder	mRNA	93818863	93820914	.	-	.	ID=Atsept20649.1.p1;Parent=Atsept20649^scaffold_8^-;Name="ORF type:complete (+),score=190.73"
Warning: unexpected tab character in last column, line truncated:
scaffold_8	transdecoder	gene	93896398	93896653	.	-	.	ID=Atsept20657^scaffold_8^-;Name="ORF type:complete (+),score=18.99"scaffold_8	transdecoder	mRNA	93896398	93896653	.	-	.	ID=Atsept20657.1.p2;Parent=Atsept20657^scaffold_8^-;Name="ORF type:complete (+),score=18.99"
Warning: unexpected tab character in last column, line truncated:
scaffold_8	transdecoder	gene	93905617	93910003	.	-	.	ID=Atsept20659^scaffold_8^-;Name="ORF type:complete (+),score=12.29"scaffold_8	transdecoder	mRNA	93905617	93910003	.	-	.	ID=Atsept20659.1.p5;Parent=Atsept20659^scaffold_8^-;Name="ORF type:complete (+),score=12.29"
Warning: unexpected tab character in last column, line truncated:
scaffold_8	transdecoder	gene	93910005	93914349	.	-	.	ID=Atsept20660^scaffold_8^-;Name="ORF type:complete (+),score=65.87"scaffold_8	transdecoder	mRNA	93910005	93914349	.	-	.	ID=Atsept20660.1.p2;Parent=Atsept20660^scaffold_8^-;Name="ORF type:complete (+),score=65.87"
Warning: unexpected tab character in last column, line truncated:
scaffold_8	transdecoder	gene	93964418	93972795	.	-	.	ID=Atsept20664^scaffold_8^-;Name="ORF type:5prime_partial (+),score=10.73"scaffold_8	transdecoder	mRNA	93964418	93972795	.	-	.	ID=Atsept20664.1.p6;Parent=Atsept20664^scaffold_8^-;Name="ORF type:5prime_partial (+),score=10.73"
Warning: unexpected tab character in last column, line truncated:
scaffold_8	transdecoder	gene	94073698	94076019	.	-	.	ID=Atsept20674^scaffold_8^-;Name="ORF type:complete (+),score=107.40"scaffold_8	transdecoder	mRNA	94073698	94076019	.	-	.	ID=Atsept20674.1.p1;Parent=Atsept20674^scaffold_8^-;Name="ORF type:complete (+),score=107.40"
Warning: unexpected tab character in last column, line truncated:
scaffold_8	transdecoder	gene	94186757	94190205	.	-	.	ID=Atsept20684^scaffold_8^-;Name="ORF type:complete (+),score=51.28"scaffold_8	transdecoder	mRNA	94186757	94190205	.	-	.	ID=Atsept20684.1.p2;Parent=Atsept20684^scaffold_8^-;Name="ORF type:complete (+),score=51.28"
Warning: unexpected tab character in last column, line truncated:
scaffold_8	transdecoder	gene	94212840	94214344	.	-	.	ID=Atsept20686^scaffold_8^-;Name="ORF type:complete (+),score=150.19"scaffold_8	transdecoder	mRNA	94212840	94214344	.	-	.	ID=Atsept20686.1.p1;Parent=Atsept20686^scaffold_8^-;Name="ORF type:complete (+),score=150.19"
Warning: unexpected tab character in last column, line truncated:
scaffold_8	transdecoder	gene	9649618	9650541	.	+	.	ID=Atsept20688^scaffold_8^+;Name="ORF type:5prime_partial (+),score=29.60"scaffold_8	transdecoder	mRNA	9649618	9650541	.	+	.	ID=Atsept20688.1.p1;Parent=Atsept20688^scaffold_8^+;Name="ORF type:5prime_partial (+),score=29.60"
Warning: unexpected tab character in last column, line truncated:
scaffold_8	transdecoder	gene	94317667	94318117	.	-	.	ID=Atsept20697^scaffold_8^-;Name="ORF type:5prime_partial (+),score=29.23"scaffold_8	transdecoder	mRNA	94317667	94318117	.	-	.	ID=Atsept20697.1.p1;Parent=Atsept20697^scaffold_8^-;Name="ORF type:5prime_partial (+),score=29.23"
Warning: unexpected tab character in last column, line truncated:
scaffold_8	transdecoder	gene	9894031	9897188	.	-	.	ID=Atsept20699^scaffold_8^-;Name="ORF type:complete (+),score=3.36"scaffold_8	transdecoder	mRNA	9894031	9897188	.	-	.	ID=Atsept20699.1.p1;Parent=Atsept20699^scaffold_8^-;Name="ORF type:complete (+),score=3.36"
Warning: unexpected tab character in last column, line truncated:
scaffold_8	transdecoder	gene	94357326	94357962	.	-	.	ID=Atsept20702^scaffold_8^-;Name="ORF type:5prime_partial (+),score=15.70"scaffold_8	transdecoder	mRNA	94357326	94357962	.	-	.	ID=Atsept20702.1.p3;Parent=Atsept20702^scaffold_8^-;Name="ORF type:5prime_partial (+),score=15.70"
Warning: unexpected tab character in last column, line truncated:
scaffold_8	transdecoder	gene	94573010	94575206	.	-	.	ID=Atsept20724^scaffold_8^-;Name="ORF type:complete (+),score=10.22"scaffold_8	transdecoder	mRNA	94573010	94575206	.	-	.	ID=Atsept20724.1.p4;Parent=Atsept20724^scaffold_8^-;Name="ORF type:complete (+),score=10.22"
Warning: unexpected tab character in last column, line truncated:
scaffold_8	transdecoder	gene	94577234	94581333	.	-	.	ID=Atsept20726^scaffold_8^-;Name="ORF type:complete (+),score=49.44"scaffold_8	transdecoder	mRNA	94577234	94581333	.	-	.	ID=Atsept20726.1.p2;Parent=Atsept20726^scaffold_8^-;Name="ORF type:complete (+),score=49.44"
Warning: unexpected tab character in last column, line truncated:
scaffold_8	transdecoder	gene	94899576	94902713	.	+	.	ID=Atsept20748^scaffold_8^+;Name="ORF type:complete (+),score=171.63"scaffold_8	transdecoder	mRNA	94899576	94902713	.	+	.	ID=Atsept20748.1.p1;Parent=Atsept20748^scaffold_8^+;Name="ORF type:complete (+),score=171.63"
Warning: unexpected tab character in last column, line truncated:
scaffold_8	transdecoder	gene	94910338	94913501	.	+	.	ID=Atsept20749^scaffold_8^+;Name="ORF type:complete (+),score=49.98"scaffold_8	transdecoder	mRNA	94910338	94913501	.	+	.	ID=Atsept20749.1.p2;Parent=Atsept20749^scaffold_8^+;Name="ORF type:complete (+),score=49.98"
Warning: unexpected tab character in last column, line truncated:
scaffold_8	transdecoder	gene	94975597	94976066	.	+	.	ID=Atsept20753^scaffold_8^+;Name="ORF type:5prime_partial (+),score=37.28"scaffold_8	transdecoder	mRNA	94975597	94976066	.	+	.	ID=Atsept20753.1.p2;Parent=Atsept20753^scaffold_8^+;Name="ORF type:5prime_partial (+),score=37.28"
Warning: unexpected tab character in last column, line truncated:
scaffold_8	transdecoder	gene	95008978	95012901	.	+	.	ID=Atsept20755^scaffold_8^+;Name="ORF type:complete (+),score=43.36"scaffold_8	transdecoder	mRNA	95008978	95012901	.	+	.	ID=Atsept20755.1.p1;Parent=Atsept20755^scaffold_8^+;Name="ORF type:complete (+),score=43.36"
Warning: unexpected tab character in last column, line truncated:
scaffold_8	transdecoder	gene	94880728	94882981	.	-	.	ID=Atsept20765^scaffold_8^-;Name="ORF type:complete (+),score=119.32"scaffold_8	transdecoder	mRNA	94880728	94882981	.	-	.	ID=Atsept20765.1.p1;Parent=Atsept20765^scaffold_8^-;Name="ORF type:complete (+),score=119.32"
Warning: unexpected tab character in last column, line truncated:
scaffold_8	transdecoder	gene	94942981	94950847	.	-	.	ID=Atsept20767^scaffold_8^-;Name="ORF type:5prime_partial (+),score=65.70"scaffold_8	transdecoder	mRNA	94942981	94950847	.	-	.	ID=Atsept20767.1.p1;Parent=Atsept20767^scaffold_8^-;Name="ORF type:5prime_partial (+),score=65.70"
Warning: unexpected tab character in last column, line truncated:
scaffold_8	transdecoder	gene	95398514	95403296	.	-	.	ID=Atsept20792^scaffold_8^-;Name="ORF type:3prime_partial (+),score=5.29"scaffold_8	transdecoder	mRNA	95398514	95403296	.	-	.	ID=Atsept20792.1.p1;Parent=Atsept20792^scaffold_8^-;Name="ORF type:3prime_partial (+),score=5.29"
Warning: unexpected tab character in last column, line truncated:
scaffold_8	transdecoder	gene	95429947	95430631	.	+	.	ID=Atsept20794^scaffold_8^+;Name="ORF type:complete (+),score=3.27"scaffold_8	transdecoder	mRNA	95429947	95430631	.	+	.	ID=Atsept20794.1.p2;Parent=Atsept20794^scaffold_8^+;Name="ORF type:complete (+),score=3.27"
Warning: unexpected tab character in last column, line truncated:
scaffold_8	transdecoder	gene	95669731	95671874	.	-	.	ID=Atsept20806^scaffold_8^-;Name="ORF type:complete (+),score=15.09"scaffold_8	transdecoder	mRNA	95669731	95671874	.	-	.	ID=Atsept20806.1.p5;Parent=Atsept20806^scaffold_8^-;Name="ORF type:complete (+),score=15.09"
Warning: unexpected tab character in last column, line truncated:
scaffold_8	transdecoder	gene	95831004	95831855	.	+	.	ID=Atsept20817^scaffold_8^+;Name="ORF type:complete (+),score=54.46"scaffold_8	transdecoder	mRNA	95831004	95831855	.	+	.	ID=Atsept20817.1.p2;Parent=Atsept20817^scaffold_8^+;Name="ORF type:complete (+),score=54.46"
Warning: unexpected tab character in last column, line truncated:
scaffold_8	transdecoder	gene	96034071	96040113	.	+	.	ID=Atsept20831^scaffold_8^+;Name="ORF type:complete (+),score=39.42"scaffold_8	transdecoder	mRNA	96034071	96040113	.	+	.	ID=Atsept20831.1.p2;Parent=Atsept20831^scaffold_8^+;Name="ORF type:complete (+),score=39.42"
Warning: unexpected tab character in last column, line truncated:
scaffold_8	transdecoder	gene	96050194	96050608	.	+	.	ID=Atsept20834^scaffold_8^+;Name="ORF type:complete (+),score=21.23"scaffold_8	transdecoder	mRNA	96050194	96050608	.	+	.	ID=Atsept20834.1.p1;Parent=Atsept20834^scaffold_8^+;Name="ORF type:complete (+),score=21.23"
Warning: unexpected tab character in last column, line truncated:
scaffold_8	transdecoder	gene	96054706	96056431	.	+	.	ID=Atsept20835^scaffold_8^+;Name="ORF type:5prime_partial (+),score=53.57"scaffold_8	transdecoder	mRNA	96054706	96056431	.	+	.	ID=Atsept20835.1.p2;Parent=Atsept20835^scaffold_8^+;Name="ORF type:5prime_partial (+),score=53.57"
Warning: unexpected tab character in last column, line truncated:
scaffold_8	transdecoder	gene	96057854	96062361	.	+	.	ID=Atsept20836^scaffold_8^+;Name="ORF type:complete (+),score=35.91"scaffold_8	transdecoder	mRNA	96057854	96062361	.	+	.	ID=Atsept20836.1.p2;Parent=Atsept20836^scaffold_8^+;Name="ORF type:complete (+),score=35.91"
Warning: unexpected tab character in last column, line truncated:
scaffold_8	transdecoder	gene	96119497	96123274	.	+	.	ID=Atsept20840^scaffold_8^+;Name="ORF type:complete (+),score=87.28"scaffold_8	transdecoder	mRNA	96119497	96123274	.	+	.	ID=Atsept20840.1.p1;Parent=Atsept20840^scaffold_8^+;Name="ORF type:complete (+),score=87.28"
Warning: unexpected tab character in last column, line truncated:
scaffold_8	transdecoder	gene	96179306	96180413	.	+	.	ID=Atsept20845^scaffold_8^+;Name="ORF type:complete (+),score=30.75"scaffold_8	transdecoder	mRNA	96179306	96180413	.	+	.	ID=Atsept20845.1.p1;Parent=Atsept20845^scaffold_8^+;Name="ORF type:complete (+),score=30.75"
Warning: unexpected tab character in last column, line truncated:
scaffold_8	transdecoder	gene	96188032	96191660	.	+	.	ID=Atsept20846^scaffold_8^+;Name="ORF type:complete (+),score=41.91"scaffold_8	transdecoder	mRNA	96188032	96191660	.	+	.	ID=Atsept20846.1.p2;Parent=Atsept20846^scaffold_8^+;Name="ORF type:complete (+),score=41.91"
Warning: unexpected tab character in last column, line truncated:
scaffold_8	transdecoder	gene	11196424	11222529	.	+	.	ID=Atsept20877^scaffold_8^+;Name="ORF type:complete (+),score=5.77"scaffold_8	transdecoder	mRNA	11196424	11222529	.	+	.	ID=Atsept20877.1.p7;Parent=Atsept20877^scaffold_8^+;Name="ORF type:complete (+),score=5.77"
Warning: unexpected tab character in last column, line truncated:
scaffold_8	transdecoder	gene	96950784	96962909	.	-	.	ID=Atsept20889^scaffold_8^-;Name="ORF type:complete (+),score=35.97"scaffold_8	transdecoder	mRNA	96950784	96962909	.	-	.	ID=Atsept20889.1.p2;Parent=Atsept20889^scaffold_8^-;Name="ORF type:complete (+),score=35.97"
Warning: unexpected tab character in last column, line truncated:
scaffold_8	transdecoder	gene	11274758	11291570	.	-	.	ID=Atsept20900^scaffold_8^-;Name="ORF type:complete (+),score=24.45"scaffold_8	transdecoder	mRNA	11274758	11291570	.	-	.	ID=Atsept20900.1.p1;Parent=Atsept20900^scaffold_8^-;Name="ORF type:complete (+),score=24.45"
Warning: unexpected tab character in last column, line truncated:
scaffold_8	transdecoder	gene	97161785	97171922	.	-	.	ID=Atsept20903^scaffold_8^-;Name="ORF type:complete (+),score=35.77"scaffold_8	transdecoder	mRNA	97161785	97171922	.	-	.	ID=Atsept20903.1.p2;Parent=Atsept20903^scaffold_8^-;Name="ORF type:complete (+),score=35.77"
Warning: unexpected tab character in last column, line truncated:
scaffold_8	transdecoder	gene	97242779	97243470	.	+	.	ID=Atsept20906^scaffold_8^+;Name="ORF type:complete (+),score=8.52"scaffold_8	transdecoder	mRNA	97242779	97243470	.	+	.	ID=Atsept20906.1.p1;Parent=Atsept20906^scaffold_8^+;Name="ORF type:complete (+),score=8.52"
Warning: unexpected tab character in last column, line truncated:
scaffold_8	transdecoder	gene	11369611	11378448	.	+	.	ID=Atsept20922^scaffold_8^+;Name="ORF type:complete (+),score=37.45"scaffold_8	transdecoder	mRNA	11369611	11378448	.	+	.	ID=Atsept20922.1.p1;Parent=Atsept20922^scaffold_8^+;Name="ORF type:complete (+),score=37.45"
Warning: unexpected tab character in last column, line truncated:
scaffold_8	transdecoder	gene	97995912	98002724	.	-	.	ID=Atsept20928^scaffold_8^-;Name="ORF type:complete (+),score=36.75"scaffold_8	transdecoder	mRNA	97995912	98002724	.	-	.	ID=Atsept20928.1.p1;Parent=Atsept20928^scaffold_8^-;Name="ORF type:complete (+),score=36.75"
Warning: unexpected tab character in last column, line truncated:
scaffold_8	transdecoder	gene	11814101	11818122	.	-	.	ID=Atsept20945^scaffold_8^-;Name="ORF type:complete (+),score=6.42"scaffold_8	transdecoder	mRNA	11814101	11818122	.	-	.	ID=Atsept20945.1.p3;Parent=Atsept20945^scaffold_8^-;Name="ORF type:complete (+),score=6.42"
Warning: unexpected tab character in last column, line truncated:
scaffold_8	transdecoder	gene	15332468	15388108	.	+	.	ID=Atsept20964^scaffold_8^+;Name="ORF type:complete (+),score=28.60"scaffold_8	transdecoder	mRNA	15332468	15388108	.	+	.	ID=Atsept20964.1.p2;Parent=Atsept20964^scaffold_8^+;Name="ORF type:complete (+),score=28.60"
Warning: unexpected tab character in last column, line truncated:
scaffold_8	transdecoder	gene	18005452	18012228	.	+	.	ID=Atsept20990^scaffold_8^+;Name="ORF type:complete (+),score=5.73"scaffold_8	transdecoder	mRNA	18005452	18012228	.	+	.	ID=Atsept20990.1.p2;Parent=Atsept20990^scaffold_8^+;Name="ORF type:complete (+),score=5.73"
Warning: unexpected tab character in last column, line truncated:
scaffold_8	transdecoder	gene	18021467	18026622	.	-	.	ID=Atsept20993^scaffold_8^-;Name="ORF type:5prime_partial (+),score=25.59"scaffold_8	transdecoder	mRNA	18021467	18026622	.	-	.	ID=Atsept20993.1.p2;Parent=Atsept20993^scaffold_8^-;Name="ORF type:5prime_partial (+),score=25.59"
Warning: unexpected tab character in last column, line truncated:
scaffold_8	transdecoder	gene	18349610	18350061	.	+	.	ID=Atsept21002^scaffold_8^+;Name="ORF type:5prime_partial (-),score=4.33"scaffold_8	transdecoder	mRNA	18349610	18350061	.	+	.	ID=Atsept21002.1.p3;Parent=Atsept21002^scaffold_8^+;Name="ORF type:5prime_partial (-),score=4.33"
Warning: unexpected tab character in last column, line truncated:
scaffold_8	transdecoder	gene	18349610	18350061	.	-	.	ID=Atsept21002^scaffold_8^-;Name="ORF type:complete (+),score=12.70"scaffold_8	transdecoder	mRNA	18349610	18350061	.	-	.	ID=Atsept21002.1.p2;Parent=Atsept21002^scaffold_8^-;Name="ORF type:complete (+),score=12.70"
Warning: unexpected tab character in last column, line truncated:
scaffold_8	transdecoder	gene	19262399	19265674	.	-	.	ID=Atsept21022^scaffold_8^-;Name="ORF type:complete (+),score=7.28"scaffold_8	transdecoder	mRNA	19262399	19265674	.	-	.	ID=Atsept21022.1.p2;Parent=Atsept21022^scaffold_8^-;Name="ORF type:complete (+),score=7.28"
Warning: unexpected tab character in last column, line truncated:
scaffold_8	transdecoder	gene	21981785	21984061	.	-	.	ID=Atsept21046^scaffold_8^-;Name="ORF type:complete (+),score=9.39"scaffold_8	transdecoder	mRNA	21981785	21984061	.	-	.	ID=Atsept21046.1.p1;Parent=Atsept21046^scaffold_8^-;Name="ORF type:complete (+),score=9.39"
Warning: unexpected tab character in last column, line truncated:
scaffold_8	transdecoder	gene	22033756	22410708	.	+	.	ID=Atsept21047^scaffold_8^+;Name="ORF type:complete (+),score=12.63"scaffold_8	transdecoder	mRNA	22033756	22410708	.	+	.	ID=Atsept21047.1.p2;Parent=Atsept21047^scaffold_8^+;Name="ORF type:complete (+),score=12.63"
Warning: unexpected tab character in last column, line truncated:
scaffold_8	transdecoder	gene	23216505	23217355	.	+	.	ID=Atsept21048^scaffold_8^+;Name="ORF type:complete (+),score=44.15"scaffold_8	transdecoder	mRNA	23216505	23217355	.	+	.	ID=Atsept21048.1.p1;Parent=Atsept21048^scaffold_8^+;Name="ORF type:complete (+),score=44.15"
Warning: unexpected tab character in last column, line truncated:
scaffold_8	transdecoder	gene	23229804	23251578	.	+	.	ID=Atsept21050^scaffold_8^+;Name="ORF type:complete (+),score=6.42"scaffold_8	transdecoder	mRNA	23229804	23251578	.	+	.	ID=Atsept21050.1.p5;Parent=Atsept21050^scaffold_8^+;Name="ORF type:complete (+),score=6.42"
Warning: unexpected tab character in last column, line truncated:
scaffold_8	transdecoder	gene	23380105	23389732	.	-	.	ID=Atsept21051^scaffold_8^-;Name="ORF type:complete (+),score=11.55"scaffold_8	transdecoder	mRNA	23380105	23389732	.	-	.	ID=Atsept21051.1.p3;Parent=Atsept21051^scaffold_8^-;Name="ORF type:complete (+),score=11.55"
Warning: unexpected tab character in last column, line truncated:
scaffold_8	transdecoder	gene	23882956	23894507	.	-	.	ID=Atsept21053^scaffold_8^-;Name="ORF type:5prime_partial (+),score=26.08"scaffold_8	transdecoder	mRNA	23882956	23894507	.	-	.	ID=Atsept21053.1.p1;Parent=Atsept21053^scaffold_8^-;Name="ORF type:5prime_partial (+),score=26.08"
Warning: unexpected tab character in last column, line truncated:
scaffold_8	transdecoder	gene	24056086	24115516	.	-	.	ID=Atsept21057^scaffold_8^-;Name="ORF type:5prime_partial (+),score=13.93"scaffold_8	transdecoder	mRNA	24056086	24115516	.	-	.	ID=Atsept21057.1.p4;Parent=Atsept21057^scaffold_8^-;Name="ORF type:5prime_partial (+),score=13.93"
Warning: unexpected tab character in last column, line truncated:
scaffold_8	transdecoder	gene	27574770	27588692	.	-	.	ID=Atsept21076^scaffold_8^-;Name="ORF type:complete (+),score=10.63"scaffold_8	transdecoder	mRNA	27574770	27588692	.	-	.	ID=Atsept21076.1.p1;Parent=Atsept21076^scaffold_8^-;Name="ORF type:complete (+),score=10.63"
Warning: unexpected tab character in last column, line truncated:
scaffold_8	transdecoder	gene	28922687	28972605	.	-	.	ID=Atsept21092^scaffold_8^-;Name="ORF type:complete (+),score=11.87"scaffold_8	transdecoder	mRNA	28922687	28972605	.	-	.	ID=Atsept21092.1.p4;Parent=Atsept21092^scaffold_8^-;Name="ORF type:complete (+),score=11.87"
Warning: unexpected tab character in last column, line truncated:
scaffold_8	transdecoder	gene	30188630	30213435	.	+	.	ID=Atsept21107^scaffold_8^+;Name="ORF type:complete (+),score=18.62"scaffold_8	transdecoder	mRNA	30188630	30213435	.	+	.	ID=Atsept21107.1.p2;Parent=Atsept21107^scaffold_8^+;Name="ORF type:complete (+),score=18.62"
Warning: unexpected tab character in last column, line truncated:
scaffold_8	transdecoder	gene	30572285	30574462	.	-	.	ID=Atsept21108^scaffold_8^-;Name="ORF type:complete (+),score=15.78"scaffold_8	transdecoder	mRNA	30572285	30574462	.	-	.	ID=Atsept21108.1.p1;Parent=Atsept21108^scaffold_8^-;Name="ORF type:complete (+),score=15.78"
Warning: unexpected tab character in last column, line truncated:
scaffold_8	transdecoder	gene	33143109	33151668	.	+	.	ID=Atsept21124^scaffold_8^+;Name="ORF type:complete (+),score=7.46"scaffold_8	transdecoder	mRNA	33143109	33151668	.	+	.	ID=Atsept21124.1.p2;Parent=Atsept21124^scaffold_8^+;Name="ORF type:complete (+),score=7.46"
Warning: unexpected tab character in last column, line truncated:
scaffold_8	transdecoder	gene	33331298	33332783	.	+	.	ID=Atsept21128^scaffold_8^+;Name="ORF type:3prime_partial (+),score=26.62"scaffold_8	transdecoder	mRNA	33331298	33332783	.	+	.	ID=Atsept21128.1.p1;Parent=Atsept21128^scaffold_8^+;Name="ORF type:3prime_partial (+),score=26.62"
Warning: unexpected tab character in last column, line truncated:
scaffold_8	transdecoder	gene	35376985	35412709	.	-	.	ID=Atsept21142^scaffold_8^-;Name="ORF type:complete (+),score=13.16"scaffold_8	transdecoder	mRNA	35376985	35412709	.	-	.	ID=Atsept21142.1.p3;Parent=Atsept21142^scaffold_8^-;Name="ORF type:complete (+),score=13.16"
Warning: unexpected tab character in last column, line truncated:
scaffold_8	transdecoder	gene	35492622	35501151	.	-	.	ID=Atsept21143^scaffold_8^-;Name="ORF type:complete (+),score=0.11"scaffold_8	transdecoder	mRNA	35492622	35501151	.	-	.	ID=Atsept21143.1.p2;Parent=Atsept21143^scaffold_8^-;Name="ORF type:complete (+),score=0.11"
Warning: unexpected tab character in last column, line truncated:
scaffold_8	transdecoder	gene	36421722	36431441	.	+	.	ID=Atsept21149^scaffold_8^+;Name="ORF type:complete (+),score=9.53"scaffold_8	transdecoder	mRNA	36421722	36431441	.	+	.	ID=Atsept21149.1.p1;Parent=Atsept21149^scaffold_8^+;Name="ORF type:complete (+),score=9.53"
Warning: unexpected tab character in last column, line truncated:
scaffold_8	transdecoder	gene	37737406	37738845	.	+	.	ID=Atsept21163^scaffold_8^+;Name="ORF type:complete (+),score=9.66"scaffold_8	transdecoder	mRNA	37737406	37738845	.	+	.	ID=Atsept21163.1.p7;Parent=Atsept21163^scaffold_8^+;Name="ORF type:complete (+),score=9.66"
Warning: unexpected tab character in last column, line truncated:
scaffold_8	transdecoder	gene	37737406	37738845	.	-	.	ID=Atsept21163^scaffold_8^-;Name="ORF type:complete (-),score=12.99"scaffold_8	transdecoder	mRNA	37737406	37738845	.	-	.	ID=Atsept21163.1.p4;Parent=Atsept21163^scaffold_8^-;Name="ORF type:complete (-),score=12.99"
Warning: unexpected tab character in last column, line truncated:
scaffold_8	transdecoder	gene	37742470	37743066	.	+	.	ID=Atsept21165^scaffold_8^+;Name="ORF type:complete (+),score=11.08"scaffold_8	transdecoder	mRNA	37742470	37743066	.	+	.	ID=Atsept21165.1.p1;Parent=Atsept21165^scaffold_8^+;Name="ORF type:complete (+),score=11.08"
Warning: unexpected tab character in last column, line truncated:
scaffold_8	transdecoder	gene	37767213	37768617	.	+	.	ID=Atsept21166^scaffold_8^+;Name="ORF type:complete (+),score=10.49"scaffold_8	transdecoder	mRNA	37767213	37768617	.	+	.	ID=Atsept21166.1.p6;Parent=Atsept21166^scaffold_8^+;Name="ORF type:complete (+),score=10.49"
Warning: unexpected tab character in last column, line truncated:
scaffold_8	transdecoder	gene	37767213	37768617	.	-	.	ID=Atsept21166^scaffold_8^-;Name="ORF type:complete (-),score=3.03"scaffold_8	transdecoder	mRNA	37767213	37768617	.	-	.	ID=Atsept21166.1.p3;Parent=Atsept21166^scaffold_8^-;Name="ORF type:complete (-),score=3.03"
Warning: unexpected tab character in last column, line truncated:
scaffold_8	transdecoder	gene	37782002	37783374	.	+	.	ID=Atsept21168^scaffold_8^+;Name="ORF type:complete (+),score=10.49"scaffold_8	transdecoder	mRNA	37782002	37783374	.	+	.	ID=Atsept21168.1.p6;Parent=Atsept21168^scaffold_8^+;Name="ORF type:complete (+),score=10.49"
Warning: unexpected tab character in last column, line truncated:
scaffold_8	transdecoder	gene	37782002	37783374	.	-	.	ID=Atsept21168^scaffold_8^-;Name="ORF type:complete (-),score=13.68"scaffold_8	transdecoder	mRNA	37782002	37783374	.	-	.	ID=Atsept21168.1.p3;Parent=Atsept21168^scaffold_8^-;Name="ORF type:complete (-),score=13.68"
Warning: unexpected tab character in last column, line truncated:
scaffold_8	transdecoder	gene	37890506	37893396	.	+	.	ID=Atsept21172^scaffold_8^+;Name="ORF type:5prime_partial (+),score=25.38"scaffold_8	transdecoder	mRNA	37890506	37893396	.	+	.	ID=Atsept21172.1.p2;Parent=Atsept21172^scaffold_8^+;Name="ORF type:5prime_partial (+),score=25.38"
Warning: unexpected tab character in last column, line truncated:
scaffold_8	transdecoder	gene	37851618	37853209	.	-	.	ID=Atsept21174^scaffold_8^-;Name="ORF type:complete (+),score=6.83"scaffold_8	transdecoder	mRNA	37851618	37853209	.	-	.	ID=Atsept21174.1.p3;Parent=Atsept21174^scaffold_8^-;Name="ORF type:complete (+),score=6.83"
Warning: unexpected tab character in last column, line truncated:
scaffold_8	transdecoder	gene	2808712	2809770	.	+	.	ID=Atsept21186^scaffold_8^+;Name="ORF type:complete (+),score=5.19"scaffold_8	transdecoder	mRNA	2808712	2809770	.	+	.	ID=Atsept21186.1.p1;Parent=Atsept21186^scaffold_8^+;Name="ORF type:complete (+),score=5.19"
Warning: unexpected tab character in last column, line truncated:
scaffold_8	transdecoder	gene	41615844	41759093	.	+	.	ID=Atsept21206^scaffold_8^+;Name="ORF type:complete (+),score=24.30"scaffold_8	transdecoder	mRNA	41615844	41759093	.	+	.	ID=Atsept21206.1.p5;Parent=Atsept21206^scaffold_8^+;Name="ORF type:complete (+),score=24.30"
Warning: unexpected tab character in last column, line truncated:
scaffold_8	transdecoder	gene	44824327	44827305	.	-	.	ID=Atsept21246^scaffold_8^-;Name="ORF type:complete (+),score=26.54"scaffold_8	transdecoder	mRNA	44824327	44827305	.	-	.	ID=Atsept21246.1.p1;Parent=Atsept21246^scaffold_8^-;Name="ORF type:complete (+),score=26.54"
Warning: unexpected tab character in last column, line truncated:
scaffold_8	transdecoder	gene	45913377	45915174	.	+	.	ID=Atsept21258^scaffold_8^+;Name="ORF type:complete (+),score=5.65"scaffold_8	transdecoder	mRNA	45913377	45915174	.	+	.	ID=Atsept21258.1.p2;Parent=Atsept21258^scaffold_8^+;Name="ORF type:complete (+),score=5.65"
Warning: unexpected tab character in last column, line truncated:
scaffold_8	transdecoder	gene	47576611	47644370	.	-	.	ID=Atsept21266^scaffold_8^-;Name="ORF type:complete (+),score=94.86"scaffold_8	transdecoder	mRNA	47576611	47644370	.	-	.	ID=Atsept21266.1.p2;Parent=Atsept21266^scaffold_8^-;Name="ORF type:complete (+),score=94.86"
Warning: unexpected tab character in last column, line truncated:
scaffold_8	transdecoder	gene	3371807	3373230	.	-	.	ID=Atsept21274^scaffold_8^-;Name="ORF type:complete (+),score=11.79"scaffold_8	transdecoder	mRNA	3371807	3373230	.	-	.	ID=Atsept21274.1.p1;Parent=Atsept21274^scaffold_8^-;Name="ORF type:complete (+),score=11.79"
Warning: unexpected tab character in last column, line truncated:
scaffold_8	transdecoder	gene	48058058	48077427	.	-	.	ID=Atsept21275^scaffold_8^-;Name="ORF type:complete (+),score=9.91"scaffold_8	transdecoder	mRNA	48058058	48077427	.	-	.	ID=Atsept21275.1.p2;Parent=Atsept21275^scaffold_8^-;Name="ORF type:complete (+),score=9.91"
Warning: unexpected tab character in last column, line truncated:
scaffold_8	transdecoder	gene	50642873	50674137	.	-	.	ID=Atsept21290^scaffold_8^-;Name="ORF type:complete (+),score=14.37"scaffold_8	transdecoder	mRNA	50642873	50674137	.	-	.	ID=Atsept21290.1.p1;Parent=Atsept21290^scaffold_8^-;Name="ORF type:complete (+),score=14.37"
Warning: unexpected tab character in last column, line truncated:
scaffold_8	transdecoder	gene	51088691	51102125	.	-	.	ID=Atsept21291^scaffold_8^-;Name="ORF type:3prime_partial (+),score=12.75"scaffold_8	transdecoder	mRNA	51088691	51102125	.	-	.	ID=Atsept21291.1.p1;Parent=Atsept21291^scaffold_8^-;Name="ORF type:3prime_partial (+),score=12.75"
Warning: unexpected tab character in last column, line truncated:
scaffold_8	transdecoder	gene	51359527	51383851	.	+	.	ID=Atsept21293^scaffold_8^+;Name="ORF type:complete (+),score=8.64"scaffold_8	transdecoder	mRNA	51359527	51383851	.	+	.	ID=Atsept21293.1.p3;Parent=Atsept21293^scaffold_8^+;Name="ORF type:complete (+),score=8.64"
Warning: unexpected tab character in last column, line truncated:
scaffold_8	transdecoder	gene	51400019	51404575	.	-	.	ID=Atsept21300^scaffold_8^-;Name="ORF type:complete (+),score=5.36"scaffold_8	transdecoder	mRNA	51400019	51404575	.	-	.	ID=Atsept21300.1.p1;Parent=Atsept21300^scaffold_8^-;Name="ORF type:complete (+),score=5.36"
Warning: unexpected tab character in last column, line truncated:
scaffold_8	transdecoder	gene	3755437	3767688	.	-	.	ID=Atsept21307^scaffold_8^-;Name="ORF type:complete (+),score=23.09"scaffold_8	transdecoder	mRNA	3755437	3767688	.	-	.	ID=Atsept21307.1.p2;Parent=Atsept21307^scaffold_8^-;Name="ORF type:complete (+),score=23.09"
Warning: unexpected tab character in last column, line truncated:
scaffold_8	transdecoder	gene	53217969	53218222	.	+	.	ID=Atsept21313^scaffold_8^+;Name="ORF type:complete (+),score=20.82"scaffold_8	transdecoder	mRNA	53217969	53218222	.	+	.	ID=Atsept21313.1.p2;Parent=Atsept21313^scaffold_8^+;Name="ORF type:complete (+),score=20.82"
Warning: unexpected tab character in last column, line truncated:
scaffold_8	transdecoder	gene	53678530	53685807	.	-	.	ID=Atsept21323^scaffold_8^-;Name="ORF type:complete (+),score=14.52"scaffold_8	transdecoder	mRNA	53678530	53685807	.	-	.	ID=Atsept21323.1.p3;Parent=Atsept21323^scaffold_8^-;Name="ORF type:complete (+),score=14.52"
Warning: unexpected tab character in last column, line truncated:
scaffold_8	transdecoder	gene	54912428	54925327	.	+	.	ID=Atsept21343^scaffold_8^+;Name="ORF type:complete (+),score=20.38"scaffold_8	transdecoder	mRNA	54912428	54925327	.	+	.	ID=Atsept21343.1.p1;Parent=Atsept21343^scaffold_8^+;Name="ORF type:complete (+),score=20.38"
Warning: unexpected tab character in last column, line truncated:
scaffold_8	transdecoder	gene	55460224	55470585	.	+	.	ID=Atsept21346^scaffold_8^+;Name="ORF type:complete (+),score=11.43"scaffold_8	transdecoder	mRNA	55460224	55470585	.	+	.	ID=Atsept21346.1.p4;Parent=Atsept21346^scaffold_8^+;Name="ORF type:complete (+),score=11.43"
Warning: unexpected tab character in last column, line truncated:
scaffold_8	transdecoder	gene	56123306	56124466	.	+	.	ID=Atsept21357^scaffold_8^+;Name="ORF type:complete (+),score=12.13"scaffold_8	transdecoder	mRNA	56123306	56124466	.	+	.	ID=Atsept21357.1.p1;Parent=Atsept21357^scaffold_8^+;Name="ORF type:complete (+),score=12.13"
Warning: unexpected tab character in last column, line truncated:
scaffold_8	transdecoder	gene	57456952	57503897	.	+	.	ID=Atsept21397^scaffold_8^+;Name="ORF type:complete (+),score=13.88"scaffold_8	transdecoder	mRNA	57456952	57503897	.	+	.	ID=Atsept21397.1.p9;Parent=Atsept21397^scaffold_8^+;Name="ORF type:complete (+),score=13.88"
Warning: unexpected tab character in last column, line truncated:
scaffold_8	transdecoder	gene	57567728	57573448	.	-	.	ID=Atsept21398^scaffold_8^-;Name="ORF type:complete (+),score=15.49"scaffold_8	transdecoder	mRNA	57567728	57573448	.	-	.	ID=Atsept21398.1.p2;Parent=Atsept21398^scaffold_8^-;Name="ORF type:complete (+),score=15.49"
Warning: unexpected tab character in last column, line truncated:
scaffold_8	transdecoder	gene	57614840	57631366	.	-	.	ID=Atsept21399^scaffold_8^-;Name="ORF type:complete (+),score=8.17"scaffold_8	transdecoder	mRNA	57614840	57631366	.	-	.	ID=Atsept21399.1.p3;Parent=Atsept21399^scaffold_8^-;Name="ORF type:complete (+),score=8.17"
Warning: unexpected tab character in last column, line truncated:
scaffold_8	transdecoder	gene	5645606	5649886	.	+	.	ID=Atsept21417^scaffold_8^+;Name="ORF type:complete (+),score=10.62"scaffold_8	transdecoder	mRNA	5645606	5649886	.	+	.	ID=Atsept21417.1.p1;Parent=Atsept21417^scaffold_8^+;Name="ORF type:complete (+),score=10.62"
Warning: unexpected tab character in last column, line truncated:
scaffold_8	transdecoder	gene	5458615	5460071	.	-	.	ID=Atsept21428^scaffold_8^-;Name="ORF type:complete (+),score=16.90"scaffold_8	transdecoder	mRNA	5458615	5460071	.	-	.	ID=Atsept21428.1.p1;Parent=Atsept21428^scaffold_8^-;Name="ORF type:complete (+),score=16.90"
Warning: unexpected tab character in last column, line truncated:
scaffold_8	transdecoder	gene	59205850	59210456	.	+	.	ID=Atsept21429^scaffold_8^+;Name="ORF type:complete (+),score=26.13"scaffold_8	transdecoder	mRNA	59205850	59210456	.	+	.	ID=Atsept21429.1.p1;Parent=Atsept21429^scaffold_8^+;Name="ORF type:complete (+),score=26.13"
Warning: unexpected tab character in last column, line truncated:
scaffold_8	transdecoder	gene	59273289	59278461	.	-	.	ID=Atsept21432^scaffold_8^-;Name="ORF type:complete (+),score=12.44"scaffold_8	transdecoder	mRNA	59273289	59278461	.	-	.	ID=Atsept21432.1.p3;Parent=Atsept21432^scaffold_8^-;Name="ORF type:complete (+),score=12.44"
Warning: unexpected tab character in last column, line truncated:
scaffold_8	transdecoder	gene	6108371	6109631	.	+	.	ID=Atsept21472^scaffold_8^+;Name="ORF type:complete (+),score=17.79"scaffold_8	transdecoder	mRNA	6108371	6109631	.	+	.	ID=Atsept21472.1.p1;Parent=Atsept21472^scaffold_8^+;Name="ORF type:complete (+),score=17.79"
Warning: unexpected tab character in last column, line truncated:
scaffold_8	transdecoder	gene	6497809	6499294	.	+	.	ID=Atsept21515^scaffold_8^+;Name="ORF type:3prime_partial (+),score=14.21"scaffold_8	transdecoder	mRNA	6497809	6499294	.	+	.	ID=Atsept21515.1.p4;Parent=Atsept21515^scaffold_8^+;Name="ORF type:3prime_partial (+),score=14.21"
Warning: unexpected tab character in last column, line truncated:
scaffold_8	transdecoder	gene	64462821	64467098	.	+	.	ID=Atsept21532^scaffold_8^+;Name="ORF type:complete (+),score=14.70"scaffold_8	transdecoder	mRNA	64462821	64467098	.	+	.	ID=Atsept21532.1.p2;Parent=Atsept21532^scaffold_8^+;Name="ORF type:complete (+),score=14.70"
Warning: unexpected tab character in last column, line truncated:
scaffold_8	transdecoder	gene	66544242	66546922	.	-	.	ID=Atsept21552^scaffold_8^-;Name="ORF type:3prime_partial (+),score=24.88"scaffold_8	transdecoder	mRNA	66544242	66546922	.	-	.	ID=Atsept21552.1.p1;Parent=Atsept21552^scaffold_8^-;Name="ORF type:3prime_partial (+),score=24.88"
Warning: unexpected tab character in last column, line truncated:
scaffold_8	transdecoder	gene	6643780	6649583	.	-	.	ID=Atsept21557^scaffold_8^-;Name="ORF type:complete (+),score=13.42"scaffold_8	transdecoder	mRNA	6643780	6649583	.	-	.	ID=Atsept21557.1.p1;Parent=Atsept21557^scaffold_8^-;Name="ORF type:complete (+),score=13.42"
Warning: unexpected tab character in last column, line truncated:
scaffold_8	transdecoder	gene	69598467	69602951	.	+	.	ID=Atsept21599^scaffold_8^+;Name="ORF type:complete (+),score=9.13"scaffold_8	transdecoder	mRNA	69598467	69602951	.	+	.	ID=Atsept21599.1.p2;Parent=Atsept21599^scaffold_8^+;Name="ORF type:complete (+),score=9.13"
Warning: unexpected tab character in last column, line truncated:
scaffold_8	transdecoder	gene	69632851	69639553	.	-	.	ID=Atsept21600^scaffold_8^-;Name="ORF type:complete (+),score=18.83"scaffold_8	transdecoder	mRNA	69632851	69639553	.	-	.	ID=Atsept21600.1.p1;Parent=Atsept21600^scaffold_8^-;Name="ORF type:complete (+),score=18.83"
Warning: unexpected tab character in last column, line truncated:
scaffold_8	transdecoder	gene	6718656	6723197	.	-	.	ID=Atsept21602^scaffold_8^-;Name="ORF type:5prime_partial (+),score=18.95"scaffold_8	transdecoder	mRNA	6718656	6723197	.	-	.	ID=Atsept21602.1.p2;Parent=Atsept21602^scaffold_8^-;Name="ORF type:5prime_partial (+),score=18.95"
Warning: unexpected tab character in last column, line truncated:
scaffold_8	transdecoder	gene	70386655	70387870	.	+	.	ID=Atsept21617^scaffold_8^+;Name="ORF type:complete (+),score=33.17"scaffold_8	transdecoder	mRNA	70386655	70387870	.	+	.	ID=Atsept21617.1.p1;Parent=Atsept21617^scaffold_8^+;Name="ORF type:complete (+),score=33.17"
Warning: unexpected tab character in last column, line truncated:
scaffold_8	transdecoder	gene	70554250	70567910	.	-	.	ID=Atsept21619^scaffold_8^-;Name="ORF type:complete (+),score=21.21"scaffold_8	transdecoder	mRNA	70554250	70567910	.	-	.	ID=Atsept21619.1.p1;Parent=Atsept21619^scaffold_8^-;Name="ORF type:complete (+),score=21.21"
Warning: unexpected tab character in last column, line truncated:
scaffold_8	transdecoder	gene	70835951	70838196	.	+	.	ID=Atsept21621^scaffold_8^+;Name="ORF type:complete (+),score=10.34"scaffold_8	transdecoder	mRNA	70835951	70838196	.	+	.	ID=Atsept21621.1.p3;Parent=Atsept21621^scaffold_8^+;Name="ORF type:complete (+),score=10.34"
Warning: unexpected tab character in last column, line truncated:
scaffold_8	transdecoder	gene	70909141	70910421	.	-	.	ID=Atsept21623^scaffold_8^-;Name="ORF type:complete (+),score=32.50"scaffold_8	transdecoder	mRNA	70909141	70910421	.	-	.	ID=Atsept21623.1.p1;Parent=Atsept21623^scaffold_8^-;Name="ORF type:complete (+),score=32.50"
Warning: unexpected tab character in last column, line truncated:
scaffold_8	transdecoder	gene	71845557	71860627	.	-	.	ID=Atsept21644^scaffold_8^-;Name="ORF type:complete (+),score=16.04"scaffold_8	transdecoder	mRNA	71845557	71860627	.	-	.	ID=Atsept21644.1.p1;Parent=Atsept21644^scaffold_8^-;Name="ORF type:complete (+),score=16.04"
Warning: unexpected tab character in last column, line truncated:
scaffold_8	transdecoder	gene	6943411	6944845	.	+	.	ID=Atsept21646^scaffold_8^+;Name="ORF type:5prime_partial (+),score=30.21"scaffold_8	transdecoder	mRNA	6943411	6944845	.	+	.	ID=Atsept21646.1.p3;Parent=Atsept21646^scaffold_8^+;Name="ORF type:5prime_partial (+),score=30.21"
Warning: unexpected tab character in last column, line truncated:
scaffold_8	transdecoder	gene	72580512	72706660	.	+	.	ID=Atsept21653^scaffold_8^+;Name="ORF type:5prime_partial (+),score=15.28"scaffold_8	transdecoder	mRNA	72580512	72706660	.	+	.	ID=Atsept21653.1.p2;Parent=Atsept21653^scaffold_8^+;Name="ORF type:5prime_partial (+),score=15.28"
Warning: unexpected tab character in last column, line truncated:
scaffold_8	transdecoder	gene	72929063	72936459	.	-	.	ID=Atsept21655^scaffold_8^-;Name="ORF type:complete (+),score=10.10"scaffold_8	transdecoder	mRNA	72929063	72936459	.	-	.	ID=Atsept21655.1.p4;Parent=Atsept21655^scaffold_8^-;Name="ORF type:complete (+),score=10.10"
Warning: unexpected tab character in last column, line truncated:
scaffold_8	transdecoder	gene	74520545	74521590	.	+	.	ID=Atsept21665^scaffold_8^+;Name="ORF type:complete (+),score=6.02"scaffold_8	transdecoder	mRNA	74520545	74521590	.	+	.	ID=Atsept21665.1.p3;Parent=Atsept21665^scaffold_8^+;Name="ORF type:complete (+),score=6.02"
Warning: unexpected tab character in last column, line truncated:
scaffold_8	transdecoder	gene	74598288	74599005	.	+	.	ID=Atsept21669^scaffold_8^+;Name="ORF type:complete (+),score=7.30"scaffold_8	transdecoder	mRNA	74598288	74599005	.	+	.	ID=Atsept21669.1.p1;Parent=Atsept21669^scaffold_8^+;Name="ORF type:complete (+),score=7.30"
Warning: unexpected tab character in last column, line truncated:
scaffold_8	transdecoder	gene	7228565	7229366	.	+	.	ID=Atsept21679^scaffold_8^+;Name="ORF type:complete (+),score=16.74"scaffold_8	transdecoder	mRNA	7228565	7229366	.	+	.	ID=Atsept21679.1.p2;Parent=Atsept21679^scaffold_8^+;Name="ORF type:complete (+),score=16.74"
Warning: unexpected tab character in last column, line truncated:
scaffold_8	transdecoder	gene	75733650	75805623	.	+	.	ID=Atsept21684^scaffold_8^+;Name="ORF type:complete (+),score=76.49"scaffold_8	transdecoder	mRNA	75733650	75805623	.	+	.	ID=Atsept21684.1.p3;Parent=Atsept21684^scaffold_8^+;Name="ORF type:complete (+),score=76.49"
Warning: unexpected tab character in last column, line truncated:
scaffold_8	transdecoder	gene	76041272	76052171	.	-	.	ID=Atsept21688^scaffold_8^-;Name="ORF type:complete (+),score=27.71"scaffold_8	transdecoder	mRNA	76041272	76052171	.	-	.	ID=Atsept21688.1.p2;Parent=Atsept21688^scaffold_8^-;Name="ORF type:complete (+),score=27.71"
Warning: unexpected tab character in last column, line truncated:
scaffold_8	transdecoder	gene	77249343	77251648	.	+	.	ID=Atsept21705^scaffold_8^+;Name="ORF type:complete (+),score=1.97"scaffold_8	transdecoder	mRNA	77249343	77251648	.	+	.	ID=Atsept21705.1.p2;Parent=Atsept21705^scaffold_8^+;Name="ORF type:complete (+),score=1.97"
Warning: unexpected tab character in last column, line truncated:
scaffold_8	transdecoder	gene	80320970	80375352	.	+	.	ID=Atsept21743^scaffold_8^+;Name="ORF type:5prime_partial (+),score=19.37"scaffold_8	transdecoder	mRNA	80320970	80375352	.	+	.	ID=Atsept21743.1.p2;Parent=Atsept21743^scaffold_8^+;Name="ORF type:5prime_partial (+),score=19.37"
Warning: unexpected tab character in last column, line truncated:
scaffold_8	transdecoder	gene	80384077	80386306	.	+	.	ID=Atsept21744^scaffold_8^+;Name="ORF type:complete (+),score=18.04"scaffold_8	transdecoder	mRNA	80384077	80386306	.	+	.	ID=Atsept21744.1.p1;Parent=Atsept21744^scaffold_8^+;Name="ORF type:complete (+),score=18.04"
Warning: unexpected tab character in last column, line truncated:
scaffold_8	transdecoder	gene	7580233	7591211	.	+	.	ID=Atsept21745^scaffold_8^+;Name="ORF type:complete (+),score=18.87"scaffold_8	transdecoder	mRNA	7580233	7591211	.	+	.	ID=Atsept21745.1.p3;Parent=Atsept21745^scaffold_8^+;Name="ORF type:complete (+),score=18.87"
Warning: unexpected tab character in last column, line truncated:
scaffold_8	transdecoder	gene	83072784	83074690	.	-	.	ID=Atsept21763^scaffold_8^-;Name="ORF type:complete (+),score=12.43"scaffold_8	transdecoder	mRNA	83072784	83074690	.	-	.	ID=Atsept21763.1.p10;Parent=Atsept21763^scaffold_8^-;Name="ORF type:complete (+),score=12.43"
Warning: unexpected tab character in last column, line truncated:
scaffold_8	transdecoder	gene	83105498	83107279	.	-	.	ID=Atsept21764^scaffold_8^-;Name="ORF type:5prime_partial (+),score=15.34"scaffold_8	transdecoder	mRNA	83105498	83107279	.	-	.	ID=Atsept21764.1.p4;Parent=Atsept21764^scaffold_8^-;Name="ORF type:5prime_partial (+),score=15.34"
Warning: unexpected tab character in last column, line truncated:
scaffold_8	transdecoder	gene	7754752	7830385	.	-	.	ID=Atsept21767^scaffold_8^-;Name="ORF type:complete (+),score=17.93"scaffold_8	transdecoder	mRNA	7754752	7830385	.	-	.	ID=Atsept21767.1.p2;Parent=Atsept21767^scaffold_8^-;Name="ORF type:complete (+),score=17.93"
Warning: unexpected tab character in last column, line truncated:
scaffold_8	transdecoder	gene	83541362	83541794	.	+	.	ID=Atsept21775^scaffold_8^+;Name="ORF type:complete (+),score=15.45"scaffold_8	transdecoder	mRNA	83541362	83541794	.	+	.	ID=Atsept21775.1.p1;Parent=Atsept21775^scaffold_8^+;Name="ORF type:complete (+),score=15.45"
Warning: unexpected tab character in last column, line truncated:
scaffold_8	transdecoder	gene	83681248	83681696	.	-	.	ID=Atsept21776^scaffold_8^-;Name="ORF type:complete (+),score=14.38"scaffold_8	transdecoder	mRNA	83681248	83681696	.	-	.	ID=Atsept21776.1.p1;Parent=Atsept21776^scaffold_8^-;Name="ORF type:complete (+),score=14.38"
Warning: unexpected tab character in last column, line truncated:
scaffold_8	transdecoder	gene	83809245	83940532	.	+	.	ID=Atsept21777^scaffold_8^+;Name="ORF type:complete (+),score=9.88"scaffold_8	transdecoder	mRNA	83809245	83940532	.	+	.	ID=Atsept21777.1.p1;Parent=Atsept21777^scaffold_8^+;Name="ORF type:complete (+),score=9.88"
Warning: unexpected tab character in last column, line truncated:
scaffold_8	transdecoder	gene	8245737	8247491	.	-	.	ID=Atsept21778^scaffold_8^-;Name="ORF type:complete (+),score=13.20"scaffold_8	transdecoder	mRNA	8245737	8247491	.	-	.	ID=Atsept21778.1.p4;Parent=Atsept21778^scaffold_8^-;Name="ORF type:complete (+),score=13.20"
Warning: unexpected tab character in last column, line truncated:
scaffold_8	transdecoder	gene	84678843	84696230	.	+	.	ID=Atsept21780^scaffold_8^+;Name="ORF type:complete (+),score=14.77"scaffold_8	transdecoder	mRNA	84678843	84696230	.	+	.	ID=Atsept21780.1.p3;Parent=Atsept21780^scaffold_8^+;Name="ORF type:complete (+),score=14.77"
Warning: unexpected tab character in last column, line truncated:
scaffold_8	transdecoder	gene	86309064	86498135	.	-	.	ID=Atsept21804^scaffold_8^-;Name="ORF type:complete (+),score=9.27"scaffold_8	transdecoder	mRNA	86309064	86498135	.	-	.	ID=Atsept21804.1.p2;Parent=Atsept21804^scaffold_8^-;Name="ORF type:complete (+),score=9.27"
Warning: unexpected tab character in last column, line truncated:
scaffold_8	transdecoder	gene	86498137	86510673	.	-	.	ID=Atsept21805^scaffold_8^-;Name="ORF type:5prime_partial (+),score=12.39"scaffold_8	transdecoder	mRNA	86498137	86510673	.	-	.	ID=Atsept21805.1.p2;Parent=Atsept21805^scaffold_8^-;Name="ORF type:5prime_partial (+),score=12.39"
Warning: unexpected tab character in last column, line truncated:
scaffold_8	transdecoder	gene	87157841	87161370	.	-	.	ID=Atsept21806^scaffold_8^-;Name="ORF type:complete (+),score=12.60"scaffold_8	transdecoder	mRNA	87157841	87161370	.	-	.	ID=Atsept21806.1.p3;Parent=Atsept21806^scaffold_8^-;Name="ORF type:complete (+),score=12.60"
Warning: unexpected tab character in last column, line truncated:
scaffold_8	transdecoder	gene	87392555	87393036	.	+	.	ID=Atsept21807^scaffold_8^+;Name="ORF type:5prime_partial (-),score=9.67"scaffold_8	transdecoder	mRNA	87392555	87393036	.	+	.	ID=Atsept21807.1.p2;Parent=Atsept21807^scaffold_8^+;Name="ORF type:5prime_partial (-),score=9.67"
Warning: unexpected tab character in last column, line truncated:
scaffold_8	transdecoder	gene	87392555	87393036	.	-	.	ID=Atsept21807^scaffold_8^-;Name="ORF type:complete (+),score=8.32"scaffold_8	transdecoder	mRNA	87392555	87393036	.	-	.	ID=Atsept21807.1.p1;Parent=Atsept21807^scaffold_8^-;Name="ORF type:complete (+),score=8.32"
Warning: unexpected tab character in last column, line truncated:
scaffold_8	transdecoder	gene	87906430	87916954	.	-	.	ID=Atsept21810^scaffold_8^-;Name="ORF type:complete (+),score=14.20"scaffold_8	transdecoder	mRNA	87906430	87916954	.	-	.	ID=Atsept21810.1.p1;Parent=Atsept21810^scaffold_8^-;Name="ORF type:complete (+),score=14.20"
Warning: unexpected tab character in last column, line truncated:
scaffold_8	transdecoder	gene	89055829	89057129	.	+	.	ID=Atsept21824^scaffold_8^+;Name="ORF type:complete (+),score=34.71"scaffold_8	transdecoder	mRNA	89055829	89057129	.	+	.	ID=Atsept21824.1.p1;Parent=Atsept21824^scaffold_8^+;Name="ORF type:complete (+),score=34.71"
Warning: unexpected tab character in last column, line truncated:
scaffold_8	transdecoder	gene	89113846	89118364	.	+	.	ID=Atsept21825^scaffold_8^+;Name="ORF type:complete (+),score=4.07"scaffold_8	transdecoder	mRNA	89113846	89118364	.	+	.	ID=Atsept21825.1.p1;Parent=Atsept21825^scaffold_8^+;Name="ORF type:complete (+),score=4.07"
Warning: unexpected tab character in last column, line truncated:
scaffold_8	transdecoder	gene	89111559	89115352	.	-	.	ID=Atsept21826^scaffold_8^-;Name="ORF type:complete (+),score=19.52"scaffold_8	transdecoder	mRNA	89111559	89115352	.	-	.	ID=Atsept21826.1.p1;Parent=Atsept21826^scaffold_8^-;Name="ORF type:complete (+),score=19.52"
Warning: unexpected tab character in last column, line truncated:
scaffold_8	transdecoder	gene	89136953	89138520	.	+	.	ID=Atsept21828^scaffold_8^+;Name="ORF type:complete (+),score=20.83"scaffold_8	transdecoder	mRNA	89136953	89138520	.	+	.	ID=Atsept21828.1.p2;Parent=Atsept21828^scaffold_8^+;Name="ORF type:complete (+),score=20.83"
Warning: unexpected tab character in last column, line truncated:
scaffold_8	transdecoder	gene	89138522	89145030	.	+	.	ID=Atsept21829^scaffold_8^+;Name="ORF type:complete (+),score=8.94"scaffold_8	transdecoder	mRNA	89138522	89145030	.	+	.	ID=Atsept21829.1.p9;Parent=Atsept21829^scaffold_8^+;Name="ORF type:complete (+),score=8.94"
Warning: unexpected tab character in last column, line truncated:
scaffold_8	transdecoder	gene	89133446	89136981	.	-	.	ID=Atsept21830^scaffold_8^-;Name="ORF type:complete (+),score=42.74"scaffold_8	transdecoder	mRNA	89133446	89136981	.	-	.	ID=Atsept21830.1.p2;Parent=Atsept21830^scaffold_8^-;Name="ORF type:complete (+),score=42.74"
Warning: unexpected tab character in last column, line truncated:
scaffold_8	transdecoder	gene	89160372	89162349	.	+	.	ID=Atsept21831^scaffold_8^+;Name="ORF type:5prime_partial (+),score=2.28"scaffold_8	transdecoder	mRNA	89160372	89162349	.	+	.	ID=Atsept21831.1.p9;Parent=Atsept21831^scaffold_8^+;Name="ORF type:5prime_partial (+),score=2.28"
Warning: unexpected tab character in last column, line truncated:
scaffold_8	transdecoder	gene	89176399	89179345	.	+	.	ID=Atsept21832^scaffold_8^+;Name="ORF type:complete (+),score=39.83"scaffold_8	transdecoder	mRNA	89176399	89179345	.	+	.	ID=Atsept21832.1.p1;Parent=Atsept21832^scaffold_8^+;Name="ORF type:complete (+),score=39.83"
Warning: unexpected tab character in last column, line truncated:
scaffold_8	transdecoder	gene	8742898	8743432	.	-	.	ID=Atsept21833^scaffold_8^-;Name="ORF type:complete (+),score=19.74"scaffold_8	transdecoder	mRNA	8742898	8743432	.	-	.	ID=Atsept21833.1.p1;Parent=Atsept21833^scaffold_8^-;Name="ORF type:complete (+),score=19.74"
Warning: unexpected tab character in last column, line truncated:
scaffold_8	transdecoder	gene	89173355	89176367	.	-	.	ID=Atsept21834^scaffold_8^-;Name="ORF type:complete (+),score=22.08"scaffold_8	transdecoder	mRNA	89173355	89176367	.	-	.	ID=Atsept21834.1.p1;Parent=Atsept21834^scaffold_8^-;Name="ORF type:complete (+),score=22.08"
Warning: unexpected tab character in last column, line truncated:
scaffold_8	transdecoder	gene	89317798	89437177	.	-	.	ID=Atsept21837^scaffold_8^-;Name="ORF type:complete (+),score=9.29"scaffold_8	transdecoder	mRNA	89317798	89437177	.	-	.	ID=Atsept21837.1.p2;Parent=Atsept21837^scaffold_8^-;Name="ORF type:complete (+),score=9.29"
Warning: unexpected tab character in last column, line truncated:
scaffold_8	transdecoder	gene	90279476	90284480	.	+	.	ID=Atsept21840^scaffold_8^+;Name="ORF type:complete (+),score=21.49"scaffold_8	transdecoder	mRNA	90279476	90284480	.	+	.	ID=Atsept21840.1.p2;Parent=Atsept21840^scaffold_8^+;Name="ORF type:complete (+),score=21.49"
Warning: unexpected tab character in last column, line truncated:
scaffold_8	transdecoder	gene	92529055	92585531	.	-	.	ID=Atsept21874^scaffold_8^-;Name="ORF type:complete (+),score=34.58"scaffold_8	transdecoder	mRNA	92529055	92585531	.	-	.	ID=Atsept21874.1.p2;Parent=Atsept21874^scaffold_8^-;Name="ORF type:complete (+),score=34.58"
Warning: unexpected tab character in last column, line truncated:
scaffold_8	transdecoder	gene	92668818	92671110	.	-	.	ID=Atsept21880^scaffold_8^-;Name="ORF type:complete (+),score=13.55"scaffold_8	transdecoder	mRNA	92668818	92671110	.	-	.	ID=Atsept21880.1.p5;Parent=Atsept21880^scaffold_8^-;Name="ORF type:complete (+),score=13.55"
Warning: unexpected tab character in last column, line truncated:
scaffold_8	transdecoder	gene	93181884	93187679	.	-	.	ID=Atsept21893^scaffold_8^-;Name="ORF type:complete (+),score=25.43"scaffold_8	transdecoder	mRNA	93181884	93187679	.	-	.	ID=Atsept21893.1.p4;Parent=Atsept21893^scaffold_8^-;Name="ORF type:complete (+),score=25.43"
Warning: unexpected tab character in last column, line truncated:
scaffold_8	transdecoder	gene	93251081	93256324	.	+	.	ID=Atsept21895^scaffold_8^+;Name="ORF type:complete (+),score=27.90"scaffold_8	transdecoder	mRNA	93251081	93256324	.	+	.	ID=Atsept21895.1.p3;Parent=Atsept21895^scaffold_8^+;Name="ORF type:complete (+),score=27.90"
Warning: unexpected tab character in last column, line truncated:
scaffold_8	transdecoder	gene	93374476	93375854	.	-	.	ID=Atsept21898^scaffold_8^-;Name="ORF type:complete (+),score=10.54"scaffold_8	transdecoder	mRNA	93374476	93375854	.	-	.	ID=Atsept21898.1.p1;Parent=Atsept21898^scaffold_8^-;Name="ORF type:complete (+),score=10.54"
Warning: unexpected tab character in last column, line truncated:
scaffold_8	transdecoder	gene	93671096	93676588	.	-	.	ID=Atsept21908^scaffold_8^-;Name="ORF type:5prime_partial (+),score=12.99"scaffold_8	transdecoder	mRNA	93671096	93676588	.	-	.	ID=Atsept21908.1.p2;Parent=Atsept21908^scaffold_8^-;Name="ORF type:5prime_partial (+),score=12.99"
Warning: unexpected tab character in last column, line truncated:
scaffold_8	transdecoder	gene	93778373	93781240	.	-	.	ID=Atsept21910^scaffold_8^-;Name="ORF type:complete (+),score=143.49"scaffold_8	transdecoder	mRNA	93778373	93781240	.	-	.	ID=Atsept21910.1.p1;Parent=Atsept21910^scaffold_8^-;Name="ORF type:complete (+),score=143.49"
Warning: unexpected tab character in last column, line truncated:
scaffold_9	transdecoder	gene	10447257	10455252	.	+	.	ID=Atsept21925^scaffold_9^+;Name="ORF type:complete (+),score=4.87"scaffold_9	transdecoder	mRNA	10447257	10455252	.	+	.	ID=Atsept21925.1.p2;Parent=Atsept21925^scaffold_9^+;Name="ORF type:complete (+),score=4.87"
Warning: unexpected tab character in last column, line truncated:
scaffold_9	transdecoder	gene	11777399	11809528	.	-	.	ID=Atsept21930^scaffold_9^-;Name="ORF type:5prime_partial (+),score=9.52"scaffold_9	transdecoder	mRNA	11777399	11809528	.	-	.	ID=Atsept21930.1.p1;Parent=Atsept21930^scaffold_9^-;Name="ORF type:5prime_partial (+),score=9.52"
Warning: unexpected tab character in last column, line truncated:
scaffold_9	transdecoder	gene	15870837	15872175	.	+	.	ID=Atsept21940^scaffold_9^+;Name="ORF type:complete (+),score=16.32"scaffold_9	transdecoder	mRNA	15870837	15872175	.	+	.	ID=Atsept21940.1.p1;Parent=Atsept21940^scaffold_9^+;Name="ORF type:complete (+),score=16.32"
Warning: unexpected tab character in last column, line truncated:
scaffold_9	transdecoder	gene	17050658	17051342	.	+	.	ID=Atsept21961^scaffold_9^+;Name="ORF type:complete (+),score=2.24"scaffold_9	transdecoder	mRNA	17050658	17051342	.	+	.	ID=Atsept21961.1.p1;Parent=Atsept21961^scaffold_9^+;Name="ORF type:complete (+),score=2.24"
Warning: unexpected tab character in last column, line truncated:
scaffold_9	transdecoder	gene	20264922	20270710	.	+	.	ID=Atsept21993^scaffold_9^+;Name="ORF type:3prime_partial (+),score=14.13"scaffold_9	transdecoder	mRNA	20264922	20270710	.	+	.	ID=Atsept21993.1.p1;Parent=Atsept21993^scaffold_9^+;Name="ORF type:3prime_partial (+),score=14.13"
Warning: unexpected tab character in last column, line truncated:
scaffold_9	transdecoder	gene	22272416	22282488	.	-	.	ID=Atsept22021^scaffold_9^-;Name="ORF type:complete (+),score=37.25"scaffold_9	transdecoder	mRNA	22272416	22282488	.	-	.	ID=Atsept22021.1.p1;Parent=Atsept22021^scaffold_9^-;Name="ORF type:complete (+),score=37.25"
Warning: unexpected tab character in last column, line truncated:
scaffold_9	transdecoder	gene	22671183	22675181	.	-	.	ID=Atsept22029^scaffold_9^-;Name="ORF type:complete (+),score=3.04"scaffold_9	transdecoder	mRNA	22671183	22675181	.	-	.	ID=Atsept22029.1.p1;Parent=Atsept22029^scaffold_9^-;Name="ORF type:complete (+),score=3.04"
Warning: unexpected tab character in last column, line truncated:
scaffold_9	transdecoder	gene	24223312	24233628	.	-	.	ID=Atsept22039^scaffold_9^-;Name="ORF type:complete (+),score=8.99"scaffold_9	transdecoder	mRNA	24223312	24233628	.	-	.	ID=Atsept22039.1.p1;Parent=Atsept22039^scaffold_9^-;Name="ORF type:complete (+),score=8.99"
Warning: unexpected tab character in last column, line truncated:
scaffold_9	transdecoder	gene	24807786	24813844	.	+	.	ID=Atsept22042^scaffold_9^+;Name="ORF type:complete (+),score=5.16"scaffold_9	transdecoder	mRNA	24807786	24813844	.	+	.	ID=Atsept22042.1.p1;Parent=Atsept22042^scaffold_9^+;Name="ORF type:complete (+),score=5.16"
Warning: unexpected tab character in last column, line truncated:
scaffold_9	transdecoder	gene	24898280	24907333	.	-	.	ID=Atsept22043^scaffold_9^-;Name="ORF type:complete (+),score=39.81"scaffold_9	transdecoder	mRNA	24898280	24907333	.	-	.	ID=Atsept22043.1.p2;Parent=Atsept22043^scaffold_9^-;Name="ORF type:complete (+),score=39.81"
Warning: unexpected tab character in last column, line truncated:
scaffold_9	transdecoder	gene	1050634	1058204	.	+	.	ID=Atsept22045^scaffold_9^+;Name="ORF type:complete (+),score=8.43"scaffold_9	transdecoder	mRNA	1050634	1058204	.	+	.	ID=Atsept22045.1.p2;Parent=Atsept22045^scaffold_9^+;Name="ORF type:complete (+),score=8.43"
Warning: unexpected tab character in last column, line truncated:
scaffold_9	transdecoder	gene	24959513	24977312	.	-	.	ID=Atsept22047^scaffold_9^-;Name="ORF type:complete (+),score=32.90"scaffold_9	transdecoder	mRNA	24959513	24977312	.	-	.	ID=Atsept22047.1.p1;Parent=Atsept22047^scaffold_9^-;Name="ORF type:complete (+),score=32.90"
Warning: unexpected tab character in last column, line truncated:
scaffold_9	transdecoder	gene	28211394	28214270	.	+	.	ID=Atsept22069^scaffold_9^+;Name="ORF type:complete (+),score=22.96"scaffold_9	transdecoder	mRNA	28211394	28214270	.	+	.	ID=Atsept22069.1.p2;Parent=Atsept22069^scaffold_9^+;Name="ORF type:complete (+),score=22.96"
Warning: unexpected tab character in last column, line truncated:
scaffold_9	transdecoder	gene	28262362	28267487	.	+	.	ID=Atsept22073^scaffold_9^+;Name="ORF type:complete (+),score=20.77"scaffold_9	transdecoder	mRNA	28262362	28267487	.	+	.	ID=Atsept22073.1.p1;Parent=Atsept22073^scaffold_9^+;Name="ORF type:complete (+),score=20.77"
Warning: unexpected tab character in last column, line truncated:
scaffold_9	transdecoder	gene	29076608	29077837	.	-	.	ID=Atsept22094^scaffold_9^-;Name="ORF type:complete (+),score=19.56"scaffold_9	transdecoder	mRNA	29076608	29077837	.	-	.	ID=Atsept22094.1.p1;Parent=Atsept22094^scaffold_9^-;Name="ORF type:complete (+),score=19.56"
Warning: unexpected tab character in last column, line truncated:
scaffold_9	transdecoder	gene	29878395	29885007	.	+	.	ID=Atsept22098^scaffold_9^+;Name="ORF type:3prime_partial (+),score=25.94"scaffold_9	transdecoder	mRNA	29878395	29885007	.	+	.	ID=Atsept22098.1.p1;Parent=Atsept22098^scaffold_9^+;Name="ORF type:3prime_partial (+),score=25.94"
Warning: unexpected tab character in last column, line truncated:
scaffold_9	transdecoder	gene	30229979	30234998	.	+	.	ID=Atsept22102^scaffold_9^+;Name="ORF type:3prime_partial (+),score=11.13"scaffold_9	transdecoder	mRNA	30229979	30234998	.	+	.	ID=Atsept22102.1.p1;Parent=Atsept22102^scaffold_9^+;Name="ORF type:3prime_partial (+),score=11.13"
Warning: unexpected tab character in last column, line truncated:
scaffold_9	transdecoder	gene	31031883	31065935	.	+	.	ID=Atsept22105^scaffold_9^+;Name="ORF type:5prime_partial (+),score=25.54"scaffold_9	transdecoder	mRNA	31031883	31065935	.	+	.	ID=Atsept22105.1.p1;Parent=Atsept22105^scaffold_9^+;Name="ORF type:5prime_partial (+),score=25.54"
Warning: unexpected tab character in last column, line truncated:
scaffold_9	transdecoder	gene	32623513	32694397	.	-	.	ID=Atsept22112^scaffold_9^-;Name="ORF type:complete (+),score=27.83"scaffold_9	transdecoder	mRNA	32623513	32694397	.	-	.	ID=Atsept22112.1.p2;Parent=Atsept22112^scaffold_9^-;Name="ORF type:complete (+),score=27.83"
Warning: unexpected tab character in last column, line truncated:
scaffold_9	transdecoder	gene	33707471	33709520	.	-	.	ID=Atsept22124^scaffold_9^-;Name="ORF type:complete (+),score=15.93"scaffold_9	transdecoder	mRNA	33707471	33709520	.	-	.	ID=Atsept22124.1.p1;Parent=Atsept22124^scaffold_9^-;Name="ORF type:complete (+),score=15.93"
Warning: unexpected tab character in last column, line truncated:
scaffold_9	transdecoder	gene	36793196	36794535	.	-	.	ID=Atsept22150^scaffold_9^-;Name="ORF type:complete (+),score=12.19"scaffold_9	transdecoder	mRNA	36793196	36794535	.	-	.	ID=Atsept22150.1.p1;Parent=Atsept22150^scaffold_9^-;Name="ORF type:complete (+),score=12.19"
Warning: unexpected tab character in last column, line truncated:
scaffold_9	transdecoder	gene	37210416	37211021	.	-	.	ID=Atsept22153^scaffold_9^-;Name="ORF type:complete (+),score=9.12"scaffold_9	transdecoder	mRNA	37210416	37211021	.	-	.	ID=Atsept22153.1.p1;Parent=Atsept22153^scaffold_9^-;Name="ORF type:complete (+),score=9.12"
Warning: unexpected tab character in last column, line truncated:
scaffold_9	transdecoder	gene	37247473	37252668	.	-	.	ID=Atsept22155^scaffold_9^-;Name="ORF type:5prime_partial (+),score=9.62"scaffold_9	transdecoder	mRNA	37247473	37252668	.	-	.	ID=Atsept22155.1.p2;Parent=Atsept22155^scaffold_9^-;Name="ORF type:5prime_partial (+),score=9.62"
Warning: unexpected tab character in last column, line truncated:
scaffold_9	transdecoder	gene	37536781	37543183	.	-	.	ID=Atsept22161^scaffold_9^-;Name="ORF type:complete (+),score=15.70"scaffold_9	transdecoder	mRNA	37536781	37543183	.	-	.	ID=Atsept22161.1.p2;Parent=Atsept22161^scaffold_9^-;Name="ORF type:complete (+),score=15.70"
Warning: unexpected tab character in last column, line truncated:
scaffold_9	transdecoder	gene	38230707	38236778	.	+	.	ID=Atsept22170^scaffold_9^+;Name="ORF type:5prime_partial (+),score=44.21"scaffold_9	transdecoder	mRNA	38230707	38236778	.	+	.	ID=Atsept22170.1.p1;Parent=Atsept22170^scaffold_9^+;Name="ORF type:5prime_partial (+),score=44.21"
Warning: unexpected tab character in last column, line truncated:
scaffold_9	transdecoder	gene	39859702	39867822	.	+	.	ID=Atsept22175^scaffold_9^+;Name="ORF type:complete (+),score=12.48"scaffold_9	transdecoder	mRNA	39859702	39867822	.	+	.	ID=Atsept22175.1.p2;Parent=Atsept22175^scaffold_9^+;Name="ORF type:complete (+),score=12.48"
Warning: unexpected tab character in last column, line truncated:
scaffold_9	transdecoder	gene	39871229	39871943	.	-	.	ID=Atsept22176^scaffold_9^-;Name="ORF type:complete (+),score=10.30"scaffold_9	transdecoder	mRNA	39871229	39871943	.	-	.	ID=Atsept22176.1.p2;Parent=Atsept22176^scaffold_9^-;Name="ORF type:complete (+),score=10.30"
Warning: unexpected tab character in last column, line truncated:
scaffold_9	transdecoder	gene	40745829	40749833	.	-	.	ID=Atsept22189^scaffold_9^-;Name="ORF type:complete (+),score=35.20"scaffold_9	transdecoder	mRNA	40745829	40749833	.	-	.	ID=Atsept22189.1.p1;Parent=Atsept22189^scaffold_9^-;Name="ORF type:complete (+),score=35.20"
Warning: unexpected tab character in last column, line truncated:
scaffold_9	transdecoder	gene	42315141	42326363	.	-	.	ID=Atsept22212^scaffold_9^-;Name="ORF type:complete (+),score=11.20"scaffold_9	transdecoder	mRNA	42315141	42326363	.	-	.	ID=Atsept22212.1.p1;Parent=Atsept22212^scaffold_9^-;Name="ORF type:complete (+),score=11.20"
Warning: unexpected tab character in last column, line truncated:
scaffold_9	transdecoder	gene	1801434	1803577	.	+	.	ID=Atsept22218^scaffold_9^+;Name="ORF type:complete (+),score=73.45"scaffold_9	transdecoder	mRNA	1801434	1803577	.	+	.	ID=Atsept22218.1.p2;Parent=Atsept22218^scaffold_9^+;Name="ORF type:complete (+),score=73.45"
Warning: unexpected tab character in last column, line truncated:
scaffold_9	transdecoder	gene	43371118	43386489	.	+	.	ID=Atsept22224^scaffold_9^+;Name="ORF type:complete (+),score=9.30"scaffold_9	transdecoder	mRNA	43371118	43386489	.	+	.	ID=Atsept22224.1.p5;Parent=Atsept22224^scaffold_9^+;Name="ORF type:complete (+),score=9.30"
Warning: unexpected tab character in last column, line truncated:
scaffold_9	transdecoder	gene	44371244	44376142	.	+	.	ID=Atsept22232^scaffold_9^+;Name="ORF type:complete (+),score=12.51"scaffold_9	transdecoder	mRNA	44371244	44376142	.	+	.	ID=Atsept22232.1.p2;Parent=Atsept22232^scaffold_9^+;Name="ORF type:complete (+),score=12.51"
Warning: unexpected tab character in last column, line truncated:
scaffold_9	transdecoder	gene	44619319	44623720	.	-	.	ID=Atsept22234^scaffold_9^-;Name="ORF type:complete (+),score=14.81"scaffold_9	transdecoder	mRNA	44619319	44623720	.	-	.	ID=Atsept22234.1.p1;Parent=Atsept22234^scaffold_9^-;Name="ORF type:complete (+),score=14.81"
Warning: unexpected tab character in last column, line truncated:
scaffold_9	transdecoder	gene	1882427	1885151	.	+	.	ID=Atsept22240^scaffold_9^+;Name="ORF type:internal (+),score=29.13"scaffold_9	transdecoder	mRNA	1882427	1885151	.	+	.	ID=Atsept22240.1.p2;Parent=Atsept22240^scaffold_9^+;Name="ORF type:internal (+),score=29.13"
Warning: unexpected tab character in last column, line truncated:
scaffold_9	transdecoder	gene	45315760	45316797	.	-	.	ID=Atsept22242^scaffold_9^-;Name="ORF type:complete (+),score=13.71"scaffold_9	transdecoder	mRNA	45315760	45316797	.	-	.	ID=Atsept22242.1.p1;Parent=Atsept22242^scaffold_9^-;Name="ORF type:complete (+),score=13.71"
Warning: unexpected tab character in last column, line truncated:
scaffold_9	transdecoder	gene	46416899	46417339	.	+	.	ID=Atsept22256^scaffold_9^+;Name="ORF type:complete (+),score=18.19"scaffold_9	transdecoder	mRNA	46416899	46417339	.	+	.	ID=Atsept22256.1.p1;Parent=Atsept22256^scaffold_9^+;Name="ORF type:complete (+),score=18.19"
Warning: unexpected tab character in last column, line truncated:
scaffold_9	transdecoder	gene	46973354	46975868	.	-	.	ID=Atsept22263^scaffold_9^-;Name="ORF type:internal (+),score=159.05"scaffold_9	transdecoder	mRNA	46973354	46975868	.	-	.	ID=Atsept22263.1.p2;Parent=Atsept22263^scaffold_9^-;Name="ORF type:internal (+),score=159.05"
Warning: unexpected tab character in last column, line truncated:
scaffold_9	transdecoder	gene	48496939	48560367	.	+	.	ID=Atsept22284^scaffold_9^+;Name="ORF type:5prime_partial (+),score=8.49"scaffold_9	transdecoder	mRNA	48496939	48560367	.	+	.	ID=Atsept22284.1.p1;Parent=Atsept22284^scaffold_9^+;Name="ORF type:5prime_partial (+),score=8.49"
Warning: unexpected tab character in last column, line truncated:
scaffold_9	transdecoder	gene	51376265	51377129	.	+	.	ID=Atsept22288^scaffold_9^+;Name="ORF type:complete (+),score=18.60"scaffold_9	transdecoder	mRNA	51376265	51377129	.	+	.	ID=Atsept22288.1.p1;Parent=Atsept22288^scaffold_9^+;Name="ORF type:complete (+),score=18.60"
Warning: unexpected tab character in last column, line truncated:
scaffold_9	transdecoder	gene	52553558	52555587	.	-	.	ID=Atsept22290^scaffold_9^-;Name="ORF type:complete (+),score=15.21"scaffold_9	transdecoder	mRNA	52553558	52555587	.	-	.	ID=Atsept22290.1.p1;Parent=Atsept22290^scaffold_9^-;Name="ORF type:complete (+),score=15.21"
Warning: unexpected tab character in last column, line truncated:
scaffold_9	transdecoder	gene	52676420	52677035	.	+	.	ID=Atsept22291^scaffold_9^+;Name="ORF type:complete (+),score=8.76"scaffold_9	transdecoder	mRNA	52676420	52677035	.	+	.	ID=Atsept22291.1.p3;Parent=Atsept22291^scaffold_9^+;Name="ORF type:complete (+),score=8.76"
Warning: unexpected tab character in last column, line truncated:
scaffold_9	transdecoder	gene	53408652	53409808	.	+	.	ID=Atsept22301^scaffold_9^+;Name="ORF type:5prime_partial (+),score=44.98"scaffold_9	transdecoder	mRNA	53408652	53409808	.	+	.	ID=Atsept22301.1.p2;Parent=Atsept22301^scaffold_9^+;Name="ORF type:5prime_partial (+),score=44.98"
Warning: unexpected tab character in last column, line truncated:
scaffold_9	transdecoder	gene	53413986	53415645	.	-	.	ID=Atsept22302^scaffold_9^-;Name="ORF type:complete (+),score=55.67"scaffold_9	transdecoder	mRNA	53413986	53415645	.	-	.	ID=Atsept22302.1.p1;Parent=Atsept22302^scaffold_9^-;Name="ORF type:complete (+),score=55.67"
Warning: unexpected tab character in last column, line truncated:
scaffold_9	transdecoder	gene	53421782	53422946	.	+	.	ID=Atsept22305^scaffold_9^+;Name="ORF type:complete (+),score=29.87"scaffold_9	transdecoder	mRNA	53421782	53422946	.	+	.	ID=Atsept22305.1.p1;Parent=Atsept22305^scaffold_9^+;Name="ORF type:complete (+),score=29.87"
Warning: unexpected tab character in last column, line truncated:
scaffold_9	transdecoder	gene	53760355	53776618	.	+	.	ID=Atsept22321^scaffold_9^+;Name="ORF type:complete (+),score=21.83"scaffold_9	transdecoder	mRNA	53760355	53776618	.	+	.	ID=Atsept22321.1.p1;Parent=Atsept22321^scaffold_9^+;Name="ORF type:complete (+),score=21.83"
Warning: unexpected tab character in last column, line truncated:
scaffold_9	transdecoder	gene	53985930	53993826	.	+	.	ID=Atsept22323^scaffold_9^+;Name="ORF type:complete (+),score=18.58"scaffold_9	transdecoder	mRNA	53985930	53993826	.	+	.	ID=Atsept22323.1.p1;Parent=Atsept22323^scaffold_9^+;Name="ORF type:complete (+),score=18.58"
Warning: unexpected tab character in last column, line truncated:
scaffold_9	transdecoder	gene	54988275	55010113	.	+	.	ID=Atsept22327^scaffold_9^+;Name="ORF type:complete (+),score=4.56"scaffold_9	transdecoder	mRNA	54988275	55010113	.	+	.	ID=Atsept22327.1.p3;Parent=Atsept22327^scaffold_9^+;Name="ORF type:complete (+),score=4.56"
Warning: unexpected tab character in last column, line truncated:
scaffold_9	transdecoder	gene	55465478	55483160	.	-	.	ID=Atsept22329^scaffold_9^-;Name="ORF type:5prime_partial (+),score=22.20"scaffold_9	transdecoder	mRNA	55465478	55483160	.	-	.	ID=Atsept22329.1.p1;Parent=Atsept22329^scaffold_9^-;Name="ORF type:5prime_partial (+),score=22.20"
Warning: unexpected tab character in last column, line truncated:
scaffold_9	transdecoder	gene	55861907	55881706	.	-	.	ID=Atsept22338^scaffold_9^-;Name="ORF type:complete (+),score=13.70"scaffold_9	transdecoder	mRNA	55861907	55881706	.	-	.	ID=Atsept22338.1.p2;Parent=Atsept22338^scaffold_9^-;Name="ORF type:complete (+),score=13.70"
Warning: unexpected tab character in last column, line truncated:
scaffold_9	transdecoder	gene	55890291	55895208	.	+	.	ID=Atsept22339^scaffold_9^+;Name="ORF type:complete (+),score=30.32"scaffold_9	transdecoder	mRNA	55890291	55895208	.	+	.	ID=Atsept22339.1.p1;Parent=Atsept22339^scaffold_9^+;Name="ORF type:complete (+),score=30.32"
Warning: unexpected tab character in last column, line truncated:
scaffold_9	transdecoder	gene	58252421	58256540	.	+	.	ID=Atsept22367^scaffold_9^+;Name="ORF type:complete (+),score=23.40"scaffold_9	transdecoder	mRNA	58252421	58256540	.	+	.	ID=Atsept22367.1.p1;Parent=Atsept22367^scaffold_9^+;Name="ORF type:complete (+),score=23.40"
Warning: unexpected tab character in last column, line truncated:
scaffold_9	transdecoder	gene	59179908	59181993	.	-	.	ID=Atsept22372^scaffold_9^-;Name="ORF type:complete (+),score=15.99"scaffold_9	transdecoder	mRNA	59179908	59181993	.	-	.	ID=Atsept22372.1.p1;Parent=Atsept22372^scaffold_9^-;Name="ORF type:complete (+),score=15.99"
Warning: unexpected tab character in last column, line truncated:
scaffold_9	transdecoder	gene	59349393	59349826	.	-	.	ID=Atsept22374^scaffold_9^-;Name="ORF type:complete (+),score=3.71"scaffold_9	transdecoder	mRNA	59349393	59349826	.	-	.	ID=Atsept22374.1.p1;Parent=Atsept22374^scaffold_9^-;Name="ORF type:complete (+),score=3.71"
Warning: unexpected tab character in last column, line truncated:
scaffold_9	transdecoder	gene	60185458	60193183	.	+	.	ID=Atsept22385^scaffold_9^+;Name="ORF type:complete (+),score=11.60"scaffold_9	transdecoder	mRNA	60185458	60193183	.	+	.	ID=Atsept22385.1.p1;Parent=Atsept22385^scaffold_9^+;Name="ORF type:complete (+),score=11.60"
Warning: unexpected tab character in last column, line truncated:
scaffold_9	transdecoder	gene	60293229	60323109	.	-	.	ID=Atsept22387^scaffold_9^-;Name="ORF type:complete (+),score=7.73"scaffold_9	transdecoder	mRNA	60293229	60323109	.	-	.	ID=Atsept22387.1.p4;Parent=Atsept22387^scaffold_9^-;Name="ORF type:complete (+),score=7.73"
Warning: unexpected tab character in last column, line truncated:
scaffold_9	transdecoder	gene	60415757	60416900	.	+	.	ID=Atsept22388^scaffold_9^+;Name="ORF type:complete (+),score=11.42"scaffold_9	transdecoder	mRNA	60415757	60416900	.	+	.	ID=Atsept22388.1.p1;Parent=Atsept22388^scaffold_9^+;Name="ORF type:complete (+),score=11.42"
Warning: unexpected tab character in last column, line truncated:
scaffold_9	transdecoder	gene	60475409	60480785	.	+	.	ID=Atsept22389^scaffold_9^+;Name="ORF type:complete (+),score=10.27"scaffold_9	transdecoder	mRNA	60475409	60480785	.	+	.	ID=Atsept22389.1.p1;Parent=Atsept22389^scaffold_9^+;Name="ORF type:complete (+),score=10.27"
Warning: unexpected tab character in last column, line truncated:
scaffold_9	transdecoder	gene	2702427	2707495	.	-	.	ID=Atsept22402^scaffold_9^-;Name="ORF type:complete (+),score=60.47"scaffold_9	transdecoder	mRNA	2702427	2707495	.	-	.	ID=Atsept22402.1.p3;Parent=Atsept22402^scaffold_9^-;Name="ORF type:complete (+),score=60.47"
Warning: unexpected tab character in last column, line truncated:
scaffold_9	transdecoder	gene	61659950	61854904	.	+	.	ID=Atsept22403^scaffold_9^+;Name="ORF type:5prime_partial (+),score=9.95"scaffold_9	transdecoder	mRNA	61659950	61854904	.	+	.	ID=Atsept22403.1.p5;Parent=Atsept22403^scaffold_9^+;Name="ORF type:5prime_partial (+),score=9.95"
Warning: unexpected tab character in last column, line truncated:
scaffold_9	transdecoder	gene	62538823	62547708	.	-	.	ID=Atsept22414^scaffold_9^-;Name="ORF type:complete (+),score=12.96"scaffold_9	transdecoder	mRNA	62538823	62547708	.	-	.	ID=Atsept22414.1.p1;Parent=Atsept22414^scaffold_9^-;Name="ORF type:complete (+),score=12.96"
Warning: unexpected tab character in last column, line truncated:
scaffold_9	transdecoder	gene	64225922	64234074	.	-	.	ID=Atsept22428^scaffold_9^-;Name="ORF type:complete (+),score=23.41"scaffold_9	transdecoder	mRNA	64225922	64234074	.	-	.	ID=Atsept22428.1.p1;Parent=Atsept22428^scaffold_9^-;Name="ORF type:complete (+),score=23.41"
Warning: unexpected tab character in last column, line truncated:
scaffold_9	transdecoder	gene	64455222	64460896	.	+	.	ID=Atsept22430^scaffold_9^+;Name="ORF type:complete (+),score=9.76"scaffold_9	transdecoder	mRNA	64455222	64460896	.	+	.	ID=Atsept22430.1.p1;Parent=Atsept22430^scaffold_9^+;Name="ORF type:complete (+),score=9.76"
Warning: unexpected tab character in last column, line truncated:
scaffold_9	transdecoder	gene	64685028	64713247	.	+	.	ID=Atsept22439^scaffold_9^+;Name="ORF type:complete (+),score=20.23"scaffold_9	transdecoder	mRNA	64685028	64713247	.	+	.	ID=Atsept22439.1.p2;Parent=Atsept22439^scaffold_9^+;Name="ORF type:complete (+),score=20.23"
Warning: unexpected tab character in last column, line truncated:
scaffold_9	transdecoder	gene	65778567	65782176	.	+	.	ID=Atsept22449^scaffold_9^+;Name="ORF type:complete (+),score=25.99"scaffold_9	transdecoder	mRNA	65778567	65782176	.	+	.	ID=Atsept22449.1.p2;Parent=Atsept22449^scaffold_9^+;Name="ORF type:complete (+),score=25.99"
Warning: unexpected tab character in last column, line truncated:
scaffold_9	transdecoder	gene	65822898	65829605	.	-	.	ID=Atsept22452^scaffold_9^-;Name="ORF type:complete (+),score=5.13"scaffold_9	transdecoder	mRNA	65822898	65829605	.	-	.	ID=Atsept22452.1.p1;Parent=Atsept22452^scaffold_9^-;Name="ORF type:complete (+),score=5.13"
Warning: unexpected tab character in last column, line truncated:
scaffold_9	transdecoder	gene	65940104	65944907	.	-	.	ID=Atsept22454^scaffold_9^-;Name="ORF type:complete (+),score=10.08"scaffold_9	transdecoder	mRNA	65940104	65944907	.	-	.	ID=Atsept22454.1.p10;Parent=Atsept22454^scaffold_9^-;Name="ORF type:complete (+),score=10.08"
Warning: unexpected tab character in last column, line truncated:
scaffold_9	transdecoder	gene	66231204	66239759	.	-	.	ID=Atsept22464^scaffold_9^-;Name="ORF type:5prime_partial (+),score=13.96"scaffold_9	transdecoder	mRNA	66231204	66239759	.	-	.	ID=Atsept22464.1.p1;Parent=Atsept22464^scaffold_9^-;Name="ORF type:5prime_partial (+),score=13.96"
Warning: unexpected tab character in last column, line truncated:
scaffold_9	transdecoder	gene	67786219	67790623	.	+	.	ID=Atsept22467^scaffold_9^+;Name="ORF type:complete (+),score=24.46"scaffold_9	transdecoder	mRNA	67786219	67790623	.	+	.	ID=Atsept22467.1.p1;Parent=Atsept22467^scaffold_9^+;Name="ORF type:complete (+),score=24.46"
Warning: unexpected tab character in last column, line truncated:
scaffold_9	transdecoder	gene	68255280	68264333	.	-	.	ID=Atsept22471^scaffold_9^-;Name="ORF type:complete (+),score=12.37"scaffold_9	transdecoder	mRNA	68255280	68264333	.	-	.	ID=Atsept22471.1.p1;Parent=Atsept22471^scaffold_9^-;Name="ORF type:complete (+),score=12.37"
Warning: unexpected tab character in last column, line truncated:
scaffold_9	transdecoder	gene	69693938	69712638	.	+	.	ID=Atsept22484^scaffold_9^+;Name="ORF type:complete (+),score=15.87"scaffold_9	transdecoder	mRNA	69693938	69712638	.	+	.	ID=Atsept22484.1.p1;Parent=Atsept22484^scaffold_9^+;Name="ORF type:complete (+),score=15.87"
Warning: unexpected tab character in last column, line truncated:
scaffold_9	transdecoder	gene	70440501	70442142	.	+	.	ID=Atsept22486^scaffold_9^+;Name="ORF type:complete (+),score=51.53"scaffold_9	transdecoder	mRNA	70440501	70442142	.	+	.	ID=Atsept22486.1.p1;Parent=Atsept22486^scaffold_9^+;Name="ORF type:complete (+),score=51.53"
Warning: unexpected tab character in last column, line truncated:
scaffold_9	transdecoder	gene	70526612	70527209	.	-	.	ID=Atsept22487^scaffold_9^-;Name="ORF type:complete (+),score=12.53"scaffold_9	transdecoder	mRNA	70526612	70527209	.	-	.	ID=Atsept22487.1.p3;Parent=Atsept22487^scaffold_9^-;Name="ORF type:complete (+),score=12.53"
Warning: unexpected tab character in last column, line truncated:
scaffold_9	transdecoder	gene	70533666	70534300	.	+	.	ID=Atsept22488^scaffold_9^+;Name="ORF type:complete (+),score=2.77"scaffold_9	transdecoder	mRNA	70533666	70534300	.	+	.	ID=Atsept22488.1.p2;Parent=Atsept22488^scaffold_9^+;Name="ORF type:complete (+),score=2.77"
Warning: unexpected tab character in last column, line truncated:
scaffold_9	transdecoder	gene	71063147	71065408	.	+	.	ID=Atsept22490^scaffold_9^+;Name="ORF type:complete (+),score=23.29"scaffold_9	transdecoder	mRNA	71063147	71065408	.	+	.	ID=Atsept22490.1.p1;Parent=Atsept22490^scaffold_9^+;Name="ORF type:complete (+),score=23.29"
Warning: unexpected tab character in last column, line truncated:
scaffold_9	transdecoder	gene	72132133	72142440	.	-	.	ID=Atsept22506^scaffold_9^-;Name="ORF type:complete (+),score=16.45"scaffold_9	transdecoder	mRNA	72132133	72142440	.	-	.	ID=Atsept22506.1.p2;Parent=Atsept22506^scaffold_9^-;Name="ORF type:complete (+),score=16.45"
Warning: unexpected tab character in last column, line truncated:
scaffold_9	transdecoder	gene	72218844	72235719	.	-	.	ID=Atsept22508^scaffold_9^-;Name="ORF type:5prime_partial (+),score=55.41"scaffold_9	transdecoder	mRNA	72218844	72235719	.	-	.	ID=Atsept22508.1.p1;Parent=Atsept22508^scaffold_9^-;Name="ORF type:5prime_partial (+),score=55.41"
Warning: unexpected tab character in last column, line truncated:
scaffold_9	transdecoder	gene	72441179	72457254	.	-	.	ID=Atsept22515^scaffold_9^-;Name="ORF type:complete (+),score=306.25"scaffold_9	transdecoder	mRNA	72441179	72457254	.	-	.	ID=Atsept22515.1.p1;Parent=Atsept22515^scaffold_9^-;Name="ORF type:complete (+),score=306.25"
Warning: unexpected tab character in last column, line truncated:
scaffold_9	transdecoder	gene	73082677	73083572	.	-	.	ID=Atsept22525^scaffold_9^-;Name="ORF type:complete (+),score=49.13"scaffold_9	transdecoder	mRNA	73082677	73083572	.	-	.	ID=Atsept22525.1.p1;Parent=Atsept22525^scaffold_9^-;Name="ORF type:complete (+),score=49.13"
Warning: unexpected tab character in last column, line truncated:
scaffold_9	transdecoder	gene	75439929	75458790	.	-	.	ID=Atsept22551^scaffold_9^-;Name="ORF type:complete (+),score=14.10"scaffold_9	transdecoder	mRNA	75439929	75458790	.	-	.	ID=Atsept22551.1.p1;Parent=Atsept22551^scaffold_9^-;Name="ORF type:complete (+),score=14.10"
Warning: unexpected tab character in last column, line truncated:
scaffold_9	transdecoder	gene	75820867	75826659	.	+	.	ID=Atsept22554^scaffold_9^+;Name="ORF type:complete (+),score=7.18"scaffold_9	transdecoder	mRNA	75820867	75826659	.	+	.	ID=Atsept22554.1.p1;Parent=Atsept22554^scaffold_9^+;Name="ORF type:complete (+),score=7.18"
Warning: unexpected tab character in last column, line truncated:
scaffold_9	transdecoder	gene	3622558	3623678	.	-	.	ID=Atsept22566^scaffold_9^-;Name="ORF type:5prime_partial (+),score=28.96"scaffold_9	transdecoder	mRNA	3622558	3623678	.	-	.	ID=Atsept22566.1.p1;Parent=Atsept22566^scaffold_9^-;Name="ORF type:5prime_partial (+),score=28.96"
Warning: unexpected tab character in last column, line truncated:
scaffold_9	transdecoder	gene	77732812	77740767	.	-	.	ID=Atsept22568^scaffold_9^-;Name="ORF type:5prime_partial (+),score=27.71"scaffold_9	transdecoder	mRNA	77732812	77740767	.	-	.	ID=Atsept22568.1.p2;Parent=Atsept22568^scaffold_9^-;Name="ORF type:5prime_partial (+),score=27.71"
Warning: unexpected tab character in last column, line truncated:
scaffold_9	transdecoder	gene	78340333	78346238	.	+	.	ID=Atsept22575^scaffold_9^+;Name="ORF type:complete (+),score=5.38"scaffold_9	transdecoder	mRNA	78340333	78346238	.	+	.	ID=Atsept22575.1.p1;Parent=Atsept22575^scaffold_9^+;Name="ORF type:complete (+),score=5.38"
Warning: unexpected tab character in last column, line truncated:
scaffold_9	transdecoder	gene	78431736	78481674	.	+	.	ID=Atsept22578^scaffold_9^+;Name="ORF type:complete (+),score=35.05"scaffold_9	transdecoder	mRNA	78431736	78481674	.	+	.	ID=Atsept22578.1.p1;Parent=Atsept22578^scaffold_9^+;Name="ORF type:complete (+),score=35.05"
Warning: unexpected tab character in last column, line truncated:
scaffold_9	transdecoder	gene	78752781	78766118	.	+	.	ID=Atsept22589^scaffold_9^+;Name="ORF type:5prime_partial (+),score=70.19"scaffold_9	transdecoder	mRNA	78752781	78766118	.	+	.	ID=Atsept22589.1.p1;Parent=Atsept22589^scaffold_9^+;Name="ORF type:5prime_partial (+),score=70.19"
Warning: unexpected tab character in last column, line truncated:
scaffold_9	transdecoder	gene	79401833	79407028	.	+	.	ID=Atsept22596^scaffold_9^+;Name="ORF type:complete (+),score=12.34"scaffold_9	transdecoder	mRNA	79401833	79407028	.	+	.	ID=Atsept22596.1.p1;Parent=Atsept22596^scaffold_9^+;Name="ORF type:complete (+),score=12.34"
Warning: unexpected tab character in last column, line truncated:
scaffold_9	transdecoder	gene	81777771	81778373	.	+	.	ID=Atsept22603^scaffold_9^+;Name="ORF type:complete (+),score=8.83"scaffold_9	transdecoder	mRNA	81777771	81778373	.	+	.	ID=Atsept22603.1.p1;Parent=Atsept22603^scaffold_9^+;Name="ORF type:complete (+),score=8.83"
Warning: unexpected tab character in last column, line truncated:
scaffold_9	transdecoder	gene	83093357	83095862	.	+	.	ID=Atsept22608^scaffold_9^+;Name="ORF type:complete (+),score=11.90"scaffold_9	transdecoder	mRNA	83093357	83095862	.	+	.	ID=Atsept22608.1.p1;Parent=Atsept22608^scaffold_9^+;Name="ORF type:complete (+),score=11.90"
Warning: unexpected tab character in last column, line truncated:
scaffold_9	transdecoder	gene	83402565	83409210	.	+	.	ID=Atsept22614^scaffold_9^+;Name="ORF type:complete (+),score=23.61"scaffold_9	transdecoder	mRNA	83402565	83409210	.	+	.	ID=Atsept22614.1.p2;Parent=Atsept22614^scaffold_9^+;Name="ORF type:complete (+),score=23.61"
Warning: unexpected tab character in last column, line truncated:
scaffold_9	transdecoder	gene	85209158	85210526	.	-	.	ID=Atsept22641^scaffold_9^-;Name="ORF type:internal (+),score=25.94"scaffold_9	transdecoder	mRNA	85209158	85210526	.	-	.	ID=Atsept22641.1.p1;Parent=Atsept22641^scaffold_9^-;Name="ORF type:internal (+),score=25.94"
Warning: unexpected tab character in last column, line truncated:
scaffold_9	transdecoder	gene	85272455	85272909	.	+	.	ID=Atsept22646^scaffold_9^+;Name="ORF type:complete (+),score=11.37"scaffold_9	transdecoder	mRNA	85272455	85272909	.	+	.	ID=Atsept22646.1.p1;Parent=Atsept22646^scaffold_9^+;Name="ORF type:complete (+),score=11.37"
Warning: unexpected tab character in last column, line truncated:
scaffold_9	transdecoder	gene	85344967	85349998	.	+	.	ID=Atsept22649^scaffold_9^+;Name="ORF type:5prime_partial (+),score=33.85"scaffold_9	transdecoder	mRNA	85344967	85349998	.	+	.	ID=Atsept22649.1.p2;Parent=Atsept22649^scaffold_9^+;Name="ORF type:5prime_partial (+),score=33.85"
Warning: unexpected tab character in last column, line truncated:
scaffold_9	transdecoder	gene	85350000	85364066	.	+	.	ID=Atsept22650^scaffold_9^+;Name="ORF type:complete (+),score=6.73"scaffold_9	transdecoder	mRNA	85350000	85364066	.	+	.	ID=Atsept22650.1.p7;Parent=Atsept22650^scaffold_9^+;Name="ORF type:complete (+),score=6.73"
Warning: unexpected tab character in last column, line truncated:
scaffold_9	transdecoder	gene	85379028	85384928	.	+	.	ID=Atsept22651^scaffold_9^+;Name="ORF type:complete (+),score=23.50"scaffold_9	transdecoder	mRNA	85379028	85384928	.	+	.	ID=Atsept22651.1.p1;Parent=Atsept22651^scaffold_9^+;Name="ORF type:complete (+),score=23.50"
Warning: unexpected tab character in last column, line truncated:
scaffold_9	transdecoder	gene	85971927	86001092	.	+	.	ID=Atsept22663^scaffold_9^+;Name="ORF type:complete (+),score=44.53"scaffold_9	transdecoder	mRNA	85971927	86001092	.	+	.	ID=Atsept22663.1.p1;Parent=Atsept22663^scaffold_9^+;Name="ORF type:complete (+),score=44.53"
Warning: unexpected tab character in last column, line truncated:
scaffold_9	transdecoder	gene	4782152	4783486	.	-	.	ID=Atsept22667^scaffold_9^-;Name="ORF type:complete (+),score=4.82"scaffold_9	transdecoder	mRNA	4782152	4783486	.	-	.	ID=Atsept22667.1.p4;Parent=Atsept22667^scaffold_9^-;Name="ORF type:complete (+),score=4.82"
Warning: unexpected tab character in last column, line truncated:
scaffold_9	transdecoder	gene	86196146	86210199	.	+	.	ID=Atsept22672^scaffold_9^+;Name="ORF type:5prime_partial (+),score=12.48"scaffold_9	transdecoder	mRNA	86196146	86210199	.	+	.	ID=Atsept22672.1.p2;Parent=Atsept22672^scaffold_9^+;Name="ORF type:5prime_partial (+),score=12.48"
Warning: unexpected tab character in last column, line truncated:
scaffold_9	transdecoder	gene	86861310	86866647	.	+	.	ID=Atsept22685^scaffold_9^+;Name="ORF type:complete (+),score=47.17"scaffold_9	transdecoder	mRNA	86861310	86866647	.	+	.	ID=Atsept22685.1.p2;Parent=Atsept22685^scaffold_9^+;Name="ORF type:complete (+),score=47.17"
Warning: unexpected tab character in last column, line truncated:
scaffold_9	transdecoder	gene	86929777	86933011	.	+	.	ID=Atsept22689^scaffold_9^+;Name="ORF type:complete (+),score=20.37"scaffold_9	transdecoder	mRNA	86929777	86933011	.	+	.	ID=Atsept22689.1.p6;Parent=Atsept22689^scaffold_9^+;Name="ORF type:complete (+),score=20.37"
Warning: unexpected tab character in last column, line truncated:
scaffold_9	transdecoder	gene	87530917	87568916	.	-	.	ID=Atsept22704^scaffold_9^-;Name="ORF type:3prime_partial (+),score=6.85"scaffold_9	transdecoder	mRNA	87530917	87568916	.	-	.	ID=Atsept22704.1.p16;Parent=Atsept22704^scaffold_9^-;Name="ORF type:3prime_partial (+),score=6.85"
Warning: unexpected tab character in last column, line truncated:
scaffold_9	transdecoder	gene	88291808	88294550	.	+	.	ID=Atsept22708^scaffold_9^+;Name="ORF type:complete (+),score=19.35"scaffold_9	transdecoder	mRNA	88291808	88294550	.	+	.	ID=Atsept22708.1.p3;Parent=Atsept22708^scaffold_9^+;Name="ORF type:complete (+),score=19.35"
Warning: unexpected tab character in last column, line truncated:
scaffold_9	transdecoder	gene	88732991	88740014	.	-	.	ID=Atsept22715^scaffold_9^-;Name="ORF type:complete (+),score=17.41"scaffold_9	transdecoder	mRNA	88732991	88740014	.	-	.	ID=Atsept22715.1.p8;Parent=Atsept22715^scaffold_9^-;Name="ORF type:complete (+),score=17.41"
Warning: unexpected tab character in last column, line truncated:
scaffold_9	transdecoder	gene	88786847	88787655	.	-	.	ID=Atsept22717^scaffold_9^-;Name="ORF type:complete (+),score=20.77"scaffold_9	transdecoder	mRNA	88786847	88787655	.	-	.	ID=Atsept22717.1.p1;Parent=Atsept22717^scaffold_9^-;Name="ORF type:complete (+),score=20.77"
Warning: unexpected tab character in last column, line truncated:
scaffold_9	transdecoder	gene	88950414	88957003	.	+	.	ID=Atsept22726^scaffold_9^+;Name="ORF type:5prime_partial (+),score=23.87"scaffold_9	transdecoder	mRNA	88950414	88957003	.	+	.	ID=Atsept22726.1.p1;Parent=Atsept22726^scaffold_9^+;Name="ORF type:5prime_partial (+),score=23.87"
Warning: unexpected tab character in last column, line truncated:
scaffold_9	transdecoder	gene	88976755	88990636	.	-	.	ID=Atsept22728^scaffold_9^-;Name="ORF type:5prime_partial (+),score=9.79"scaffold_9	transdecoder	mRNA	88976755	88990636	.	-	.	ID=Atsept22728.1.p5;Parent=Atsept22728^scaffold_9^-;Name="ORF type:5prime_partial (+),score=9.79"
Warning: unexpected tab character in last column, line truncated:
scaffold_9	transdecoder	gene	89020370	89026891	.	-	.	ID=Atsept22732^scaffold_9^-;Name="ORF type:complete (+),score=122.42"scaffold_9	transdecoder	mRNA	89020370	89026891	.	-	.	ID=Atsept22732.1.p2;Parent=Atsept22732^scaffold_9^-;Name="ORF type:complete (+),score=122.42"
Warning: unexpected tab character in last column, line truncated:
scaffold_9	transdecoder	gene	89061121	89065276	.	-	.	ID=Atsept22736^scaffold_9^-;Name="ORF type:complete (+),score=2.92"scaffold_9	transdecoder	mRNA	89061121	89065276	.	-	.	ID=Atsept22736.1.p8;Parent=Atsept22736^scaffold_9^-;Name="ORF type:complete (+),score=2.92"
Warning: unexpected tab character in last column, line truncated:
scaffold_9	transdecoder	gene	89171280	89175440	.	-	.	ID=Atsept22742^scaffold_9^-;Name="ORF type:5prime_partial (+),score=46.16"scaffold_9	transdecoder	mRNA	89171280	89175440	.	-	.	ID=Atsept22742.1.p1;Parent=Atsept22742^scaffold_9^-;Name="ORF type:5prime_partial (+),score=46.16"
Warning: unexpected tab character in last column, line truncated:
scaffold_9	transdecoder	gene	89266237	89270945	.	-	.	ID=Atsept22750^scaffold_9^-;Name="ORF type:complete (+),score=17.46"scaffold_9	transdecoder	mRNA	89266237	89270945	.	-	.	ID=Atsept22750.1.p2;Parent=Atsept22750^scaffold_9^-;Name="ORF type:complete (+),score=17.46"
Warning: unexpected tab character in last column, line truncated:
scaffold_9	transdecoder	gene	89271055	89274270	.	-	.	ID=Atsept22751^scaffold_9^-;Name="ORF type:complete (+),score=23.14"scaffold_9	transdecoder	mRNA	89271055	89274270	.	-	.	ID=Atsept22751.1.p1;Parent=Atsept22751^scaffold_9^-;Name="ORF type:complete (+),score=23.14"
Warning: unexpected tab character in last column, line truncated:
scaffold_9	transdecoder	gene	7172897	7185232	.	-	.	ID=Atsept22758^scaffold_9^-;Name="ORF type:3prime_partial (+),score=69.58"scaffold_9	transdecoder	mRNA	7172897	7185232	.	-	.	ID=Atsept22758.1.p1;Parent=Atsept22758^scaffold_9^-;Name="ORF type:3prime_partial (+),score=69.58"
Warning: unexpected tab character in last column, line truncated:
scaffold_9	transdecoder	gene	9255568	9678269	.	-	.	ID=Atsept22765^scaffold_9^-;Name="ORF type:complete (+),score=22.25"scaffold_9	transdecoder	mRNA	9255568	9678269	.	-	.	ID=Atsept22765.1.p4;Parent=Atsept22765^scaffold_9^-;Name="ORF type:complete (+),score=22.25"
Warning: unexpected tab character in last column, line truncated:
scaffold_9	transdecoder	gene	9678715	9681442	.	+	.	ID=Atsept22766^scaffold_9^+;Name="ORF type:complete (+),score=86.20"scaffold_9	transdecoder	mRNA	9678715	9681442	.	+	.	ID=Atsept22766.1.p1;Parent=Atsept22766^scaffold_9^+;Name="ORF type:complete (+),score=86.20"
